sample_id,video_id,frame_index,frame_stem,building_id,latitude,longitude,frame_path,mask_path,json_path,mask_file,damage_level,target,damage_description,stories,annotation_effort,bbox_x1,bbox_y1,bbox_x2,bbox_y2,bbox_width,bbox_height,mask_area_fraction,mask_centroid_x,mask_centroid_y,capture_date,region,source_video_url
1_0373_000,1,373,1_0373,B004,26.55438,-77.0968,data/raw/FRAME/1_0373.jpg,data/raw/MASK/1_0373_B0XX_0_Level1.jpg,data/raw/JSON/1_0373.json,1_0373_B0XX_0_Level1.jpg,1,1,Minor damage,1,1,352,624,559,719,208,96,0.01874348958333333,0.355931557181313,0.9381899418522378,09 September 2019,"Marsh Harbor, Abaco, the bahamas",https://youtu.be/T0GojxvrFm8
1_0379_000,1,379,1_0379,B001,26.55511,-77.10044,data/raw/FRAME/1_0379.jpg,data/raw/MASK/1_0379_B0XX_0_Level0.jpg,data/raw/JSON/1_0379.json,1_0379_B0XX_0_Level0.jpg,0,0,No or very minor damage,1,1,512,336,599,375,88,40,0.002269965277777778,0.4352499850621415,0.4893947843637136,09 September 2019,"Marsh Harbor, Abaco, the bahamas",https://youtu.be/T0GojxvrFm8
1_0379_001,1,379,1_0379,B002,26.55516,-77.09986,data/raw/FRAME/1_0379.jpg,data/raw/MASK/1_0379_B0XX_0_Level2.jpg,data/raw/JSON/1_0379.json,1_0379_B0XX_0_Level2.jpg,2,2,Moderate damage,1,1,576,344,687,375,112,32,0.0029698350694444446,0.49195144090244797,0.5011711931149272,09 September 2019,"Marsh Harbor, Abaco, the bahamas",https://youtu.be/T0GojxvrFm8
1_0379_002,1,379,1_0379,B003,26.55452,-77.09913,data/raw/FRAME/1_0379.jpg,data/raw/MASK/1_0379_B0XX_0_Level3.jpg,data/raw/JSON/1_0379.json,1_0379_B0XX_0_Level3.jpg,3,3,Severe damage,1,1,296,368,439,407,144,40,0.003675130208333333,0.287786942722173,0.5384210051504117,09 September 2019,"Marsh Harbor, Abaco, the bahamas",https://youtu.be/T0GojxvrFm8
1_0405_000,1,405,1_0405,B001,26.55511,-77.10044,data/raw/FRAME/1_0405.jpg,data/raw/MASK/1_0405_B0XX_0_Level0.jpg,data/raw/JSON/1_0405.json,1_0405_B0XX_0_Level0.jpg,0,0,No or very minor damage,1,1,440,344,567,391,128,48,0.003828125,0.3891539558531746,0.5090947026958932,09 September 2019,"Marsh Harbor, Abaco, the bahamas",https://youtu.be/T0GojxvrFm8
1_0405_001,1,405,1_0405,B002,26.55516,-77.09986,data/raw/FRAME/1_0405.jpg,data/raw/MASK/1_0405_B0XX_0_Level2.jpg,data/raw/JSON/1_0405.json,1_0405_B0XX_0_Level2.jpg,2,2,Moderate damage,1,1,504,360,655,407,152,48,0.006092664930555556,0.4530902159394479,0.5359631938260612,09 September 2019,"Marsh Harbor, Abaco, the bahamas",https://youtu.be/T0GojxvrFm8
1_0405_002,1,405,1_0405,B003,26.55452,-77.09913,data/raw/FRAME/1_0405.jpg,data/raw/MASK/1_0405_B0XX_0_Level3.jpg,data/raw/JSON/1_0405.json,1_0405_B0XX_0_Level3.jpg,3,3,Severe damage,1,1,56,408,255,455,200,48,0.008094618055555556,0.11993412784852546,0.6010245382782246,09 September 2019,"Marsh Harbor, Abaco, the bahamas",https://youtu.be/T0GojxvrFm8
1_0405_003,1,405,1_0405,B007,26.55558,-77.09952,data/raw/FRAME/1_0405.jpg,data/raw/MASK/1_0405_B0XX_1_Level0.jpg,data/raw/JSON/1_0405.json,1_0405_B0XX_1_Level0.jpg,0,0,No or very minor damage,2,1,848,368,927,423,80,56,0.0034375,0.6922634548611111,0.5480858936588103,09 September 2019,"Marsh Harbor, Abaco, the bahamas",https://youtu.be/T0GojxvrFm8
1_0405_004,1,405,1_0405,B005,26.55488,-77.09872,data/raw/FRAME/1_0405.jpg,data/raw/MASK/1_0405_B0XX_2_Level0.jpg,data/raw/JSON/1_0405.json,1_0405_B0XX_2_Level0.jpg,0,0,No or very minor damage,1,1,440,432,559,487,120,56,0.004835069444444445,0.39043617453994617,0.6380853530819869,09 September 2019,"Marsh Harbor, Abaco, the bahamas",https://youtu.be/T0GojxvrFm8
1_0405_005,1,405,1_0405,B006,26.55441,-77.09877,data/raw/FRAME/1_0405.jpg,data/raw/MASK/1_0405_B0XX_3_Level0.jpg,data/raw/JSON/1_0405.json,1_0405_B0XX_3_Level0.jpg,0,0,No or very minor damage,1,1,216,440,343,511,128,72,0.006438802083333334,0.21668325539265249,0.6612279051042954,09 September 2019,"Marsh Harbor, Abaco, the bahamas",https://youtu.be/T0GojxvrFm8
1_0408_000,1,408,1_0408,B001,26.55511,-77.10044,data/raw/FRAME/1_0408.jpg,data/raw/MASK/1_0408_B0XX_0_Level0.jpg,data/raw/JSON/1_0408.json,1_0408_B0XX_0_Level0.jpg,0,0,No or very minor damage,1,2,432,344,551,391,120,48,0.0038682725694444446,0.3825422948807854,0.5110869565217391,09 September 2019,"Marsh Harbor, Abaco, the bahamas",https://youtu.be/T0GojxvrFm8
1_0408_001,1,408,1_0408,B005,26.55488,-77.09872,data/raw/FRAME/1_0408.jpg,data/raw/MASK/1_0408_B0XX_0_Level1.jpg,data/raw/JSON/1_0408.json,1_0408_B0XX_0_Level1.jpg,1,1,Minor damage,1,2,408,440,543,503,136,64,0.006380208333333333,0.3742079878826531,0.6603068310657596,09 September 2019,"Marsh Harbor, Abaco, the bahamas",https://youtu.be/T0GojxvrFm8
1_0408_002,1,408,1_0408,B002,26.55516,-77.09986,data/raw/FRAME/1_0408.jpg,data/raw/MASK/1_0408_B0XX_0_Level2.jpg,data/raw/JSON/1_0408.json,1_0408_B0XX_0_Level2.jpg,2,2,Moderate damage,1,2,496,360,647,415,152,56,0.005891927083333333,0.4474384208103131,0.5403708819316554,09 September 2019,"Marsh Harbor, Abaco, the bahamas",https://youtu.be/T0GojxvrFm8
1_0408_003,1,408,1_0408,B003,26.55452,-77.09913,data/raw/FRAME/1_0408.jpg,data/raw/MASK/1_0408_B0XX_0_Level3.jpg,data/raw/JSON/1_0408.json,1_0408_B0XX_0_Level3.jpg,3,3,Severe damage,1,2,32,416,223,471,192,56,0.008355034722222222,0.09698772321428571,0.6134157647907648,09 September 2019,"Marsh Harbor, Abaco, the bahamas",https://youtu.be/T0GojxvrFm8
1_0408_004,1,408,1_0408,B006,26.55441,-77.09877,data/raw/FRAME/1_0408.jpg,data/raw/MASK/1_0408_B0XX_1_Level0.jpg,data/raw/JSON/1_0408.json,1_0408_B0XX_1_Level0.jpg,0,0,No or very minor damage,1,2,176,456,303,535,128,80,0.007258029513888889,0.1821293588354014,0.6862010182555107,09 September 2019,"Marsh Harbor, Abaco, the bahamas",https://youtu.be/T0GojxvrFm8
1_0408_005,1,408,1_0408,B007,26.55558,-77.09952,data/raw/FRAME/1_0408.jpg,data/raw/MASK/1_0408_B0XX_1_Level2.jpg,data/raw/JSON/1_0408.json,1_0408_B0XX_1_Level2.jpg,2,2,Moderate damage,2,2,848,368,935,431,88,64,0.004314236111111111,0.6984308192907445,0.557264419852448,09 September 2019,"Marsh Harbor, Abaco, the bahamas",https://youtu.be/T0GojxvrFm8
1_0411_000,1,411,1_0411,B001,26.55511,-77.10044,data/raw/FRAME/1_0411.jpg,data/raw/MASK/1_0411_B0XX_0_Level1.jpg,data/raw/JSON/1_0411.json,1_0411_B0XX_0_Level1.jpg,1,1,Minor damage,1,1,424,352,551,391,128,40,0.004008246527777778,0.3756260151597185,0.51486231426337,09 September 2019,"Marsh Harbor, Abaco, the bahamas",https://youtu.be/T0GojxvrFm8
1_0411_001,1,411,1_0411,B002,26.55516,-77.09986,data/raw/FRAME/1_0411.jpg,data/raw/MASK/1_0411_B0XX_0_Level3.jpg,data/raw/JSON/1_0411.json,1_0411_B0XX_0_Level3.jpg,3,3,Severe damage,1,1,480,368,639,415,160,48,0.006722005208333334,0.4382077280064568,0.5456476997578693,09 September 2019,"Marsh Harbor, Abaco, the bahamas",https://youtu.be/T0GojxvrFm8
1_0411_002,1,411,1_0411,B003,26.55452,-77.09913,data/raw/FRAME/1_0411.jpg,data/raw/MASK/1_0411_B0XX_2_Level1.jpg,data/raw/JSON/1_0411.json,1_0411_B0XX_2_Level1.jpg,1,1,Minor damage,1,1,0,424,183,479,184,56,0.009172092013888888,0.06884926209629717,0.629089113661159,09 September 2019,"Marsh Harbor, Abaco, the bahamas",https://youtu.be/T0GojxvrFm8
1_0411_003,1,411,1_0411,B005,26.55488,-77.09872,data/raw/FRAME/1_0411.jpg,data/raw/MASK/1_0411_B0XX_3_Level1.jpg,data/raw/JSON/1_0411.json,1_0411_B0XX_3_Level1.jpg,1,1,Minor damage,1,1,376,456,527,519,152,64,0.007489149305555555,0.3560468206679223,0.6797325251939856,09 September 2019,"Marsh Harbor, Abaco, the bahamas",https://youtu.be/T0GojxvrFm8
1_0411_004,1,411,1_0411,B006,26.55441,-77.09877,data/raw/FRAME/1_0411.jpg,data/raw/MASK/1_0411_B0XX_4_Level1.jpg,data/raw/JSON/1_0411.json,1_0411_B0XX_4_Level1.jpg,1,1,Minor damage,1,1,112,472,263,551,152,80,0.007887369791666666,0.13834122214197275,0.7099750080249461,09 September 2019,"Marsh Harbor, Abaco, the bahamas",https://youtu.be/T0GojxvrFm8
1_0414_000,1,414,1_0414,B001,26.55511,-77.10044,data/raw/FRAME/1_0414.jpg,data/raw/MASK/1_0414_B0XX_0_Level0.jpg,data/raw/JSON/1_0414.json,1_0414_B0XX_0_Level0.jpg,0,0,No or very minor damage,1,1,408,344,535,383,128,40,0.004434678819444445,0.36583909346709076,0.5037411983796862,09 September 2019,"Marsh Harbor, Abaco, the bahamas",https://youtu.be/T0GojxvrFm8
1_0414_001,1,414,1_0414,B003,26.55452,-77.09913,data/raw/FRAME/1_0414.jpg,data/raw/MASK/1_0414_B0XX_0_Level1.jpg,data/raw/JSON/1_0414.json,1_0414_B0XX_0_Level1.jpg,1,1,Minor damage,1,1,0,424,135,487,136,64,0.00681640625,0.050237658190066856,0.6332871254731332,09 September 2019,"Marsh Harbor, Abaco, the bahamas",https://youtu.be/T0GojxvrFm8
1_0414_002,1,414,1_0414,B002,26.55516,-77.09986,data/raw/FRAME/1_0414.jpg,data/raw/MASK/1_0414_B0XX_0_Level3.jpg,data/raw/JSON/1_0414.json,1_0414_B0XX_0_Level3.jpg,3,3,Severe damage,1,1,464,360,639,407,176,48,0.007137586805555556,0.43295870230313166,0.5350095858248032,09 September 2019,"Marsh Harbor, Abaco, the bahamas",https://youtu.be/T0GojxvrFm8
1_0414_003,1,414,1_0414,B005,26.55488,-77.09872,data/raw/FRAME/1_0414.jpg,data/raw/MASK/1_0414_B0XX_1_Level1.jpg,data/raw/JSON/1_0414.json,1_0414_B0XX_1_Level1.jpg,1,1,Minor damage,1,1,344,456,503,527,160,72,0.008175998263888888,0.3361695421366954,0.6892011354420113,09 September 2019,"Marsh Harbor, Abaco, the bahamas",https://youtu.be/T0GojxvrFm8
1_0437_000,1,437,1_0437,B001,26.55511,-77.10044,data/raw/FRAME/1_0437.jpg,data/raw/MASK/1_0437_B0XX_0_Level0.jpg,data/raw/JSON/1_0437.json,1_0437_B0XX_0_Level0.jpg,0,0,No or very minor damage,1,1,256,192,447,255,192,64,0.009812282986111111,0.2736608253621586,0.31241829161905466,09 September 2019,"Marsh Harbor, Abaco, the bahamas",https://youtu.be/T0GojxvrFm8
1_0437_001,1,437,1_0437,B008,26.55467,-77.10075,data/raw/FRAME/1_0437.jpg,data/raw/MASK/1_0437_B0XX_0_Level1.jpg,data/raw/JSON/1_0437.json,1_0437_B0XX_0_Level1.jpg,1,1,Minor damage,1,1,0,168,103,223,104,56,0.0047428385416666665,0.038509136925188744,0.27009646915274915,09 September 2019,"Marsh Harbor, Abaco, the bahamas",https://youtu.be/T0GojxvrFm8
1_0437_002,1,437,1_0437,B002,26.55516,-77.09986,data/raw/FRAME/1_0437.jpg,data/raw/MASK/1_0437_B0XX_0_Level2.jpg,data/raw/JSON/1_0437.json,1_0437_B0XX_0_Level2.jpg,2,2,Moderate damage,1,1,288,248,559,327,272,80,0.018130425347222222,0.336385284502364,0.3986850067495229,09 September 2019,"Marsh Harbor, Abaco, the bahamas",https://youtu.be/T0GojxvrFm8
1_0437_003,1,437,1_0437,B007,26.55558,-77.09952,data/raw/FRAME/1_0437.jpg,data/raw/MASK/1_0437_B0XX_0_Level3.jpg,data/raw/JSON/1_0437.json,1_0437_B0XX_0_Level3.jpg,3,3,Severe damage,2,1,936,272,1087,391,152,120,0.015455729166666666,0.790565874227745,0.46733068894505286,09 September 2019,"Marsh Harbor, Abaco, the bahamas",https://youtu.be/T0GojxvrFm8
1_0440_000,1,440,1_0440,B001,26.55511,-77.10044,data/raw/FRAME/1_0440.jpg,data/raw/MASK/1_0440_B0XX_0_Level0.jpg,data/raw/JSON/1_0440.json,1_0440_B0XX_0_Level0.jpg,0,0,No or very minor damage,1,1,224,208,431,279,208,72,0.011266276041666667,0.25529147705383803,0.340864741511231,09 September 2019,"Marsh Harbor, Abaco, the bahamas",https://youtu.be/T0GojxvrFm8
1_0440_001,1,440,1_0440,B002,26.55516,-77.09986,data/raw/FRAME/1_0440.jpg,data/raw/MASK/1_0440_B0XX_0_Level2.jpg,data/raw/JSON/1_0440.json,1_0440_B0XX_0_Level2.jpg,2,2,Moderate damage,1,1,248,272,543,367,296,96,0.022329644097222223,0.312489256341416,0.44250314506157845,09 September 2019,"Marsh Harbor, Abaco, the bahamas",https://youtu.be/T0GojxvrFm8
1_0440_002,1,440,1_0440,B007,26.55558,-77.09952,data/raw/FRAME/1_0440.jpg,data/raw/MASK/1_0440_B0XX_0_Level3.jpg,data/raw/JSON/1_0440.json,1_0440_B0XX_0_Level3.jpg,3,3,Severe damage,2,1,952,304,1119,447,168,144,0.020884331597222222,0.804796161414766,0.52718028206416,09 September 2019,"Marsh Harbor, Abaco, the bahamas",https://youtu.be/T0GojxvrFm8
1_0443_000,1,443,1_0443,B001,26.55511,-77.10044,data/raw/FRAME/1_0443.jpg,data/raw/MASK/1_0443_B0XX_0_Level0.jpg,data/raw/JSON/1_0443.json,1_0443_B0XX_0_Level0.jpg,0,0,No or very minor damage,1,1,192,224,407,295,216,72,0.011729600694444444,0.23024463748843665,0.35443326652276697,09 September 2019,"Marsh Harbor, Abaco, the bahamas",https://youtu.be/T0GojxvrFm8
1_0443_001,1,443,1_0443,B002,26.55516,-77.09986,data/raw/FRAME/1_0443.jpg,data/raw/MASK/1_0443_B0XX_0_Level2.jpg,data/raw/JSON/1_0443.json,1_0443_B0XX_0_Level2.jpg,2,2,Moderate damage,1,1,208,288,511,399,304,112,0.024962022569444443,0.286944753857857,0.4768688570117607,09 September 2019,"Marsh Harbor, Abaco, the bahamas",https://youtu.be/T0GojxvrFm8
1_0443_002,1,443,1_0443,B007,26.55558,-77.09952,data/raw/FRAME/1_0443.jpg,data/raw/MASK/1_0443_B0XX_1_Level4.jpg,data/raw/JSON/1_0443.json,1_0443_B0XX_1_Level4.jpg,4,4,Destruction,2,1,960,328,1159,495,200,168,0.02669921875,0.8276574755649028,0.5759794359099407,09 September 2019,"Marsh Harbor, Abaco, the bahamas",https://youtu.be/T0GojxvrFm8
1_0446_000,1,446,1_0446,B001,26.55511,-77.10044,data/raw/FRAME/1_0446.jpg,data/raw/MASK/1_0446_B0XX_0_Level0.jpg,data/raw/JSON/1_0446.json,1_0446_B0XX_0_Level0.jpg,0,0,No or very minor damage,1,1,144,232,375,311,232,80,0.014231770833333334,0.19916835830283625,0.373973475992003,09 September 2019,"Marsh Harbor, Abaco, the bahamas",https://youtu.be/T0GojxvrFm8
1_0446_001,1,446,1_0446,B002,26.55516,-77.09986,data/raw/FRAME/1_0446.jpg,data/raw/MASK/1_0446_B0XX_0_Level2.jpg,data/raw/JSON/1_0446.json,1_0446_B0XX_0_Level2.jpg,2,2,Moderate damage,1,1,136,312,487,431,352,120,0.03204318576388889,0.2473657713504453,0.5151106746582688,09 September 2019,"Marsh Harbor, Abaco, the bahamas",https://youtu.be/T0GojxvrFm8
1_0446_002,1,446,1_0446,B007,26.55558,-77.09952,data/raw/FRAME/1_0446.jpg,data/raw/MASK/1_0446_B0XX_0_Level4.jpg,data/raw/JSON/1_0446.json,1_0446_B0XX_0_Level4.jpg,4,4,Destruction,2,1,992,360,1207,559,216,200,0.03401584201388889,0.8560263584962838,0.6457635100889272,09 September 2019,"Marsh Harbor, Abaco, the bahamas",https://youtu.be/T0GojxvrFm8
1_0469_000,1,469,1_0469,B009,26.55636,-77.10179,data/raw/FRAME/1_0469.jpg,data/raw/MASK/1_0469_B0XX_0_Level2.jpg,data/raw/JSON/1_0469.json,1_0469_B0XX_0_Level2.jpg,2,2,Moderate damage,2,1,528,176,735,239,208,64,0.012156032986111112,0.4940162512273498,0.2906100300514743,09 September 2019,"Marsh Harbor, Abaco, the bahamas",https://youtu.be/T0GojxvrFm8
1_0469_001,1,469,1_0469,B010,26.55551,-77.10163,data/raw/FRAME/1_0469.jpg,data/raw/MASK/1_0469_B0XX_0_Level3.jpg,data/raw/JSON/1_0469.json,1_0469_B0XX_0_Level3.jpg,3,3,Severe damage,1,1,0,208,159,279,160,72,0.008104383680555556,0.051986962779488555,0.32926596599277014,09 September 2019,"Marsh Harbor, Abaco, the bahamas",https://youtu.be/T0GojxvrFm8
1_0472_000,1,472,1_0472,B009,26.55636,-77.10179,data/raw/FRAME/1_0472.jpg,data/raw/MASK/1_0472_B0XX_0_Level2.jpg,data/raw/JSON/1_0472.json,1_0472_B0XX_0_Level2.jpg,2,2,Moderate damage,2,1,496,176,719,255,224,80,0.015018446180555556,0.4780335597138935,0.2980396406810683,09 September 2019,"Marsh Harbor, Abaco, the bahamas",https://youtu.be/T0GojxvrFm8
1_0475_000,1,475,1_0475,B009,26.55636,-77.10179,data/raw/FRAME/1_0475.jpg,data/raw/MASK/1_0475_B0XX_0_Level2.jpg,data/raw/JSON/1_0475.json,1_0475_B0XX_0_Level2.jpg,2,2,Moderate damage,2,1,488,184,719,263,232,80,0.015043402777777777,0.4660720886829198,0.30861764281592613,09 September 2019,"Marsh Harbor, Abaco, the bahamas",https://youtu.be/T0GojxvrFm8
1_0478_000,1,478,1_0478,B009,26.55636,-77.10179,data/raw/FRAME/1_0478.jpg,data/raw/MASK/1_0478_B0XX_0_Level2.jpg,data/raw/JSON/1_0478.json,1_0478_B0XX_0_Level2.jpg,2,2,Moderate damage,2,1,464,192,711,271,248,80,0.016776258680555555,0.45958237662505663,0.3188085253936428,09 September 2019,"Marsh Harbor, Abaco, the bahamas",https://youtu.be/T0GojxvrFm8
1_0501_000,1,501,1_0501,B011,26.55621,-77.10224,data/raw/FRAME/1_0501.jpg,data/raw/MASK/1_0501_B0XX_0_Level1.jpg,data/raw/JSON/1_0501.json,1_0501_B0XX_0_Level1.jpg,1,1,Minor damage,1,1,176,216,319,279,144,64,0.005830078125,0.19444517145914758,0.34593543850941955,09 September 2019,"Marsh Harbor, Abaco, the bahamas",https://youtu.be/T0GojxvrFm8
1_0501_001,1,501,1_0501,B012,26.55637,-77.10258,data/raw/FRAME/1_0501.jpg,data/raw/MASK/1_0501_B0XX_0_Level3.jpg,data/raw/JSON/1_0501.json,1_0501_B0XX_0_Level3.jpg,3,3,Severe damage,1,1,280,192,431,239,152,48,0.006324869791666667,0.2770094838308458,0.3016655229599131,09 September 2019,"Marsh Harbor, Abaco, the bahamas",https://youtu.be/T0GojxvrFm8
1_0501_002,1,501,1_0501,B013,26.55673,-77.10222,data/raw/FRAME/1_0501.jpg,data/raw/MASK/1_0501_B0XX_0_Level4.jpg,data/raw/JSON/1_0501.json,1_0501_B0XX_0_Level4.jpg,4,4,Destruction,1,1,560,200,759,263,200,64,0.00960720486111111,0.5164906927659815,0.3226463870692468,09 September 2019,"Marsh Harbor, Abaco, the bahamas",https://youtu.be/T0GojxvrFm8
1_0501_003,1,501,1_0501,B009,26.55636,-77.10179,data/raw/FRAME/1_0501.jpg,data/raw/MASK/1_0501_B0XX_1_Level1.jpg,data/raw/JSON/1_0501.json,1_0501_B0XX_1_Level1.jpg,1,1,Minor damage,2,2,328,240,679,351,352,112,0.03399848090277778,0.39257574382440236,0.407959082898045,09 September 2019,"Marsh Harbor, Abaco, the bahamas",https://youtu.be/T0GojxvrFm8
1_0501_004,1,501,1_0501,B014,26.55662,-77.10244,data/raw/FRAME/1_0501.jpg,data/raw/MASK/1_0501_B0XX_1_Level3.jpg,data/raw/JSON/1_0501.json,1_0501_B0XX_1_Level3.jpg,3,3,Severe damage,1,2,472,200,559,247,88,48,0.003127170138888889,0.4064018043025676,0.3078793661808929,09 September 2019,"Marsh Harbor, Abaco, the bahamas",https://youtu.be/T0GojxvrFm8
1_0504_000,1,504,1_0504,B011,26.55621,-77.10224,data/raw/FRAME/1_0504.jpg,data/raw/MASK/1_0504_B0XX_0_Level0.jpg,data/raw/JSON/1_0504.json,1_0504_B0XX_0_Level0.jpg,0,0,No or very minor damage,1,2,152,224,295,279,144,56,0.006655815972222222,0.17557632152755137,0.3518227185450857,09 September 2019,"Marsh Harbor, Abaco, the bahamas",https://youtu.be/T0GojxvrFm8
1_0504_001,1,504,1_0504,B009,26.55636,-77.10179,data/raw/FRAME/1_0504.jpg,data/raw/MASK/1_0504_B0XX_0_Level2.jpg,data/raw/JSON/1_0504.json,1_0504_B0XX_0_Level2.jpg,2,2,Moderate damage,2,2,304,248,663,359,360,112,0.03528971354166666,0.38076286877748056,0.4210158110328759,09 September 2019,"Marsh Harbor, Abaco, the bahamas",https://youtu.be/T0GojxvrFm8
1_0504_002,1,504,1_0504,B013,26.55673,-77.10222,data/raw/FRAME/1_0504.jpg,data/raw/MASK/1_0504_B0XX_0_Level3.jpg,data/raw/JSON/1_0504.json,1_0504_B0XX_0_Level3.jpg,3,3,Severe damage,1,2,552,208,711,271,160,64,0.007707248263888889,0.49513431824581167,0.3326786803697968,09 September 2019,"Marsh Harbor, Abaco, the bahamas",https://youtu.be/T0GojxvrFm8
1_0507_000,1,507,1_0507,B011,26.55621,-77.10224,data/raw/FRAME/1_0507.jpg,data/raw/MASK/1_0507_B0XX_0_Level0.jpg,data/raw/JSON/1_0507.json,1_0507_B0XX_0_Level0.jpg,0,0,No or very minor damage,1,2,136,224,271,295,136,72,0.007345920138888889,0.15816100443131462,0.3641016330215001,09 September 2019,"Marsh Harbor, Abaco, the bahamas",https://youtu.be/T0GojxvrFm8
1_0507_001,1,507,1_0507,B009,26.55636,-77.10179,data/raw/FRAME/1_0507.jpg,data/raw/MASK/1_0507_B0XX_0_Level2.jpg,data/raw/JSON/1_0507.json,1_0507_B0XX_0_Level2.jpg,2,2,Moderate damage,2,2,288,248,671,375,384,128,0.042082248263888886,0.37013462728515073,0.43427622211335437,09 September 2019,"Marsh Harbor, Abaco, the bahamas",https://youtu.be/T0GojxvrFm8
1_0507_002,1,507,1_0507,B013,26.55673,-77.10222,data/raw/FRAME/1_0507.jpg,data/raw/MASK/1_0507_B0XX_0_Level4.jpg,data/raw/JSON/1_0507.json,1_0507_B0XX_0_Level4.jpg,4,4,Destruction,1,2,536,216,703,279,168,64,0.008822699652777778,0.485309982628213,0.34005964825974666,09 September 2019,"Marsh Harbor, Abaco, the bahamas",https://youtu.be/T0GojxvrFm8
1_0510_000,1,510,1_0510,B011,26.55621,-77.10224,data/raw/FRAME/1_0510.jpg,data/raw/MASK/1_0510_B0XX_0_Level1.jpg,data/raw/JSON/1_0510.json,1_0510_B0XX_0_Level1.jpg,1,1,Minor damage,1,1,112,232,263,303,152,72,0.008306206597222223,0.14625051028739386,0.37467777052035706,09 September 2019,"Marsh Harbor, Abaco, the bahamas",https://youtu.be/T0GojxvrFm8
1_0510_001,1,510,1_0510,B009,26.55636,-77.10179,data/raw/FRAME/1_0510.jpg,data/raw/MASK/1_0510_B0XX_0_Level2.jpg,data/raw/JSON/1_0510.json,1_0510_B0XX_0_Level2.jpg,2,2,Moderate damage,2,1,256,256,663,399,408,144,0.04625108506944445,0.36316009897360707,0.45020130335614206,09 September 2019,"Marsh Harbor, Abaco, the bahamas",https://youtu.be/T0GojxvrFm8
1_0510_002,1,510,1_0510,B012,26.55637,-77.10258,data/raw/FRAME/1_0510.jpg,data/raw/MASK/1_0510_B0XX_0_Level3.jpg,data/raw/JSON/1_0510.json,1_0510_B0XX_0_Level3.jpg,3,3,Severe damage,1,1,224,200,391,255,168,56,0.007435980902777778,0.24287219101123597,0.31754584366943917,09 September 2019,"Marsh Harbor, Abaco, the bahamas",https://youtu.be/T0GojxvrFm8
1_0510_003,1,510,1_0510,B013,26.55673,-77.10222,data/raw/FRAME/1_0510.jpg,data/raw/MASK/1_0510_B0XX_0_Level4.jpg,data/raw/JSON/1_0510.json,1_0510_B0XX_0_Level4.jpg,4,4,Destruction,1,1,528,216,711,287,184,72,0.01026150173611111,0.48297648236755847,0.34806918449590546,09 September 2019,"Marsh Harbor, Abaco, the bahamas",https://youtu.be/T0GojxvrFm8
1_0533_000,1,533,1_0533,B009,26.55636,-77.10179,data/raw/FRAME/1_0533.jpg,data/raw/MASK/1_0533_B0XX_0_Level1.jpg,data/raw/JSON/1_0533.json,1_0533_B0XX_0_Level1.jpg,1,1,Minor damage,2,2,24,344,615,559,592,216,0.100009765625,0.25506722026928796,0.6242954367641085,09 September 2019,"Marsh Harbor, Abaco, the bahamas",https://youtu.be/T0GojxvrFm8
1_0533_001,1,533,1_0533,B012,26.55637,-77.10258,data/raw/FRAME/1_0533.jpg,data/raw/MASK/1_0533_B0XX_0_Level3.jpg,data/raw/JSON/1_0533.json,1_0533_B0XX_0_Level3.jpg,3,3,Severe damage,1,2,96,232,311,295,216,64,0.010987413194444445,0.1597086861791428,0.37006399916606314,09 September 2019,"Marsh Harbor, Abaco, the bahamas",https://youtu.be/T0GojxvrFm8
1_0533_002,1,533,1_0533,B013,26.55673,-77.10222,data/raw/FRAME/1_0533.jpg,data/raw/MASK/1_0533_B0XX_0_Level4.jpg,data/raw/JSON/1_0533.json,1_0533_B0XX_0_Level4.jpg,4,4,Destruction,1,2,464,248,743,343,280,96,0.021978081597222223,0.4735559506911874,0.40945061576016895,09 September 2019,"Marsh Harbor, Abaco, the bahamas",https://youtu.be/T0GojxvrFm8
1_0533_003,1,533,1_0533,B014,26.55662,-77.10244,data/raw/FRAME/1_0533.jpg,data/raw/MASK/1_0533_B0XX_1_Level3.jpg,data/raw/JSON/1_0533.json,1_0533_B0XX_1_Level3.jpg,3,3,Severe damage,1,2,368,240,487,311,120,72,0.005776909722222222,0.33655557381667917,0.3854751022622923,09 September 2019,"Marsh Harbor, Abaco, the bahamas",https://youtu.be/T0GojxvrFm8
1_0536_000,1,536,1_0536,B014,26.55662,-77.10244,data/raw/FRAME/1_0536.jpg,data/raw/MASK/1_0536_B0XX_0_Level2.jpg,data/raw/JSON/1_0536.json,1_0536_B0XX_0_Level2.jpg,2,2,Moderate damage,1,2,352,248,471,311,120,64,0.00578125,0.32311051285660664,0.39358029904904906,09 September 2019,"Marsh Harbor, Abaco, the bahamas",https://youtu.be/T0GojxvrFm8
1_0536_001,1,536,1_0536,B012,26.55637,-77.10258,data/raw/FRAME/1_0536.jpg,data/raw/MASK/1_0536_B0XX_0_Level3.jpg,data/raw/JSON/1_0536.json,1_0536_B0XX_0_Level3.jpg,3,3,Severe damage,1,2,72,240,287,311,216,72,0.012047526041666666,0.14159130696658562,0.38085052088024257,09 September 2019,"Marsh Harbor, Abaco, the bahamas",https://youtu.be/T0GojxvrFm8
1_0536_002,1,536,1_0536,B013,26.55673,-77.10222,data/raw/FRAME/1_0536.jpg,data/raw/MASK/1_0536_B0XX_0_Level4.jpg,data/raw/JSON/1_0536.json,1_0536_B0XX_0_Level4.jpg,4,4,Destruction,1,2,448,264,679,359,232,96,0.017587890625,0.44301130930347343,0.4337773596287385,09 September 2019,"Marsh Harbor, Abaco, the bahamas",https://youtu.be/T0GojxvrFm8
1_0536_003,1,536,1_0536,B009,26.55636,-77.10179,data/raw/FRAME/1_0536.jpg,data/raw/MASK/1_0536_B0XX_1_Level2.jpg,data/raw/JSON/1_0536.json,1_0536_B0XX_1_Level2.jpg,2,2,Moderate damage,2,2,0,368,607,591,608,224,0.10825737847222222,0.23332113078831312,0.6577918100520085,09 September 2019,"Marsh Harbor, Abaco, the bahamas",https://youtu.be/T0GojxvrFm8
1_0539_000,1,539,1_0539,B014,26.55662,-77.10244,data/raw/FRAME/1_0539.jpg,data/raw/MASK/1_0539_B0XX_0_Level2.jpg,data/raw/JSON/1_0539.json,1_0539_B0XX_0_Level2.jpg,2,2,Moderate damage,1,2,344,256,471,319,128,64,0.006287977430555556,0.3183630823986195,0.40423473300738183,09 September 2019,"Marsh Harbor, Abaco, the bahamas",https://youtu.be/T0GojxvrFm8
1_0539_001,1,539,1_0539,B012,26.55637,-77.10258,data/raw/FRAME/1_0539.jpg,data/raw/MASK/1_0539_B0XX_0_Level4.jpg,data/raw/JSON/1_0539.json,1_0539_B0XX_0_Level4.jpg,4,4,Destruction,1,2,56,240,279,311,224,72,0.012938368055555555,0.12822956851727607,0.3871532436915278,09 September 2019,"Marsh Harbor, Abaco, the bahamas",https://youtu.be/T0GojxvrFm8
1_0539_002,1,539,1_0539,B009,26.55636,-77.10179,data/raw/FRAME/1_0539.jpg,data/raw/MASK/1_0539_B0XX_1_Level2.jpg,data/raw/JSON/1_0539.json,1_0539_B0XX_1_Level2.jpg,2,2,Moderate damage,2,2,0,384,583,631,584,248,0.11517361111111112,0.22345166118668977,0.6971693066860952,09 September 2019,"Marsh Harbor, Abaco, the bahamas",https://youtu.be/T0GojxvrFm8
1_0539_003,1,539,1_0539,B013,26.55673,-77.10222,data/raw/FRAME/1_0539.jpg,data/raw/MASK/1_0539_B0XX_1_Level4.jpg,data/raw/JSON/1_0539.json,1_0539_B0XX_1_Level4.jpg,4,4,Destruction,1,2,448,256,759,367,312,112,0.027749565972222223,0.46965051175021505,0.4321185036017483,09 September 2019,"Marsh Harbor, Abaco, the bahamas",https://youtu.be/T0GojxvrFm8
1_0542_000,1,542,1_0542,B014,26.55662,-77.10244,data/raw/FRAME/1_0542.jpg,data/raw/MASK/1_0542_B0XX_0_Level2.jpg,data/raw/JSON/1_0542.json,1_0542_B0XX_0_Level2.jpg,2,2,Moderate damage,1,2,328,264,455,335,128,72,0.007442491319444445,0.3078869915439569,0.41577570426528,09 September 2019,"Marsh Harbor, Abaco, the bahamas",https://youtu.be/T0GojxvrFm8
1_0542_001,1,542,1_0542,B012,26.55637,-77.10258,data/raw/FRAME/1_0542.jpg,data/raw/MASK/1_0542_B0XX_0_Level3.jpg,data/raw/JSON/1_0542.json,1_0542_B0XX_0_Level3.jpg,3,3,Severe damage,1,2,32,256,263,327,232,72,0.014080946180555555,0.11653406026046083,0.4035495492024351,09 September 2019,"Marsh Harbor, Abaco, the bahamas",https://youtu.be/T0GojxvrFm8
1_0542_002,1,542,1_0542,B013,26.55673,-77.10222,data/raw/FRAME/1_0542.jpg,data/raw/MASK/1_0542_B0XX_0_Level5.jpg,data/raw/JSON/1_0542.json,1_0542_B0XX_0_Level5.jpg,5,5,Destroyed or under construction,1,2,424,288,687,383,264,96,0.018971354166666666,0.4377508096688401,0.4703961876255116,09 September 2019,"Marsh Harbor, Abaco, the bahamas",https://youtu.be/T0GojxvrFm8
1_0542_003,1,542,1_0542,B009,26.55636,-77.10179,data/raw/FRAME/1_0542.jpg,data/raw/MASK/1_0542_B0XX_1_Level2.jpg,data/raw/JSON/1_0542.json,1_0542_B0XX_1_Level2.jpg,2,2,Moderate damage,2,2,0,416,583,687,584,272,0.13066514756944445,0.2161042106962241,0.7539794185030482,09 September 2019,"Marsh Harbor, Abaco, the bahamas",https://youtu.be/T0GojxvrFm8
1_0565_000,1,565,1_0565,B014,26.55662,-77.10244,data/raw/FRAME/1_0565.jpg,data/raw/MASK/1_0565_B0XX_0_Level2.jpg,data/raw/JSON/1_0565.json,1_0565_B0XX_0_Level2.jpg,2,2,Moderate damage,1,2,224,272,407,375,184,104,0.014833984375,0.24491796046375539,0.4552560570225701,09 September 2019,"Marsh Harbor, Abaco, the bahamas",https://youtu.be/T0GojxvrFm8
1_0565_001,1,565,1_0565,B012,26.55637,-77.10258,data/raw/FRAME/1_0565.jpg,data/raw/MASK/1_0565_B0XX_0_Level3.jpg,data/raw/JSON/1_0565.json,1_0565_B0XX_0_Level3.jpg,3,3,Severe damage,1,2,0,256,151,367,152,112,0.01228298611111111,0.04772319456713781,0.42978209658421673,09 September 2019,"Marsh Harbor, Abaco, the bahamas",https://youtu.be/T0GojxvrFm8
1_0565_002,1,565,1_0565,B013,26.55673,-77.10222,data/raw/FRAME/1_0565.jpg,data/raw/MASK/1_0565_B0XX_0_Level4.jpg,data/raw/JSON/1_0565.json,1_0565_B0XX_0_Level4.jpg,4,4,Destruction,1,2,656,304,823,431,168,128,0.014828559027777778,0.5871936397812088,0.505800486202579,09 September 2019,"Marsh Harbor, Abaco, the bahamas",https://youtu.be/T0GojxvrFm8
1_0565_003,1,565,1_0565,B015,26.55666,-77.1022,data/raw/FRAME/1_0565.jpg,data/raw/MASK/1_0565_B0XX_0_Level5.jpg,data/raw/JSON/1_0565.json,1_0565_B0XX_0_Level5.jpg,5,5,Destroyed or under construction,1,2,336,344,727,495,392,152,0.04939019097222222,0.4137940622391142,0.5818212026011688,09 September 2019,"Marsh Harbor, Abaco, the bahamas",https://youtu.be/T0GojxvrFm8
1_0568_000,1,568,1_0568,B014,26.55662,-77.10244,data/raw/FRAME/1_0568.jpg,data/raw/MASK/1_0568_B0XX_0_Level1.jpg,data/raw/JSON/1_0568.json,1_0568_B0XX_0_Level1.jpg,1,1,Minor damage,1,1,224,200,423,319,200,120,0.017801649305555556,0.25350900585151775,0.3625435138905821,09 September 2019,"Marsh Harbor, Abaco, the bahamas",https://youtu.be/T0GojxvrFm8
1_0568_001,1,568,1_0568,B015,26.55666,-77.1022,data/raw/FRAME/1_0568.jpg,data/raw/MASK/1_0568_B0XX_0_Level4.jpg,data/raw/JSON/1_0568.json,1_0568_B0XX_0_Level4.jpg,4,4,Destruction,1,1,344,240,863,447,520,208,0.07197265625,0.4731206302766471,0.48395306715580344,09 September 2019,"Marsh Harbor, Abaco, the bahamas",https://youtu.be/T0GojxvrFm8
1_0571_000,1,571,1_0571,B012,26.55637,-77.10258,data/raw/FRAME/1_0571.jpg,data/raw/MASK/1_0571_B0XX_0_Level3.jpg,data/raw/JSON/1_0571.json,1_0571_B0XX_0_Level3.jpg,3,3,Severe damage,1,1,0,112,127,231,128,120,0.010450303819444444,0.0381192568269131,0.2395346623749697,09 September 2019,"Marsh Harbor, Abaco, the bahamas",https://youtu.be/T0GojxvrFm8
1_0571_001,1,571,1_0571,B015,26.55666,-77.1022,data/raw/FRAME/1_0571.jpg,data/raw/MASK/1_0571_B0XX_0_Level4.jpg,data/raw/JSON/1_0571.json,1_0571_B0XX_0_Level4.jpg,4,4,Destruction,1,1,320,184,887,415,568,232,0.08743381076388888,0.4696631663491728,0.4195304021863982,09 September 2019,"Marsh Harbor, Abaco, the bahamas",https://youtu.be/T0GojxvrFm8
1_0571_002,1,571,1_0571,B014,26.55662,-77.10244,data/raw/FRAME/1_0571.jpg,data/raw/MASK/1_0571_B0XX_1_Level3.jpg,data/raw/JSON/1_0571.json,1_0571_B0XX_1_Level3.jpg,3,3,Severe damage,1,1,200,128,415,263,216,136,0.02056640625,0.24000763361295768,0.2753352414617847,09 September 2019,"Marsh Harbor, Abaco, the bahamas",https://youtu.be/T0GojxvrFm8
1_0574_000,1,574,1_0574,B014,26.55662,-77.10244,data/raw/FRAME/1_0574.jpg,data/raw/MASK/1_0574_B0XX_0_Level3.jpg,data/raw/JSON/1_0574.json,1_0574_B0XX_0_Level3.jpg,3,3,Severe damage,1,1,160,120,399,271,240,152,0.025006510416666666,0.22299361874077933,0.27465154232597605,09 September 2019,"Marsh Harbor, Abaco, the bahamas",https://youtu.be/T0GojxvrFm8
1_0574_001,1,574,1_0574,B013,26.55673,-77.10222,data/raw/FRAME/1_0574.jpg,data/raw/MASK/1_0574_B0XX_0_Level4.jpg,data/raw/JSON/1_0574.json,1_0574_B0XX_0_Level4.jpg,4,4,Destruction,1,1,696,192,919,343,224,152,0.025311414930555557,0.6349145772602564,0.36437116264890945,09 September 2019,"Marsh Harbor, Abaco, the bahamas",https://youtu.be/T0GojxvrFm8
1_0574_002,1,574,1_0574,B015,26.55666,-77.1022,data/raw/FRAME/1_0574.jpg,data/raw/MASK/1_0574_B0XX_0_Level5.jpg,data/raw/JSON/1_0574.json,1_0574_B0XX_0_Level5.jpg,5,5,Destroyed or under construction,1,1,288,224,767,447,480,224,0.08265733506944445,0.41234784613466,0.4664607500368294,09 September 2019,"Marsh Harbor, Abaco, the bahamas",https://youtu.be/T0GojxvrFm8
1_0661_000,1,661,1_0661,B016,26.55792,-77.10487,data/raw/FRAME/1_0661.jpg,data/raw/MASK/1_0661_B0XX_0_Level3.jpg,data/raw/JSON/1_0661.json,1_0661_B0XX_0_Level3.jpg,3,3,Severe damage,2,1,376,368,519,479,144,112,0.012732204861111112,0.34882899054031025,0.5982944861087438,09 September 2019,"Marsh Harbor, Abaco, the bahamas",https://youtu.be/T0GojxvrFm8
1_0661_001,1,661,1_0661,B017,26.55765,-77.10426,data/raw/FRAME/1_0661.jpg,data/raw/MASK/1_0661_B0XX_1_Level3.jpg,data/raw/JSON/1_0661.json,1_0661_B0XX_1_Level3.jpg,3,3,Severe damage,2,1,144,568,359,695,216,128,0.021496310763888887,0.19525011357326738,0.8870481606739241,09 September 2019,"Marsh Harbor, Abaco, the bahamas",https://youtu.be/T0GojxvrFm8
1_0664_000,1,664,1_0664,B016,26.55792,-77.10487,data/raw/FRAME/1_0664.jpg,data/raw/MASK/1_0664_B0XX_0_Level3.jpg,data/raw/JSON/1_0664.json,1_0664_B0XX_0_Level3.jpg,3,3,Severe damage,2,1,352,376,495,495,144,120,0.01423611111111111,0.3313455125762195,0.6143973365514905,09 September 2019,"Marsh Harbor, Abaco, the bahamas",https://youtu.be/T0GojxvrFm8
1_0664_001,1,664,1_0664,B017,26.55765,-77.10426,data/raw/FRAME/1_0664.jpg,data/raw/MASK/1_0664_B0XX_1_Level3.jpg,data/raw/JSON/1_0664.json,1_0664_B0XX_1_Level3.jpg,3,3,Severe damage,2,1,64,608,295,719,232,112,0.021719835069444443,0.14557419162461907,0.9331786037423746,09 September 2019,"Marsh Harbor, Abaco, the bahamas",https://youtu.be/T0GojxvrFm8
1_0667_000,1,667,1_0667,B016,26.55792,-77.10487,data/raw/FRAME/1_0667.jpg,data/raw/MASK/1_0667_B0XX_0_Level3.jpg,data/raw/JSON/1_0667.json,1_0667_B0XX_0_Level3.jpg,3,3,Severe damage,2,1,320,384,487,511,168,128,0.016865234375,0.3156486742424242,0.6274895987475606,09 September 2019,"Marsh Harbor, Abaco, the bahamas",https://youtu.be/T0GojxvrFm8
1_0667_001,1,667,1_0667,B017,26.55765,-77.10426,data/raw/FRAME/1_0667.jpg,data/raw/MASK/1_0667_B0XX_2_Level3.jpg,data/raw/JSON/1_0667.json,1_0667_B0XX_2_Level3.jpg,3,3,Severe damage,2,1,0,640,311,719,312,80,0.017545572916666665,0.13830589053803338,0.9452564763279049,09 September 2019,"Marsh Harbor, Abaco, the bahamas",https://youtu.be/T0GojxvrFm8
1_0670_000,1,670,1_0670,B016,26.55792,-77.10487,data/raw/FRAME/1_0670.jpg,data/raw/MASK/1_0670_B0XX_0_Level3.jpg,data/raw/JSON/1_0670.json,1_0670_B0XX_0_Level3.jpg,3,3,Severe damage,2,1,288,392,463,527,176,136,0.0201171875,0.29383655272384035,0.6472476177633945,09 September 2019,"Marsh Harbor, Abaco, the bahamas",https://youtu.be/T0GojxvrFm8
1_0693_000,1,693,1_0693,B018,26.55853,-77.10624,data/raw/FRAME/1_0693.jpg,data/raw/MASK/1_0693_B0XX_0_Level3.jpg,data/raw/JSON/1_0693.json,1_0693_B0XX_0_Level3.jpg,3,3,Severe damage,2,1,400,320,519,383,120,64,0.005853949652777778,0.36195117006487487,0.4878264339408918,09 September 2019,"Marsh Harbor, Abaco, the bahamas",https://youtu.be/T0GojxvrFm8
1_0696_000,1,696,1_0696,B018,26.55853,-77.10624,data/raw/FRAME/1_0696.jpg,data/raw/MASK/1_0696_B0XX_0_Level3.jpg,data/raw/JSON/1_0696.json,1_0696_B0XX_0_Level3.jpg,3,3,Severe damage,2,1,384,320,511,391,128,72,0.006778428819444444,0.350290889627021,0.49388684346263984,09 September 2019,"Marsh Harbor, Abaco, the bahamas",https://youtu.be/T0GojxvrFm8
1_0702_000,1,702,1_0702,B018,26.55853,-77.10624,data/raw/FRAME/1_0702.jpg,data/raw/MASK/1_0702_B0XX_0_Level3.jpg,data/raw/JSON/1_0702.json,1_0702_B0XX_0_Level3.jpg,3,3,Severe damage,2,1,352,328,479,399,128,72,0.007501085069444444,0.3261748698105019,0.5071284777472395,09 September 2019,"Marsh Harbor, Abaco, the bahamas",https://youtu.be/T0GojxvrFm8
1_0725_000,1,725,1_0725,B020,26.55927,-77.10656,data/raw/FRAME/1_0725.jpg,data/raw/MASK/1_0725_B0XX_0_Level1.jpg,data/raw/JSON/1_0725.json,1_0725_B0XX_0_Level1.jpg,1,1,Minor damage,1,1,744,328,871,391,128,64,0.005492621527777778,0.6246879321414461,0.4993044580534703,09 September 2019,"Marsh Harbor, Abaco, the bahamas",https://youtu.be/T0GojxvrFm8
1_0725_001,1,725,1_0725,B018,26.55853,-77.10624,data/raw/FRAME/1_0725.jpg,data/raw/MASK/1_0725_B0XX_0_Level3.jpg,data/raw/JSON/1_0725.json,1_0725_B0XX_0_Level3.jpg,3,3,Severe damage,2,1,120,376,327,479,208,104,0.015670572916666667,0.18162639783271015,0.5959125775131175,09 September 2019,"Marsh Harbor, Abaco, the bahamas",https://youtu.be/T0GojxvrFm8
1_0725_002,1,725,1_0725,B019,26.55917,-77.10627,data/raw/FRAME/1_0725.jpg,data/raw/MASK/1_0725_B0XX_0_Level4.jpg,data/raw/JSON/1_0725.json,1_0725_B0XX_0_Level4.jpg,4,4,Destruction,1,1,744,368,911,423,168,56,0.007786458333333334,0.6496199353748606,0.5515535968660968,09 September 2019,"Marsh Harbor, Abaco, the bahamas",https://youtu.be/T0GojxvrFm8
1_0728_000,1,728,1_0728,B018,26.55853,-77.10624,data/raw/FRAME/1_0728.jpg,data/raw/MASK/1_0728_B0XX_0_Level3.jpg,data/raw/JSON/1_0728.json,1_0728_B0XX_0_Level3.jpg,3,3,Severe damage,2,1,136,376,303,471,168,96,0.008428819444444444,0.1795519277806385,0.5786442241675248,09 September 2019,"Marsh Harbor, Abaco, the bahamas",https://youtu.be/T0GojxvrFm8
1_0728_001,1,728,1_0728,B019,26.55917,-77.10627,data/raw/FRAME/1_0728.jpg,data/raw/MASK/1_0728_B0XX_0_Level4.jpg,data/raw/JSON/1_0728.json,1_0728_B0XX_0_Level4.jpg,4,4,Destruction,1,1,776,376,919,439,144,64,0.007600911458333333,0.6603963686652391,0.5614493615671345,09 September 2019,"Marsh Harbor, Abaco, the bahamas",https://youtu.be/T0GojxvrFm8
1_0728_002,1,728,1_0728,B018,26.55853,-77.10624,data/raw/FRAME/1_0728.jpg,data/raw/MASK/1_0728_B0XX_2_Level4.jpg,data/raw/JSON/1_0728.json,1_0728_B0XX_2_Level4.jpg,4,4,Destruction,2,1,72,416,263,495,192,80,0.011737196180555555,0.1355999959554405,0.6334305311597999,09 September 2019,"Marsh Harbor, Abaco, the bahamas",https://youtu.be/T0GojxvrFm8
1_0731_000,1,731,1_0731,B018,26.55853,-77.10624,data/raw/FRAME/1_0731.jpg,data/raw/MASK/1_0731_B0XX_0_Level3.jpg,data/raw/JSON/1_0731.json,1_0731_B0XX_0_Level3.jpg,3,3,Severe damage,2,1,24,384,271,519,248,136,0.023618706597222223,0.12305504031331833,0.6305595115950241,09 September 2019,"Marsh Harbor, Abaco, the bahamas",https://youtu.be/T0GojxvrFm8
1_0731_001,1,731,1_0731,B019,26.55917,-77.10627,data/raw/FRAME/1_0731.jpg,data/raw/MASK/1_0731_B0XX_0_Level4.jpg,data/raw/JSON/1_0731.json,1_0731_B0XX_0_Level4.jpg,4,4,Destruction,1,1,736,336,911,447,176,112,0.013475477430555556,0.6395424853047749,0.5497408764348534,09 September 2019,"Marsh Harbor, Abaco, the bahamas",https://youtu.be/T0GojxvrFm8
1_0734_000,1,734,1_0734,B020,26.55927,-77.10656,data/raw/FRAME/1_0734.jpg,data/raw/MASK/1_0734_B0XX_0_Level3.jpg,data/raw/JSON/1_0734.json,1_0734_B0XX_0_Level3.jpg,3,3,Severe damage,1,1,728,336,863,415,136,80,0.006905381944444444,0.6221520712209302,0.5213763181786438,09 September 2019,"Marsh Harbor, Abaco, the bahamas",https://youtu.be/T0GojxvrFm8
1_0734_001,1,734,1_0734,B019,26.55917,-77.10627,data/raw/FRAME/1_0734.jpg,data/raw/MASK/1_0734_B0XX_0_Level4.jpg,data/raw/JSON/1_0734.json,1_0734_B0XX_0_Level4.jpg,4,4,Destruction,1,1,768,384,911,455,144,72,0.007877604166666666,0.6530386966253443,0.5806489133761861,09 September 2019,"Marsh Harbor, Abaco, the bahamas",https://youtu.be/T0GojxvrFm8
1_0734_002,1,734,1_0734,B018,26.55853,-77.10624,data/raw/FRAME/1_0734.jpg,data/raw/MASK/1_0734_B0XX_1_Level3.jpg,data/raw/JSON/1_0734.json,1_0734_B0XX_1_Level3.jpg,3,3,Severe damage,2,1,0,400,239,535,240,136,0.02398220486111111,0.0904230598475251,0.650664155581697,09 September 2019,"Marsh Harbor, Abaco, the bahamas",https://youtu.be/T0GojxvrFm8
1_0757_000,1,757,1_0757,B020,26.55927,-77.10656,data/raw/FRAME/1_0757.jpg,data/raw/MASK/1_0757_B0XX_0_Level2.jpg,data/raw/JSON/1_0757.json,1_0757_B0XX_0_Level2.jpg,2,2,Moderate damage,1,1,672,280,863,399,192,120,0.017393663194444443,0.5957648257174049,0.46796328065432874,09 September 2019,"Marsh Harbor, Abaco, the bahamas",https://youtu.be/T0GojxvrFm8
1_0757_001,1,757,1_0757,B019,26.55917,-77.10627,data/raw/FRAME/1_0757.jpg,data/raw/MASK/1_0757_B0XX_0_Level4.jpg,data/raw/JSON/1_0757.json,1_0757_B0XX_0_Level4.jpg,4,4,Destruction,1,1,688,360,967,487,280,128,0.03043402777777778,0.6531231059255562,0.5926001358781772,09 September 2019,"Marsh Harbor, Abaco, the bahamas",https://youtu.be/T0GojxvrFm8
1_0760_000,1,760,1_0760,B021,26.5595,-77.10709,data/raw/FRAME/1_0760.jpg,data/raw/MASK/1_0760_B0XX_0_Level2.jpg,data/raw/JSON/1_0760.json,1_0760_B0XX_0_Level2.jpg,2,2,Moderate damage,1,1,656,224,799,295,144,72,0.007098524305555556,0.5718407262687252,0.36449352899215326,09 September 2019,"Marsh Harbor, Abaco, the bahamas",https://youtu.be/T0GojxvrFm8
1_0760_001,1,760,1_0760,B020,26.55927,-77.10656,data/raw/FRAME/1_0760.jpg,data/raw/MASK/1_0760_B0XX_0_Level3.jpg,data/raw/JSON/1_0760.json,1_0760_B0XX_0_Level3.jpg,3,3,Severe damage,1,1,656,280,879,399,224,120,0.020274522569444446,0.6005607773615199,0.4800891981090001,09 September 2019,"Marsh Harbor, Abaco, the bahamas",https://youtu.be/T0GojxvrFm8
1_0760_002,1,760,1_0760,B019,26.55917,-77.10627,data/raw/FRAME/1_0760.jpg,data/raw/MASK/1_0760_B0XX_0_Level4.jpg,data/raw/JSON/1_0760.json,1_0760_B0XX_0_Level4.jpg,4,4,Destruction,1,1,696,384,967,535,272,152,0.03626193576388889,0.6508318153595261,0.6414980998832999,09 September 2019,"Marsh Harbor, Abaco, the bahamas",https://youtu.be/T0GojxvrFm8
1_0763_000,1,763,1_0763,B021,26.5595,-77.10709,data/raw/FRAME/1_0763.jpg,data/raw/MASK/1_0763_B0XX_0_Level1.jpg,data/raw/JSON/1_0763.json,1_0763_B0XX_0_Level1.jpg,1,1,Minor damage,1,1,648,224,799,303,152,80,0.008172743055555556,0.5671057654009559,0.37206234879329675,09 September 2019,"Marsh Harbor, Abaco, the bahamas",https://youtu.be/T0GojxvrFm8
1_0763_001,1,763,1_0763,B020,26.55927,-77.10656,data/raw/FRAME/1_0763.jpg,data/raw/MASK/1_0763_B0XX_0_Level3.jpg,data/raw/JSON/1_0763.json,1_0763_B0XX_0_Level3.jpg,3,3,Severe damage,1,1,640,296,879,447,240,152,0.028485243055555557,0.5906240774512418,0.5127471240286454,09 September 2019,"Marsh Harbor, Abaco, the bahamas",https://youtu.be/T0GojxvrFm8
1_0763_002,1,763,1_0763,B019,26.55917,-77.10627,data/raw/FRAME/1_0763.jpg,data/raw/MASK/1_0763_B0XX_0_Level4.jpg,data/raw/JSON/1_0763.json,1_0763_B0XX_0_Level4.jpg,4,4,Destruction,1,1,672,410,991,591,320,182,0.04997287326388889,0.6545476196938443,0.6933750105550127,09 September 2019,"Marsh Harbor, Abaco, the bahamas",https://youtu.be/T0GojxvrFm8
1_0766_000,1,766,1_0766,B021,26.5595,-77.10709,data/raw/FRAME/1_0766.jpg,data/raw/MASK/1_0766_B0XX_0_Level2.jpg,data/raw/JSON/1_0766.json,1_0766_B0XX_0_Level2.jpg,2,2,Moderate damage,1,1,640,232,799,319,160,88,0.009302300347222223,0.5630554320249621,0.3819279196962038,09 September 2019,"Marsh Harbor, Abaco, the bahamas",https://youtu.be/T0GojxvrFm8
1_0766_001,1,766,1_0766,B020,26.55927,-77.10656,data/raw/FRAME/1_0766.jpg,data/raw/MASK/1_0766_B0XX_0_Level3.jpg,data/raw/JSON/1_0766.json,1_0766_B0XX_0_Level3.jpg,3,3,Severe damage,1,1,624,304,879,455,256,152,0.029918619791666667,0.5886673557465636,0.5361921082218112,09 September 2019,"Marsh Harbor, Abaco, the bahamas",https://youtu.be/T0GojxvrFm8
1_0766_002,1,766,1_0766,B019,26.55917,-77.10627,data/raw/FRAME/1_0766.jpg,data/raw/MASK/1_0766_B0XX_0_Level4.jpg,data/raw/JSON/1_0766.json,1_0766_B0XX_0_Level4.jpg,4,4,Destruction,1,1,656,440,1007,655,352,216,0.06420681423611112,0.6565127491634699,0.7614154447317377,09 September 2019,"Marsh Harbor, Abaco, the bahamas",https://youtu.be/T0GojxvrFm8
1_0769_000,1,769,1_0769,B021,26.5595,-77.10709,data/raw/FRAME/1_0769.jpg,data/raw/MASK/1_0769_B0XX_0_Level2.jpg,data/raw/JSON/1_0769.json,1_0769_B0XX_0_Level2.jpg,2,2,Moderate damage,1,1,624,240,791,327,168,88,0.010460069444444444,0.5566246596213693,0.39496311664361455,09 September 2019,"Marsh Harbor, Abaco, the bahamas",https://youtu.be/T0GojxvrFm8
1_0769_001,1,769,1_0769,B020,26.55927,-77.10656,data/raw/FRAME/1_0769.jpg,data/raw/MASK/1_0769_B0XX_0_Level3.jpg,data/raw/JSON/1_0769.json,1_0769_B0XX_0_Level3.jpg,3,3,Severe damage,1,1,592,320,879,495,288,176,0.038070746527777775,0.5765854124508352,0.5747372329577483,09 September 2019,"Marsh Harbor, Abaco, the bahamas",https://youtu.be/T0GojxvrFm8
1_0769_002,1,769,1_0769,B019,26.55917,-77.10627,data/raw/FRAME/1_0769.jpg,data/raw/MASK/1_0769_B0XX_0_Level4.jpg,data/raw/JSON/1_0769.json,1_0769_B0XX_0_Level4.jpg,4,4,Destruction,1,1,624,480,1023,719,400,240,0.08277560763888889,0.6463642370487377,0.8284480259957412,09 September 2019,"Marsh Harbor, Abaco, the bahamas",https://youtu.be/T0GojxvrFm8
1_0789_000,1,789,1_0789,B021,26.5595,-77.10709,data/raw/FRAME/1_0789.jpg,data/raw/MASK/1_0789_B0XX_0_Level1.jpg,data/raw/JSON/1_0789.json,1_0789_B0XX_0_Level1.jpg,1,1,Minor damage,1,1,496,312,767,471,272,160,0.029398871527777776,0.49575589267919096,0.5474585394060185,09 September 2019,"Marsh Harbor, Abaco, the bahamas",https://youtu.be/T0GojxvrFm8
1_0792_000,1,792,1_0792,B021,26.5595,-77.10709,data/raw/FRAME/1_0792.jpg,data/raw/MASK/1_0792_B0XX_0_Level1.jpg,data/raw/JSON/1_0792.json,1_0792_B0XX_0_Level1.jpg,1,1,Minor damage,1,1,456,344,759,511,304,168,0.036182725694444445,0.48023422974269775,0.593266058897619,09 September 2019,"Marsh Harbor, Abaco, the bahamas",https://youtu.be/T0GojxvrFm8
1_0795_000,1,795,1_0795,B021,26.5595,-77.10709,data/raw/FRAME/1_0795.jpg,data/raw/MASK/1_0795_B0XX_0_Level1.jpg,data/raw/JSON/1_0795.json,1_0795_B0XX_0_Level1.jpg,1,1,Minor damage,1,1,424,384,751,575,328,192,0.04339409722222222,0.46248993939412886,0.6673030439421217,09 September 2019,"Marsh Harbor, Abaco, the bahamas",https://youtu.be/T0GojxvrFm8
1_0798_000,1,798,1_0798,B021,26.5595,-77.10709,data/raw/FRAME/1_0798.jpg,data/raw/MASK/1_0798_B0XX_0_Level1.jpg,data/raw/JSON/1_0798.json,1_0798_B0XX_0_Level1.jpg,1,1,Minor damage,1,1,392,424,743,639,352,216,0.052649739583333334,0.44728654012612834,0.746111843882958,09 September 2019,"Marsh Harbor, Abaco, the bahamas",https://youtu.be/T0GojxvrFm8
1_0801_000,1,801,1_0801,B021,26.5595,-77.10709,data/raw/FRAME/1_0801.jpg,data/raw/MASK/1_0801_B0XX_0_Level2.jpg,data/raw/JSON/1_0801.json,1_0801_B0XX_0_Level2.jpg,2,2,Moderate damage,1,1,392,456,791,695,400,240,0.061689453125,0.4726011325259881,0.8053601686220019,09 September 2019,"Marsh Harbor, Abaco, the bahamas",https://youtu.be/T0GojxvrFm8
1_0885_000,1,885,1_0885,B029,26.55629,-77.10637,data/raw/FRAME/1_0885.jpg,data/raw/MASK/1_0885_B0XX_0_Level0.jpg,data/raw/JSON/1_0885.json,1_0885_B0XX_0_Level0.jpg,0,0,No or very minor damage,1,1,0,304,151,351,152,48,0.00583984375,0.05584326226309923,0.4543106651802304,09 September 2019,"Marsh Harbor, Abaco, the bahamas",https://youtu.be/T0GojxvrFm8
1_0885_001,1,885,1_0885,B022,26.557,-77.10775,data/raw/FRAME/1_0885.jpg,data/raw/MASK/1_0885_B0XX_0_Level2.jpg,data/raw/JSON/1_0885.json,1_0885_B0XX_0_Level2.jpg,2,2,Moderate damage,1,1,952,336,1167,391,216,56,0.01023654513888889,0.8262320794466822,0.5081098508939298,09 September 2019,"Marsh Harbor, Abaco, the bahamas",https://youtu.be/T0GojxvrFm8
1_0885_002,1,885,1_0885,B023,26.55675,-77.10652,data/raw/FRAME/1_0885.jpg,data/raw/MASK/1_0885_B0XX_0_Level3.jpg,data/raw/JSON/1_0885.json,1_0885_B0XX_0_Level3.jpg,3,3,Severe damage,1,1,0,336,119,407,120,72,0.006741536458333333,0.03968807842427169,0.5130007421714327,09 September 2019,"Marsh Harbor, Abaco, the bahamas",https://youtu.be/T0GojxvrFm8
1_0885_003,1,885,1_0885,B024,26.55673,-77.10718,data/raw/FRAME/1_0885.jpg,data/raw/MASK/1_0885_B0XX_0_Level4.jpg,data/raw/JSON/1_0885.json,1_0885_B0XX_0_Level4.jpg,4,4,Destruction,1,1,456,328,599,383,144,56,0.005883246527777778,0.4142714289007746,0.4944733903028813,09 September 2019,"Marsh Harbor, Abaco, the bahamas",https://youtu.be/T0GojxvrFm8
1_0885_004,1,885,1_0885,B025,26.55653,-77.10668,data/raw/FRAME/1_0885.jpg,data/raw/MASK/1_0885_B0XX_0_Level5.jpg,data/raw/JSON/1_0885.json,1_0885_B0XX_0_Level5.jpg,5,5,Destroyed or under construction,1,1,144,320,303,375,160,56,0.006563585069444444,0.17107450611671352,0.4818046141694679,09 September 2019,"Marsh Harbor, Abaco, the bahamas",https://youtu.be/T0GojxvrFm8
1_0885_005,1,885,1_0885,B026,26.55727,-77.10746,data/raw/FRAME/1_0885.jpg,data/raw/MASK/1_0885_B0XX_1_Level3.jpg,data/raw/JSON/1_0885.json,1_0885_B0XX_1_Level3.jpg,3,3,Severe damage,1,1,832,376,1103,447,272,72,0.016341145833333334,0.7557019837317397,0.5716501586247602,09 September 2019,"Marsh Harbor, Abaco, the bahamas",https://youtu.be/T0GojxvrFm8
1_0885_006,1,885,1_0885,B027,26.55701,-77.10679,data/raw/FRAME/1_0885.jpg,data/raw/MASK/1_0885_B0XX_1_Level4.jpg,data/raw/JSON/1_0885.json,1_0885_B0XX_1_Level4.jpg,4,4,Destruction,1,1,224,352,439,423,216,72,0.010718315972222222,0.26393223894006884,0.5378194528807001,09 September 2019,"Marsh Harbor, Abaco, the bahamas",https://youtu.be/T0GojxvrFm8
1_0885_007,1,885,1_0885,B028,26.55721,-77.10666,data/raw/FRAME/1_0885.jpg,data/raw/MASK/1_0885_B0XX_1_Level5.jpg,data/raw/JSON/1_0885.json,1_0885_B0XX_1_Level5.jpg,5,5,Destroyed or under construction,1,1,48,384,383,479,336,96,0.021239149305555555,0.16223382260907326,0.5966906923015791,09 September 2019,"Marsh Harbor, Abaco, the bahamas",https://youtu.be/T0GojxvrFm8
1_0888_000,1,888,1_0888,B029,26.55629,-77.10637,data/raw/FRAME/1_0888.jpg,data/raw/MASK/1_0888_B0XX_0_Level0.jpg,data/raw/JSON/1_0888.json,1_0888_B0XX_0_Level0.jpg,0,0,No or very minor damage,1,1,0,304,151,351,152,48,0.006064453125,0.05442121242619431,0.4586427208206596,09 September 2019,"Marsh Harbor, Abaco, the bahamas",https://youtu.be/T0GojxvrFm8
1_0888_001,1,888,1_0888,B022,26.557,-77.10775,data/raw/FRAME/1_0888.jpg,data/raw/MASK/1_0888_B0XX_0_Level2.jpg,data/raw/JSON/1_0888.json,1_0888_B0XX_0_Level2.jpg,2,2,Moderate damage,1,1,968,344,1191,399,224,56,0.010797526041666667,0.8449656441563661,0.5147845275181724,09 September 2019,"Marsh Harbor, Abaco, the bahamas",https://youtu.be/T0GojxvrFm8
1_0888_002,1,888,1_0888,B030,26.55618,-77.10723,data/raw/FRAME/1_0888.jpg,data/raw/MASK/1_0888_B0XX_0_Level3.jpg,data/raw/JSON/1_0888.json,1_0888_B0XX_0_Level3.jpg,3,3,Severe damage,1,1,512,296,639,335,128,40,0.003938802083333333,0.44858126721763086,0.4391850321395776,09 September 2019,"Marsh Harbor, Abaco, the bahamas",https://youtu.be/T0GojxvrFm8
1_0888_003,1,888,1_0888,B024,26.55673,-77.10718,data/raw/FRAME/1_0888.jpg,data/raw/MASK/1_0888_B0XX_0_Level4.jpg,data/raw/JSON/1_0888.json,1_0888_B0XX_0_Level4.jpg,4,4,Destruction,1,1,464,336,607,383,144,48,0.005732421875,0.41696922913117546,0.5018066334363892,09 September 2019,"Marsh Harbor, Abaco, the bahamas",https://youtu.be/T0GojxvrFm8
1_0888_004,1,888,1_0888,B025,26.55653,-77.10668,data/raw/FRAME/1_0888.jpg,data/raw/MASK/1_0888_B0XX_0_Level5.jpg,data/raw/JSON/1_0888.json,1_0888_B0XX_0_Level5.jpg,5,5,Destroyed or under construction,1,1,136,320,295,375,160,56,0.006624348958333333,0.16855638308763307,0.48867867867867865,09 September 2019,"Marsh Harbor, Abaco, the bahamas",https://youtu.be/T0GojxvrFm8
1_0888_005,1,888,1_0888,B031,26.55656,-77.10738,data/raw/FRAME/1_0888.jpg,data/raw/MASK/1_0888_B0XX_1_Level3.jpg,data/raw/JSON/1_0888.json,1_0888_B0XX_1_Level3.jpg,3,3,Severe damage,1,1,632,304,767,359,136,56,0.006552734375,0.5459765430948832,0.4639456955713786,09 September 2019,"Marsh Harbor, Abaco, the bahamas",https://youtu.be/T0GojxvrFm8
1_0888_006,1,888,1_0888,B028,26.55721,-77.10666,data/raw/FRAME/1_0888.jpg,data/raw/MASK/1_0888_B0XX_1_Level5.jpg,data/raw/JSON/1_0888.json,1_0888_B0XX_1_Level5.jpg,5,5,Destroyed or under construction,1,1,32,400,383,487,352,88,0.023838975694444445,0.14980932806099226,0.6177277095028574,09 September 2019,"Marsh Harbor, Abaco, the bahamas",https://youtu.be/T0GojxvrFm8
1_0888_007,1,888,1_0888,B023,26.55675,-77.10652,data/raw/FRAME/1_0888.jpg,data/raw/MASK/1_0888_B0XX_2_Level3.jpg,data/raw/JSON/1_0888.json,1_0888_B0XX_2_Level3.jpg,3,3,Severe damage,1,1,0,344,111,407,112,64,0.006161024305555556,0.03818782471821064,0.5203832531016399,09 September 2019,"Marsh Harbor, Abaco, the bahamas",https://youtu.be/T0GojxvrFm8
1_0888_008,1,888,1_0888,B026,26.55727,-77.10746,data/raw/FRAME/1_0888.jpg,data/raw/MASK/1_0888_B0XX_3_Level3.jpg,data/raw/JSON/1_0888.json,1_0888_B0XX_3_Level3.jpg,3,3,Severe damage,1,1,832,384,1127,455,296,72,0.016737196180555556,0.7697517220421394,0.582011885467315,09 September 2019,"Marsh Harbor, Abaco, the bahamas",https://youtu.be/T0GojxvrFm8
1_0888_009,1,888,1_0888,B027,26.55701,-77.10679,data/raw/FRAME/1_0888.jpg,data/raw/MASK/1_0888_B0XX_3_Level4.jpg,data/raw/JSON/1_0888.json,1_0888_B0XX_3_Level4.jpg,4,4,Destruction,1,1,224,360,439,439,216,80,0.012376302083333334,0.2636490662809048,0.5527872757028465,09 September 2019,"Marsh Harbor, Abaco, the bahamas",https://youtu.be/T0GojxvrFm8
1_0891_000,1,891,1_0891,B029,26.55629,-77.10637,data/raw/FRAME/1_0891.jpg,data/raw/MASK/1_0891_B0XX_0_Level1.jpg,data/raw/JSON/1_0891.json,1_0891_B0XX_0_Level1.jpg,1,1,Minor damage,1,1,0,304,151,359,152,56,0.006348741319444445,0.0561077967441463,0.46115621261322853,09 September 2019,"Marsh Harbor, Abaco, the bahamas",https://youtu.be/T0GojxvrFm8
1_0891_001,1,891,1_0891,B031,26.55656,-77.10738,data/raw/FRAME/1_0891.jpg,data/raw/MASK/1_0891_B0XX_0_Level2.jpg,data/raw/JSON/1_0891.json,1_0891_B0XX_0_Level2.jpg,2,2,Moderate damage,1,1,640,304,775,375,136,72,0.007342664930555556,0.5515018887616374,0.4694354136906228,09 September 2019,"Marsh Harbor, Abaco, the bahamas",https://youtu.be/T0GojxvrFm8
1_0891_002,1,891,1_0891,B030,26.55618,-77.10723,data/raw/FRAME/1_0891.jpg,data/raw/MASK/1_0891_B0XX_0_Level3.jpg,data/raw/JSON/1_0891.json,1_0891_B0XX_0_Level3.jpg,3,3,Severe damage,1,1,520,296,639,335,120,40,0.003876953125,0.45290853274559195,0.44261941412445194,09 September 2019,"Marsh Harbor, Abaco, the bahamas",https://youtu.be/T0GojxvrFm8
1_0891_003,1,891,1_0891,B024,26.55673,-77.10718,data/raw/FRAME/1_0891.jpg,data/raw/MASK/1_0891_B0XX_0_Level4.jpg,data/raw/JSON/1_0891.json,1_0891_B0XX_0_Level4.jpg,4,4,Destruction,1,1,464,336,615,391,152,56,0.0064214409722222225,0.4227278007772896,0.5086834891667605,09 September 2019,"Marsh Harbor, Abaco, the bahamas",https://youtu.be/T0GojxvrFm8
1_0891_004,1,891,1_0891,B025,26.55653,-77.10668,data/raw/FRAME/1_0891.jpg,data/raw/MASK/1_0891_B0XX_0_Level5.jpg,data/raw/JSON/1_0891.json,1_0891_B0XX_0_Level5.jpg,5,5,Destroyed or under construction,1,1,136,320,295,383,160,64,0.006449652777777778,0.1666484848166218,0.4927447846567967,09 September 2019,"Marsh Harbor, Abaco, the bahamas",https://youtu.be/T0GojxvrFm8
1_0891_005,1,891,1_0891,B022,26.557,-77.10775,data/raw/FRAME/1_0891.jpg,data/raw/MASK/1_0891_B0XX_1_Level2.jpg,data/raw/JSON/1_0891.json,1_0891_B0XX_1_Level2.jpg,2,2,Moderate damage,1,1,984,344,1215,407,232,64,0.011420355902777778,0.8605023752969121,0.5221322248614411,09 September 2019,"Marsh Harbor, Abaco, the bahamas",https://youtu.be/T0GojxvrFm8
1_0891_006,1,891,1_0891,B023,26.55675,-77.10652,data/raw/FRAME/1_0891.jpg,data/raw/MASK/1_0891_B0XX_1_Level3.jpg,data/raw/JSON/1_0891.json,1_0891_B0XX_1_Level3.jpg,3,3,Severe damage,1,1,0,344,127,415,128,72,0.007082248263888889,0.04232622663551402,0.5220660333997242,09 September 2019,"Marsh Harbor, Abaco, the bahamas",https://youtu.be/T0GojxvrFm8
1_0891_007,1,891,1_0891,B027,26.55701,-77.10679,data/raw/FRAME/1_0891.jpg,data/raw/MASK/1_0891_B0XX_1_Level4.jpg,data/raw/JSON/1_0891.json,1_0891_B0XX_1_Level4.jpg,4,4,Destruction,1,1,224,368,439,447,216,80,0.012754991319444445,0.2645406874734156,0.5636861382863084,09 September 2019,"Marsh Harbor, Abaco, the bahamas",https://youtu.be/T0GojxvrFm8
1_0891_008,1,891,1_0891,B028,26.55721,-77.10666,data/raw/FRAME/1_0891.jpg,data/raw/MASK/1_0891_B0XX_1_Level5.jpg,data/raw/JSON/1_0891.json,1_0891_B0XX_1_Level5.jpg,5,5,Destroyed or under construction,1,1,16,408,343,503,328,96,0.02217556423611111,0.13508258611831483,0.6259627826436801,09 September 2019,"Marsh Harbor, Abaco, the bahamas",https://youtu.be/T0GojxvrFm8
1_0891_009,1,891,1_0891,B026,26.55727,-77.10746,data/raw/FRAME/1_0891.jpg,data/raw/MASK/1_0891_B0XX_2_Level3.jpg,data/raw/JSON/1_0891.json,1_0891_B0XX_2_Level3.jpg,3,3,Severe damage,1,1,856,392,1151,463,296,72,0.01834526909722222,0.7802598405985687,0.5951623423565519,09 September 2019,"Marsh Harbor, Abaco, the bahamas",https://youtu.be/T0GojxvrFm8
1_0894_000,1,894,1_0894,B029,26.55629,-77.10637,data/raw/FRAME/1_0894.jpg,data/raw/MASK/1_0894_B0XX_0_Level1.jpg,data/raw/JSON/1_0894.json,1_0894_B0XX_0_Level1.jpg,1,1,Minor damage,1,1,0,304,143,367,144,64,0.0074370659722222225,0.05167021538517654,0.46744905651201246,09 September 2019,"Marsh Harbor, Abaco, the bahamas",https://youtu.be/T0GojxvrFm8
1_0894_001,1,894,1_0894,B022,26.557,-77.10775,data/raw/FRAME/1_0894.jpg,data/raw/MASK/1_0894_B0XX_0_Level2.jpg,data/raw/JSON/1_0894.json,1_0894_B0XX_0_Level2.jpg,2,2,Moderate damage,1,1,1008,352,1247,423,240,72,0.013965928819444445,0.8807778266063243,0.5355886186862802,09 September 2019,"Marsh Harbor, Abaco, the bahamas",https://youtu.be/T0GojxvrFm8
1_0894_002,1,894,1_0894,B026,26.55727,-77.10746,data/raw/FRAME/1_0894.jpg,data/raw/MASK/1_0894_B0XX_0_Level3.jpg,data/raw/JSON/1_0894.json,1_0894_B0XX_0_Level3.jpg,3,3,Severe damage,1,1,864,400,1183,487,320,88,0.022076822916666666,0.7977305889364003,0.6130603066941904,09 September 2019,"Marsh Harbor, Abaco, the bahamas",https://youtu.be/T0GojxvrFm8
1_0894_003,1,894,1_0894,B024,26.55673,-77.10718,data/raw/FRAME/1_0894.jpg,data/raw/MASK/1_0894_B0XX_0_Level4.jpg,data/raw/JSON/1_0894.json,1_0894_B0XX_0_Level4.jpg,4,4,Destruction,1,1,472,344,623,399,152,56,0.006229383680555555,0.42779976267200837,0.5179157231608895,09 September 2019,"Marsh Harbor, Abaco, the bahamas",https://youtu.be/T0GojxvrFm8
1_0894_004,1,894,1_0894,B025,26.55653,-77.10668,data/raw/FRAME/1_0894.jpg,data/raw/MASK/1_0894_B0XX_0_Level5.jpg,data/raw/JSON/1_0894.json,1_0894_B0XX_0_Level5.jpg,5,5,Destroyed or under construction,1,1,136,320,295,383,160,64,0.007029079861111111,0.16407045963260264,0.4944060666872491,09 September 2019,"Marsh Harbor, Abaco, the bahamas",https://youtu.be/T0GojxvrFm8
1_0894_005,1,894,1_0894,B028,26.55721,-77.10666,data/raw/FRAME/1_0894.jpg,data/raw/MASK/1_0894_B0XX_1_Level5.jpg,data/raw/JSON/1_0894.json,1_0894_B0XX_1_Level5.jpg,5,5,Destroyed or under construction,1,1,0,416,383,511,384,96,0.02870551215277778,0.14101256851256852,0.6377330477330477,09 September 2019,"Marsh Harbor, Abaco, the bahamas",https://youtu.be/T0GojxvrFm8
1_0894_006,1,894,1_0894,B027,26.55701,-77.10679,data/raw/FRAME/1_0894.jpg,data/raw/MASK/1_0894_B0XX_2_Level4.jpg,data/raw/JSON/1_0894.json,1_0894_B0XX_2_Level4.jpg,4,4,Destruction,1,1,216,376,447,455,232,80,0.011575520833333333,0.26913139763779526,0.5723628296462941,09 September 2019,"Marsh Harbor, Abaco, the bahamas",https://youtu.be/T0GojxvrFm8
1_0897_000,1,897,1_0897,B030,26.55618,-77.10723,data/raw/FRAME/1_0897.jpg,data/raw/MASK/1_0897_B0XX_0_Level2.jpg,data/raw/JSON/1_0897.json,1_0897_B0XX_0_Level2.jpg,2,2,Moderate damage,1,1,536,304,671,343,136,40,0.00490234375,0.47069517070606465,0.44974577000639415,09 September 2019,"Marsh Harbor, Abaco, the bahamas",https://youtu.be/T0GojxvrFm8
1_0897_001,1,897,1_0897,B026,26.55727,-77.10746,data/raw/FRAME/1_0897.jpg,data/raw/MASK/1_0897_B0XX_0_Level3.jpg,data/raw/JSON/1_0897.json,1_0897_B0XX_0_Level3.jpg,3,3,Severe damage,1,1,888,416,1215,487,328,72,0.021253255208333332,0.8209698636212794,0.6265054628069637,09 September 2019,"Marsh Harbor, Abaco, the bahamas",https://youtu.be/T0GojxvrFm8
1_0897_002,1,897,1_0897,B024,26.55673,-77.10718,data/raw/FRAME/1_0897.jpg,data/raw/MASK/1_0897_B0XX_0_Level4.jpg,data/raw/JSON/1_0897.json,1_0897_B0XX_0_Level4.jpg,4,4,Destruction,1,1,480,344,631,399,152,56,0.0065570746527777776,0.43351824942081746,0.5194736334050417,09 September 2019,"Marsh Harbor, Abaco, the bahamas",https://youtu.be/T0GojxvrFm8
1_0897_003,1,897,1_0897,B025,26.55653,-77.10668,data/raw/FRAME/1_0897.jpg,data/raw/MASK/1_0897_B0XX_0_Level5.jpg,data/raw/JSON/1_0897.json,1_0897_B0XX_0_Level5.jpg,5,5,Destroyed or under construction,1,1,136,328,303,391,168,64,0.007572699652777778,0.17008189747814872,0.5018933785483435,09 September 2019,"Marsh Harbor, Abaco, the bahamas",https://youtu.be/T0GojxvrFm8
1_0897_004,1,897,1_0897,B022,26.557,-77.10775,data/raw/FRAME/1_0897.jpg,data/raw/MASK/1_0897_B0XX_1_Level2.jpg,data/raw/JSON/1_0897.json,1_0897_B0XX_1_Level2.jpg,2,2,Moderate damage,1,1,1024,360,1279,423,256,64,0.014040798611111112,0.8969348918083462,0.5438332904001374,09 September 2019,"Marsh Harbor, Abaco, the bahamas",https://youtu.be/T0GojxvrFm8
1_0897_005,1,897,1_0897,B027,26.55701,-77.10679,data/raw/FRAME/1_0897.jpg,data/raw/MASK/1_0897_B0XX_1_Level4.jpg,data/raw/JSON/1_0897.json,1_0897_B0XX_1_Level4.jpg,4,4,Destruction,1,1,216,384,447,455,232,72,0.013806423611111111,0.2620841397162842,0.5818172788082014,09 September 2019,"Marsh Harbor, Abaco, the bahamas",https://youtu.be/T0GojxvrFm8
1_0897_006,1,897,1_0897,B028,26.55721,-77.10666,data/raw/FRAME/1_0897.jpg,data/raw/MASK/1_0897_B0XX_1_Level5.jpg,data/raw/JSON/1_0897.json,1_0897_B0XX_1_Level5.jpg,5,5,Destroyed or under construction,1,1,32,424,383,527,352,104,0.024787326388888888,0.15305731948213971,0.6549425207688865,09 September 2019,"Marsh Harbor, Abaco, the bahamas",https://youtu.be/T0GojxvrFm8
2_0001_000,2,1,2_0001,B024,26.55673,-77.10718,data/raw/FRAME/2_0001.jpg,data/raw/MASK/2_0001_B0XX_0_Level3.jpg,data/raw/JSON/2_0001.json,2_0001_B0XX_0_Level3.jpg,3,3,Severe damage,1,1,488,360,655,415,168,56,0.007434895833333333,0.44400243542031526,0.5415266021275216,09 September 2019,"Marsh Harbor, Abaco, the bahamas",https://youtu.be/D8wvAgKNK5Q
2_0001_001,2,1,2_0001,B027,26.55701,-77.10679,data/raw/FRAME/2_0001.jpg,data/raw/MASK/2_0001_B0XX_0_Level4.jpg,data/raw/JSON/2_0001.json,2_0001_B0XX_0_Level4.jpg,4,4,Destruction,1,1,144,400,447,495,304,96,0.02362521701388889,0.24333635695586278,0.6211969335109233,09 September 2019,"Marsh Harbor, Abaco, the bahamas",https://youtu.be/D8wvAgKNK5Q
2_0001_002,2,1,2_0001,B025,26.55653,-77.10668,data/raw/FRAME/2_0001.jpg,data/raw/MASK/2_0001_B0XX_0_Level5.jpg,data/raw/JSON/2_0001.json,2_0001_B0XX_0_Level5.jpg,5,5,Destroyed or under construction,1,1,128,344,311,399,184,56,0.008175998263888888,0.16814231502986066,0.5176904077269041,09 September 2019,"Marsh Harbor, Abaco, the bahamas",https://youtu.be/D8wvAgKNK5Q
2_0001_003,2,1,2_0001,B026,26.55727,-77.10746,data/raw/FRAME/2_0001.jpg,data/raw/MASK/2_0001_B0XX_1_Level3.jpg,data/raw/JSON/2_0001.json,2_0001_B0XX_1_Level3.jpg,3,3,Severe damage,1,1,928,432,1279,535,352,104,0.027669270833333332,0.8652111213235294,0.6700416122004357,09 September 2019,"Marsh Harbor, Abaco, the bahamas",https://youtu.be/D8wvAgKNK5Q
2_0001_004,2,1,2_0001,B028,26.55721,-77.10666,data/raw/FRAME/2_0001.jpg,data/raw/MASK/2_0001_B0XX_2_Level5.jpg,data/raw/JSON/2_0001.json,2_0001_B0XX_2_Level5.jpg,5,5,Destroyed or under construction,1,1,0,456,311,567,312,112,0.025885416666666668,0.10753852542337357,0.7102978985021239,09 September 2019,"Marsh Harbor, Abaco, the bahamas",https://youtu.be/D8wvAgKNK5Q
2_0004_000,2,4,2_0004,B032,26.55639,-77.1076,data/raw/FRAME/2_0004.jpg,data/raw/MASK/2_0004_B0XX_0_Level0.jpg,data/raw/JSON/2_0004.json,2_0004_B0XX_0_Level0.jpg,0,0,No or very minor damage,1,1,848,328,967,367,120,40,0.004083116319444444,0.7075382424262556,0.48427525319632686,09 September 2019,"Marsh Harbor, Abaco, the bahamas",https://youtu.be/D8wvAgKNK5Q
2_0004_001,2,4,2_0004,B031,26.55656,-77.10738,data/raw/FRAME/2_0004.jpg,data/raw/MASK/2_0004_B0XX_0_Level3.jpg,data/raw/JSON/2_0004.json,2_0004_B0XX_0_Level3.jpg,3,3,Severe damage,1,1,696,320,855,399,160,80,0.00919162326388889,0.602513077706292,0.49849535670719713,09 September 2019,"Marsh Harbor, Abaco, the bahamas",https://youtu.be/D8wvAgKNK5Q
2_0004_002,2,4,2_0004,B024,26.55673,-77.10718,data/raw/FRAME/2_0004.jpg,data/raw/MASK/2_0004_B0XX_0_Level4.jpg,data/raw/JSON/2_0004.json,2_0004_B0XX_0_Level4.jpg,4,4,Destruction,1,1,488,360,663,423,176,64,0.008059895833333334,0.4489423465266559,0.5479972551307366,09 September 2019,"Marsh Harbor, Abaco, the bahamas",https://youtu.be/D8wvAgKNK5Q
2_0004_003,2,4,2_0004,B025,26.55653,-77.10668,data/raw/FRAME/2_0004.jpg,data/raw/MASK/2_0004_B0XX_0_Level5.jpg,data/raw/JSON/2_0004.json,2_0004_B0XX_0_Level5.jpg,5,5,Destroyed or under construction,1,1,120,344,311,415,192,72,0.00888671875,0.16526241987179485,0.5276388888888889,09 September 2019,"Marsh Harbor, Abaco, the bahamas",https://youtu.be/D8wvAgKNK5Q
2_0004_004,2,4,2_0004,B026,26.55727,-77.10746,data/raw/FRAME/2_0004.jpg,data/raw/MASK/2_0004_B0XX_1_Level3.jpg,data/raw/JSON/2_0004.json,2_0004_B0XX_1_Level3.jpg,3,3,Severe damage,1,1,944,448,1207,535,264,88,0.021416015625,0.8445949390738207,0.681350030681236,09 September 2019,"Marsh Harbor, Abaco, the bahamas",https://youtu.be/D8wvAgKNK5Q
2_0004_005,2,4,2_0004,B028,26.55721,-77.10666,data/raw/FRAME/2_0004.jpg,data/raw/MASK/2_0004_B0XX_2_Level5.jpg,data/raw/JSON/2_0004.json,2_0004_B0XX_2_Level5.jpg,5,5,Destroyed or under construction,1,1,0,408,455,591,456,184,0.053246527777777775,0.1684994911813254,0.6916511282741007,09 September 2019,"Marsh Harbor, Abaco, the bahamas",https://youtu.be/D8wvAgKNK5Q
2_0014_000,2,14,2_0014,B033,26.55591,-77.10759,data/raw/FRAME/2_0014.jpg,data/raw/MASK/2_0014_B0XX_0_Level0.jpg,data/raw/JSON/2_0014.json,2_0014_B0XX_0_Level0.jpg,0,0,No or very minor damage,1,1,776,304,903,343,128,40,0.004791666666666666,0.6574565500452898,0.44823746980676327,09 September 2019,"Marsh Harbor, Abaco, the bahamas",https://youtu.be/D8wvAgKNK5Q
2_0014_001,2,14,2_0014,B029,26.55629,-77.10637,data/raw/FRAME/2_0014.jpg,data/raw/MASK/2_0014_B0XX_0_Level2.jpg,data/raw/JSON/2_0014.json,2_0014_B0XX_0_Level2.jpg,2,2,Moderate damage,1,1,0,328,151,391,152,64,0.007837456597222223,0.05322342690017998,0.5031427384743181,09 September 2019,"Marsh Harbor, Abaco, the bahamas",https://youtu.be/D8wvAgKNK5Q
2_0014_002,2,14,2_0014,B024,26.55673,-77.10718,data/raw/FRAME/2_0014.jpg,data/raw/MASK/2_0014_B0XX_0_Level3.jpg,data/raw/JSON/2_0014.json,2_0014_B0XX_0_Level3.jpg,3,3,Severe damage,1,1,512,384,703,455,192,72,0.010022786458333334,0.47388737211757065,0.5828608975978251,09 September 2019,"Marsh Harbor, Abaco, the bahamas",https://youtu.be/D8wvAgKNK5Q
2_0014_003,2,14,2_0014,B030,26.55618,-77.10723,data/raw/FRAME/2_0014.jpg,data/raw/MASK/2_0014_B0XX_0_Level4.jpg,data/raw/JSON/2_0014.json,2_0014_B0XX_0_Level4.jpg,4,4,Destruction,1,1,600,320,751,367,152,48,0.005517578125,0.5276791420845625,0.4787602425434284,09 September 2019,"Marsh Harbor, Abaco, the bahamas",https://youtu.be/D8wvAgKNK5Q
2_0014_004,2,14,2_0014,B025,26.55653,-77.10668,data/raw/FRAME/2_0014.jpg,data/raw/MASK/2_0014_B0XX_0_Level5.jpg,data/raw/JSON/2_0014.json,2_0014_B0XX_0_Level5.jpg,5,5,Destroyed or under construction,1,1,120,352,319,431,200,80,0.010641276041666667,0.16882958282349342,0.5484471126066416,09 September 2019,"Marsh Harbor, Abaco, the bahamas",https://youtu.be/D8wvAgKNK5Q
2_0014_005,2,14,2_0014,B032,26.55639,-77.1076,data/raw/FRAME/2_0014.jpg,data/raw/MASK/2_0014_B0XX_1_Level0.jpg,data/raw/JSON/2_0014.json,2_0014_B0XX_1_Level0.jpg,0,0,No or very minor damage,1,1,912,344,1039,391,128,48,0.004997829861111111,0.7601180864633087,0.5077362860037632,09 September 2019,"Marsh Harbor, Abaco, the bahamas",https://youtu.be/D8wvAgKNK5Q
2_0014_006,2,14,2_0014,B031,26.55656,-77.10738,data/raw/FRAME/2_0014.jpg,data/raw/MASK/2_0014_B0XX_1_Level2.jpg,data/raw/JSON/2_0014.json,2_0014_B0XX_1_Level2.jpg,2,2,Moderate damage,1,1,744,352,919,415,176,64,0.009543185763888889,0.6456124751279135,0.5349024066704567,09 September 2019,"Marsh Harbor, Abaco, the bahamas",https://youtu.be/D8wvAgKNK5Q
2_0014_007,2,14,2_0014,B033,26.55591,-77.10759,data/raw/FRAME/2_0014.jpg,data/raw/MASK/2_0014_B0XX_2_Level4.jpg,data/raw/JSON/2_0014.json,2_0014_B0XX_2_Level4.jpg,4,4,Destruction,1,1,984,360,1159,431,176,72,0.010326605902777777,0.8429452722759272,0.5512360921392129,09 September 2019,"Marsh Harbor, Abaco, the bahamas",https://youtu.be/D8wvAgKNK5Q
2_0014_008,2,14,2_0014,B028,26.55721,-77.10666,data/raw/FRAME/2_0014.jpg,data/raw/MASK/2_0014_B0XX_3_Level4.jpg,data/raw/JSON/2_0014.json,2_0014_B0XX_3_Level4.jpg,4,4,Destruction,1,1,160,432,471,543,312,112,0.02436306423611111,0.24899877661114328,0.6686168514972016,09 September 2019,"Marsh Harbor, Abaco, the bahamas",https://youtu.be/D8wvAgKNK5Q
2_0014_009,2,14,2_0014,B026,26.55727,-77.10746,data/raw/FRAME/2_0014.jpg,data/raw/MASK/2_0014_B0XX_4_Level4.jpg,data/raw/JSON/2_0014.json,2_0014_B0XX_4_Level4.jpg,4,4,Destruction,1,1,1032,488,1279,599,248,112,0.024404296875,0.90567730564448,0.7527290545847969,09 September 2019,"Marsh Harbor, Abaco, the bahamas",https://youtu.be/D8wvAgKNK5Q
2_0014_010,2,14,2_0014,B028,26.55721,-77.10666,data/raw/FRAME/2_0014.jpg,data/raw/MASK/2_0014_B0XX_7_Level5.jpg,data/raw/JSON/2_0014.json,2_0014_B0XX_7_Level5.jpg,5,5,Destroyed or under construction,1,1,0,480,367,671,368,192,0.0458984375,0.12295632018321515,0.7912385080115576,09 September 2019,"Marsh Harbor, Abaco, the bahamas",https://youtu.be/D8wvAgKNK5Q
2_0021_000,2,21,2_0021,B032,26.55639,-77.1076,data/raw/FRAME/2_0021.jpg,data/raw/MASK/2_0021_B0XX_0_Level0.jpg,data/raw/JSON/2_0021.json,2_0021_B0XX_0_Level0.jpg,0,0,No or very minor damage,1,1,968,352,1119,407,152,56,0.006435546875,0.81273288652841,0.5255987841660578,09 September 2019,"Marsh Harbor, Abaco, the bahamas",https://youtu.be/D8wvAgKNK5Q
2_0021_001,2,21,2_0021,B029,26.55629,-77.10637,data/raw/FRAME/2_0021.jpg,data/raw/MASK/2_0021_B0XX_0_Level1.jpg,data/raw/JSON/2_0021.json,2_0021_B0XX_0_Level1.jpg,1,1,Minor damage,1,1,0,336,167,407,168,72,0.009381510416666667,0.060921506332408046,0.5158991312617267,09 September 2019,"Marsh Harbor, Abaco, the bahamas",https://youtu.be/D8wvAgKNK5Q
2_0021_002,2,21,2_0021,B030,26.55618,-77.10723,data/raw/FRAME/2_0021.jpg,data/raw/MASK/2_0021_B0XX_0_Level2.jpg,data/raw/JSON/2_0021.json,2_0021_B0XX_0_Level2.jpg,2,2,Moderate damage,1,1,640,328,799,383,160,56,0.006334635416666666,0.5648163165895854,0.49272129915115526,09 September 2019,"Marsh Harbor, Abaco, the bahamas",https://youtu.be/D8wvAgKNK5Q
2_0021_003,2,21,2_0021,B024,26.55673,-77.10718,data/raw/FRAME/2_0021.jpg,data/raw/MASK/2_0021_B0XX_0_Level4.jpg,data/raw/JSON/2_0021.json,2_0021_B0XX_0_Level4.jpg,4,4,Destruction,1,1,536,400,743,471,208,72,0.011780598958333333,0.5017411002118448,0.6094240275091339,09 September 2019,"Marsh Harbor, Abaco, the bahamas",https://youtu.be/D8wvAgKNK5Q
2_0021_004,2,21,2_0021,B025,26.55653,-77.10668,data/raw/FRAME/2_0021.jpg,data/raw/MASK/2_0021_B0XX_0_Level5.jpg,data/raw/JSON/2_0021.json,2_0021_B0XX_0_Level5.jpg,5,5,Destroyed or under construction,1,1,136,368,335,447,200,80,0.012749565972222222,0.18349820478723405,0.5644726950354609,09 September 2019,"Marsh Harbor, Abaco, the bahamas",https://youtu.be/D8wvAgKNK5Q
2_0021_005,2,21,2_0021,B031,26.55656,-77.10738,data/raw/FRAME/2_0021.jpg,data/raw/MASK/2_0021_B0XX_1_Level1.jpg,data/raw/JSON/2_0021.json,2_0021_B0XX_1_Level1.jpg,1,1,Minor damage,1,0,792,368,983,431,192,64,0.009633246527777778,0.6919004491439513,0.5570242296813597,09 September 2019,"Marsh Harbor, Abaco, the bahamas",https://youtu.be/D8wvAgKNK5Q
2_0021_006,2,21,2_0021,B028,26.55721,-77.10666,data/raw/FRAME/2_0021.jpg,data/raw/MASK/2_0021_B0XX_1_Level4.jpg,data/raw/JSON/2_0021.json,2_0021_B0XX_1_Level4.jpg,4,4,Destruction,1,0,152,456,463,583,312,128,0.02826388888888889,0.24799768696253072,0.7180186578624078,09 September 2019,"Marsh Harbor, Abaco, the bahamas",https://youtu.be/D8wvAgKNK5Q
2_0021_007,2,21,2_0021,B028,26.55721,-77.10666,data/raw/FRAME/2_0021.jpg,data/raw/MASK/2_0021_B0XX_1_Level5.jpg,data/raw/JSON/2_0021.json,2_0021_B0XX_1_Level5.jpg,5,5,Destroyed or under construction,1,0,8,512,359,719,352,208,0.051106770833333336,0.12294989052547771,0.8460604505779664,09 September 2019,"Marsh Harbor, Abaco, the bahamas",https://youtu.be/D8wvAgKNK5Q
2_0021_008,2,21,2_0021,B026,26.55727,-77.10746,data/raw/FRAME/2_0021.jpg,data/raw/MASK/2_0021_B0XX_6_Level3.jpg,data/raw/JSON/2_0021.json,2_0021_B0XX_6_Level3.jpg,3,3,Severe damage,1,0,1112,536,1279,647,168,112,0.01793185763888889,0.9379164838738957,0.8189252289321878,09 September 2019,"Marsh Harbor, Abaco, the bahamas",https://youtu.be/D8wvAgKNK5Q
2_0024_000,2,24,2_0024,B028,26.55721,-77.10666,data/raw/FRAME/2_0024.jpg,data/raw/MASK/2_0024_B0XX_0_Level5.jpg,data/raw/JSON/2_0024.json,2_0024_B0XX_0_Level5.jpg,5,5,Destroyed or under construction,1,0,0,520,367,719,368,200,0.046512586805555554,0.1410538436639761,0.8574058953742153,09 September 2019,"Marsh Harbor, Abaco, the bahamas",https://youtu.be/D8wvAgKNK5Q
2_0024_001,2,24,2_0024,B028,26.55721,-77.10666,data/raw/FRAME/2_0024.jpg,data/raw/MASK/2_0024_B0XX_1_Level4.jpg,data/raw/JSON/2_0024.json,2_0024_B0XX_1_Level4.jpg,4,4,Destruction,1,0,168,464,487,607,320,144,0.030453559027777778,0.25774396734483,0.7402467002383271,09 September 2019,"Marsh Harbor, Abaco, the bahamas",https://youtu.be/D8wvAgKNK5Q
2_0027_000,2,27,2_0027,B032,26.55639,-77.1076,data/raw/FRAME/2_0027.jpg,data/raw/MASK/2_0027_B0XX_0_Level0.jpg,data/raw/JSON/2_0027.json,2_0027_B0XX_0_Level0.jpg,0,0,No or very minor damage,1,1,1048,360,1191,423,144,64,0.007224392361111111,0.8745600921823371,0.543986348920263,09 September 2019,"Marsh Harbor, Abaco, the bahamas",https://youtu.be/D8wvAgKNK5Q
2_0027_001,2,27,2_0027,B029,26.55629,-77.10637,data/raw/FRAME/2_0027.jpg,data/raw/MASK/2_0027_B0XX_0_Level1.jpg,data/raw/JSON/2_0027.json,2_0027_B0XX_0_Level1.jpg,1,1,Minor damage,1,1,0,344,207,415,208,72,0.010863715277777778,0.07899028977726727,0.5241812602654592,09 September 2019,"Marsh Harbor, Abaco, the bahamas",https://youtu.be/D8wvAgKNK5Q
2_0027_002,2,27,2_0027,B024,26.55673,-77.10718,data/raw/FRAME/2_0027.jpg,data/raw/MASK/2_0027_B0XX_0_Level4.jpg,data/raw/JSON/2_0027.json,2_0027_B0XX_0_Level4.jpg,4,4,Destruction,1,1,592,416,807,503,216,88,0.013662109375,0.5440964155944722,0.6365983418491162,09 September 2019,"Marsh Harbor, Abaco, the bahamas",https://youtu.be/D8wvAgKNK5Q
2_0027_003,2,27,2_0027,B025,26.55653,-77.10668,data/raw/FRAME/2_0027.jpg,data/raw/MASK/2_0027_B0XX_0_Level5.jpg,data/raw/JSON/2_0027.json,2_0027_B0XX_0_Level5.jpg,5,5,Destroyed or under construction,1,1,168,368,367,455,200,88,0.013179253472222222,0.2102298982175202,0.5781173957590061,09 September 2019,"Marsh Harbor, Abaco, the bahamas",https://youtu.be/D8wvAgKNK5Q
2_0027_004,2,27,2_0027,B031,26.55656,-77.10738,data/raw/FRAME/2_0027.jpg,data/raw/MASK/2_0027_B0XX_1_Level1.jpg,data/raw/JSON/2_0027.json,2_0027_B0XX_1_Level1.jpg,1,1,Minor damage,1,0,856,384,1055,455,200,72,0.011975911458333334,0.7456611143200145,0.5805851278024423,09 September 2019,"Marsh Harbor, Abaco, the bahamas",https://youtu.be/D8wvAgKNK5Q
2_0027_005,2,27,2_0027,B028,26.55721,-77.10666,data/raw/FRAME/2_0027.jpg,data/raw/MASK/2_0027_B0XX_1_Level4.jpg,data/raw/JSON/2_0027.json,2_0027_B0XX_1_Level4.jpg,4,4,Destruction,1,0,176,480,495,623,320,144,0.03369357638888889,0.26505229634967153,0.7605028572144218,09 September 2019,"Marsh Harbor, Abaco, the bahamas",https://youtu.be/D8wvAgKNK5Q
2_0027_006,2,27,2_0027,B028,26.55721,-77.10666,data/raw/FRAME/2_0027.jpg,data/raw/MASK/2_0027_B0XX_3_Level5.jpg,data/raw/JSON/2_0027.json,2_0027_B0XX_3_Level5.jpg,5,5,Destroyed or under construction,1,0,0,536,375,719,376,184,0.04064019097222222,0.1517877763389758,0.8758650611416671,09 September 2019,"Marsh Harbor, Abaco, the bahamas",https://youtu.be/D8wvAgKNK5Q
2_0030_000,2,30,2_0030,B033,26.55591,-77.10759,data/raw/FRAME/2_0030.jpg,data/raw/MASK/2_0030_B0XX_0_Level0.jpg,data/raw/JSON/2_0030.json,2_0030_B0XX_0_Level0.jpg,0,0,No or very minor damage,1,1,936,320,1079,359,144,40,0.0046484375,0.7852576447245565,0.4727490533250337,09 September 2019,"Marsh Harbor, Abaco, the bahamas",https://youtu.be/D8wvAgKNK5Q
2_0030_001,2,30,2_0030,B029,26.55629,-77.10637,data/raw/FRAME/2_0030.jpg,data/raw/MASK/2_0030_B0XX_0_Level1.jpg,data/raw/JSON/2_0030.json,2_0030_B0XX_0_Level1.jpg,1,1,Minor damage,1,1,16,344,223,415,208,72,0.011354166666666667,0.08904256558199541,0.5283499777013252,09 September 2019,"Marsh Harbor, Abaco, the bahamas",https://youtu.be/D8wvAgKNK5Q
2_0030_002,2,30,2_0030,B031,26.55656,-77.10738,data/raw/FRAME/2_0030.jpg,data/raw/MASK/2_0030_B0XX_0_Level2.jpg,data/raw/JSON/2_0030.json,2_0030_B0XX_0_Level2.jpg,2,2,Moderate damage,1,1,888,384,1111,463,224,80,0.013079427083333333,0.7791962859839058,0.5912427640432867,09 September 2019,"Marsh Harbor, Abaco, the bahamas",https://youtu.be/D8wvAgKNK5Q
2_0030_003,2,30,2_0030,B030,26.55618,-77.10723,data/raw/FRAME/2_0030.jpg,data/raw/MASK/2_0030_B0XX_0_Level3.jpg,data/raw/JSON/2_0030.json,2_0030_B0XX_0_Level3.jpg,3,3,Severe damage,1,1,728,344,895,391,168,48,0.006828342013888889,0.6363377463054187,0.508996106785317,09 September 2019,"Marsh Harbor, Abaco, the bahamas",https://youtu.be/D8wvAgKNK5Q
2_0030_004,2,30,2_0030,B024,26.55673,-77.10718,data/raw/FRAME/2_0030.jpg,data/raw/MASK/2_0030_B0XX_0_Level4.jpg,data/raw/JSON/2_0030.json,2_0030_B0XX_0_Level4.jpg,4,4,Destruction,1,1,616,424,839,503,224,80,0.014672309027777778,0.5684860204666469,0.6481824886193692,09 September 2019,"Marsh Harbor, Abaco, the bahamas",https://youtu.be/D8wvAgKNK5Q
2_0030_005,2,30,2_0030,B025,26.55653,-77.10668,data/raw/FRAME/2_0030.jpg,data/raw/MASK/2_0030_B0XX_0_Level5.jpg,data/raw/JSON/2_0030.json,2_0030_B0XX_0_Level5.jpg,5,5,Destroyed or under construction,1,1,184,384,391,471,208,88,0.0132421875,0.22120481758030155,0.5924793555846899,09 September 2019,"Marsh Harbor, Abaco, the bahamas",https://youtu.be/D8wvAgKNK5Q
2_0030_006,2,30,2_0030,B032,26.55639,-77.1076,data/raw/FRAME/2_0030.jpg,data/raw/MASK/2_0030_B0XX_1_Level0.jpg,data/raw/JSON/2_0030.json,2_0030_B0XX_1_Level0.jpg,0,0,No or very minor damage,1,1,1088,368,1247,431,160,64,0.007863498263888888,0.9111995696495102,0.5519345169648744,09 September 2019,"Marsh Harbor, Abaco, the bahamas",https://youtu.be/D8wvAgKNK5Q
2_0030_007,2,30,2_0030,B028,26.55721,-77.10666,data/raw/FRAME/2_0030.jpg,data/raw/MASK/2_0030_B0XX_1_Level5.jpg,data/raw/JSON/2_0030.json,2_0030_B0XX_1_Level5.jpg,5,5,Destroyed or under construction,1,1,0,552,375,719,376,168,0.03473090277777778,0.16413850638902774,0.8816968934849622,09 September 2019,"Marsh Harbor, Abaco, the bahamas",https://youtu.be/D8wvAgKNK5Q
2_0030_008,2,30,2_0030,B028,26.55721,-77.10666,data/raw/FRAME/2_0030.jpg,data/raw/MASK/2_0030_B0XX_4_Level4.jpg,data/raw/JSON/2_0030.json,2_0030_B0XX_4_Level4.jpg,4,4,Destruction,1,1,176,496,511,647,336,152,0.03767144097222222,0.2732759753586036,0.7862919330990649,09 September 2019,"Marsh Harbor, Abaco, the bahamas",https://youtu.be/D8wvAgKNK5Q
2_0033_000,2,33,2_0033,B032,26.55639,-77.1076,data/raw/FRAME/2_0033.jpg,data/raw/MASK/2_0033_B0XX_0_Level0.jpg,data/raw/JSON/2_0033.json,2_0033_B0XX_0_Level0.jpg,0,0,No or very minor damage,1,1,1128,376,1279,439,152,64,0.008190104166666667,0.9426212862678855,0.5661335968321263,09 September 2019,"Marsh Harbor, Abaco, the bahamas",https://youtu.be/D8wvAgKNK5Q
2_0033_001,2,33,2_0033,B029,26.55629,-77.10637,data/raw/FRAME/2_0033.jpg,data/raw/MASK/2_0033_B0XX_0_Level1.jpg,data/raw/JSON/2_0033.json,2_0033_B0XX_0_Level1.jpg,1,1,Minor damage,1,1,32,344,247,423,216,80,0.011650390625,0.10326928785973735,0.5333947771465235,09 September 2019,"Marsh Harbor, Abaco, the bahamas",https://youtu.be/D8wvAgKNK5Q
2_0033_002,2,33,2_0033,B030,26.55618,-77.10723,data/raw/FRAME/2_0033.jpg,data/raw/MASK/2_0033_B0XX_0_Level2.jpg,data/raw/JSON/2_0033.json,2_0033_B0XX_0_Level2.jpg,2,2,Moderate damage,1,1,752,344,927,399,176,56,0.007795138888888889,0.6596489377435969,0.5170026756990844,09 September 2019,"Marsh Harbor, Abaco, the bahamas",https://youtu.be/D8wvAgKNK5Q
2_0033_003,2,33,2_0033,B034,26.55626,-77.10742,data/raw/FRAME/2_0033.jpg,data/raw/MASK/2_0033_B0XX_0_Level4.jpg,data/raw/JSON/2_0033.json,2_0033_B0XX_0_Level4.jpg,4,4,Destruction,1,1,960,360,1087,407,128,48,0.0044921875,0.8013781325483091,0.5308631910896403,09 September 2019,"Marsh Harbor, Abaco, the bahamas",https://youtu.be/D8wvAgKNK5Q
2_0033_004,2,33,2_0033,B025,26.55653,-77.10668,data/raw/FRAME/2_0033.jpg,data/raw/MASK/2_0033_B0XX_0_Level5.jpg,data/raw/JSON/2_0033.json,2_0033_B0XX_0_Level5.jpg,5,5,Destroyed or under construction,1,1,192,376,399,479,208,104,0.015855034722222223,0.23344869584930192,0.5928957744015574,09 September 2019,"Marsh Harbor, Abaco, the bahamas",https://youtu.be/D8wvAgKNK5Q
2_0033_005,2,33,2_0033,B031,26.55656,-77.10738,data/raw/FRAME/2_0033.jpg,data/raw/MASK/2_0033_B0XX_1_Level1.jpg,data/raw/JSON/2_0033.json,2_0033_B0XX_1_Level1.jpg,1,1,Minor damage,1,0,920,400,1143,471,224,72,0.014200303819444444,0.8066522359975549,0.60587881952404,09 September 2019,"Marsh Harbor, Abaco, the bahamas",https://youtu.be/D8wvAgKNK5Q
2_0033_006,2,33,2_0033,B028,26.55721,-77.10666,data/raw/FRAME/2_0033.jpg,data/raw/MASK/2_0033_B0XX_1_Level4.jpg,data/raw/JSON/2_0033.json,2_0033_B0XX_1_Level4.jpg,4,4,Destruction,1,0,176,504,535,671,360,168,0.043133680555555554,0.27771252075367275,0.8135595204154649,09 September 2019,"Marsh Harbor, Abaco, the bahamas",https://youtu.be/D8wvAgKNK5Q
2_0033_007,2,33,2_0033,B028,26.55721,-77.10666,data/raw/FRAME/2_0033.jpg,data/raw/MASK/2_0033_B0XX_2_Level5.jpg,data/raw/JSON/2_0033.json,2_0033_B0XX_2_Level5.jpg,5,5,Destroyed or under construction,1,0,0,576,375,719,376,144,0.029985894097222222,0.14736382191966707,0.9015547413706451,09 September 2019,"Marsh Harbor, Abaco, the bahamas",https://youtu.be/D8wvAgKNK5Q
2_0033_008,2,33,2_0033,B023,26.55675,-77.10652,data/raw/FRAME/2_0033.jpg,data/raw/MASK/2_0033_B0XX_4_Level4.jpg,data/raw/JSON/2_0033.json,2_0033_B0XX_4_Level4.jpg,4,4,Destruction,1,0,0,416,159,527,160,112,0.013419053819444445,0.0521555601601035,0.6438691005633271,09 September 2019,"Marsh Harbor, Abaco, the bahamas",https://youtu.be/D8wvAgKNK5Q
2_0033_009,2,33,2_0033,B024,26.55673,-77.10718,data/raw/FRAME/2_0033.jpg,data/raw/MASK/2_0033_B0XX_6_Level4.jpg,data/raw/JSON/2_0033.json,2_0033_B0XX_6_Level4.jpg,4,4,Destruction,1,0,640,440,871,519,232,80,0.014802517361111111,0.5869507426513707,0.668160826858232,09 September 2019,"Marsh Harbor, Abaco, the bahamas",https://youtu.be/D8wvAgKNK5Q
2_0036_000,2,36,2_0036,B032,26.55639,-77.1076,data/raw/FRAME/2_0036.jpg,data/raw/MASK/2_0036_B0XX_0_Level0.jpg,data/raw/JSON/2_0036.json,2_0036_B0XX_0_Level0.jpg,0,0,No or very minor damage,1,1,1128,384,1279,447,152,64,0.007803819444444445,0.9477788906076196,0.5729201427512051,09 September 2019,"Marsh Harbor, Abaco, the bahamas",https://youtu.be/D8wvAgKNK5Q
2_0036_001,2,36,2_0036,B029,26.55629,-77.10637,data/raw/FRAME/2_0036.jpg,data/raw/MASK/2_0036_B0XX_0_Level1.jpg,data/raw/JSON/2_0036.json,2_0036_B0XX_0_Level1.jpg,1,1,Minor damage,1,1,16,352,231,431,216,80,0.012919921875,0.09247862339380196,0.5410849593609736,09 September 2019,"Marsh Harbor, Abaco, the bahamas",https://youtu.be/D8wvAgKNK5Q
2_0036_002,2,36,2_0036,B030,26.55618,-77.10723,data/raw/FRAME/2_0036.jpg,data/raw/MASK/2_0036_B0XX_0_Level3.jpg,data/raw/JSON/2_0036.json,2_0036_B0XX_0_Level3.jpg,3,3,Severe damage,1,1,760,352,943,407,184,56,0.008479817708333334,0.6655470249520153,0.525270135778773,09 September 2019,"Marsh Harbor, Abaco, the bahamas",https://youtu.be/D8wvAgKNK5Q
2_0036_003,2,36,2_0036,B034,26.55626,-77.10742,data/raw/FRAME/2_0036.jpg,data/raw/MASK/2_0036_B0XX_0_Level4.jpg,data/raw/JSON/2_0036.json,2_0036_B0XX_0_Level4.jpg,4,4,Destruction,1,1,968,360,1103,415,136,56,0.005657552083333333,0.8096568433544304,0.5369070451348932,09 September 2019,"Marsh Harbor, Abaco, the bahamas",https://youtu.be/D8wvAgKNK5Q
2_0036_004,2,36,2_0036,B025,26.55653,-77.10668,data/raw/FRAME/2_0036.jpg,data/raw/MASK/2_0036_B0XX_0_Level5.jpg,data/raw/JSON/2_0036.json,2_0036_B0XX_0_Level5.jpg,5,5,Destroyed or under construction,1,1,176,384,399,479,224,96,0.016625434027777778,0.22251618383696647,0.6029045925249097,09 September 2019,"Marsh Harbor, Abaco, the bahamas",https://youtu.be/D8wvAgKNK5Q
2_0036_005,2,36,2_0036,B031,26.55656,-77.10738,data/raw/FRAME/2_0036.jpg,data/raw/MASK/2_0036_B0XX_1_Level1.jpg,data/raw/JSON/2_0036.json,2_0036_B0XX_1_Level1.jpg,1,1,Minor damage,1,0,936,400,1167,479,232,80,0.01591037326388889,0.8150557525745074,0.6117227223472536,09 September 2019,"Marsh Harbor, Abaco, the bahamas",https://youtu.be/D8wvAgKNK5Q
2_0036_006,2,36,2_0036,B028,26.55721,-77.10666,data/raw/FRAME/2_0036.jpg,data/raw/MASK/2_0036_B0XX_1_Level5.jpg,data/raw/JSON/2_0036.json,2_0036_B0XX_1_Level5.jpg,5,5,Destroyed or under construction,1,0,0,592,359,719,360,128,0.03183159722222222,0.11800518134715025,0.9339781610762659,09 September 2019,"Marsh Harbor, Abaco, the bahamas",https://youtu.be/D8wvAgKNK5Q
2_0036_007,2,36,2_0036,B024,26.55673,-77.10718,data/raw/FRAME/2_0036.jpg,data/raw/MASK/2_0036_B0XX_2_Level4.jpg,data/raw/JSON/2_0036.json,2_0036_B0XX_2_Level4.jpg,4,4,Destruction,1,0,640,440,871,527,232,88,0.016439887152777777,0.5876541255527689,0.6789246584383869,09 September 2019,"Marsh Harbor, Abaco, the bahamas",https://youtu.be/D8wvAgKNK5Q
2_0036_008,2,36,2_0036,B028,26.55721,-77.10666,data/raw/FRAME/2_0036.jpg,data/raw/MASK/2_0036_B0XX_4_Level4.jpg,data/raw/JSON/2_0036.json,2_0036_B0XX_4_Level4.jpg,4,4,Destruction,1,0,160,520,519,695,360,176,0.04648328993055555,0.26285875604005693,0.8432779645235001,09 September 2019,"Marsh Harbor, Abaco, the bahamas",https://youtu.be/D8wvAgKNK5Q
2_0046_000,2,46,2_0046,B033,26.55591,-77.10759,data/raw/FRAME/2_0046.jpg,data/raw/MASK/2_0046_B0XX_0_Level0.jpg,data/raw/JSON/2_0046.json,2_0046_B0XX_0_Level0.jpg,0,0,No or very minor damage,1,1,936,328,1095,375,160,48,0.006346571180555555,0.7924048181313045,0.49292732850819704,09 September 2019,"Marsh Harbor, Abaco, the bahamas",https://youtu.be/D8wvAgKNK5Q
2_0046_001,2,46,2_0046,B035,26.55538,-77.10749,data/raw/FRAME/2_0046.jpg,data/raw/MASK/2_0046_B0XX_0_Level1.jpg,data/raw/JSON/2_0046.json,2_0046_B0XX_0_Level1.jpg,1,1,Minor damage,1,1,816,280,927,327,112,48,0.004249131944444444,0.6784878942160367,0.42420092781750085,09 September 2019,"Marsh Harbor, Abaco, the bahamas",https://youtu.be/D8wvAgKNK5Q
2_0046_002,2,46,2_0046,B036,26.55532,-77.10733,data/raw/FRAME/2_0046.jpg,data/raw/MASK/2_0046_B0XX_0_Level3.jpg,data/raw/JSON/2_0046.json,2_0046_B0XX_0_Level3.jpg,3,3,Severe damage,1,1,736,280,831,327,96,48,0.0035394965277777777,0.6114421271459227,0.4213800326997752,09 September 2019,"Marsh Harbor, Abaco, the bahamas",https://youtu.be/D8wvAgKNK5Q
2_0046_003,2,46,2_0046,B025,26.55653,-77.10668,data/raw/FRAME/2_0046.jpg,data/raw/MASK/2_0046_B0XX_0_Level5.jpg,data/raw/JSON/2_0046.json,2_0046_B0XX_0_Level5.jpg,5,5,Destroyed or under construction,1,1,56,408,303,527,248,120,0.022452256944444443,0.14119734529045042,0.6448963098996928,09 September 2019,"Marsh Harbor, Abaco, the bahamas",https://youtu.be/D8wvAgKNK5Q
2_0046_004,2,46,2_0046,B029,26.55629,-77.10637,data/raw/FRAME/2_0046.jpg,data/raw/MASK/2_0046_B0XX_1_Level0.jpg,data/raw/JSON/2_0046.json,2_0046_B0XX_1_Level0.jpg,0,0,No or very minor damage,1,0,0,368,127,455,128,88,0.007804904513888889,0.04063401484081746,0.5722843968673247,09 September 2019,"Marsh Harbor, Abaco, the bahamas",https://youtu.be/D8wvAgKNK5Q
2_0046_005,2,46,2_0046,B031,26.55656,-77.10738,data/raw/FRAME/2_0046.jpg,data/raw/MASK/2_0046_B0XX_1_Level1.jpg,data/raw/JSON/2_0046.json,2_0046_B0XX_1_Level1.jpg,1,1,Minor damage,1,0,896,424,1159,519,264,96,0.019622395833333334,0.801920896925459,0.653483435326501,09 September 2019,"Marsh Harbor, Abaco, the bahamas",https://youtu.be/D8wvAgKNK5Q
2_0046_006,2,46,2_0046,B024,26.55673,-77.10718,data/raw/FRAME/2_0046.jpg,data/raw/MASK/2_0046_B0XX_1_Level3.jpg,data/raw/JSON/2_0046.json,2_0046_B0XX_1_Level3.jpg,3,3,Severe damage,1,0,560,472,831,575,272,104,0.020796440972222222,0.5461532221772931,0.7300553207647803,09 September 2019,"Marsh Harbor, Abaco, the bahamas",https://youtu.be/D8wvAgKNK5Q
2_0046_007,2,46,2_0046,B027,26.55701,-77.10679,data/raw/FRAME/2_0046.jpg,data/raw/MASK/2_0046_B0XX_1_Level5.jpg,data/raw/JSON/2_0046.json,2_0046_B0XX_1_Level5.jpg,5,5,Destroyed or under construction,1,0,0,584,415,719,416,136,0.024320746527777777,0.17049214497635407,0.8993176387773515,09 September 2019,"Marsh Harbor, Abaco, the bahamas",https://youtu.be/D8wvAgKNK5Q
2_0046_008,2,46,2_0046,B032,26.55639,-77.1076,data/raw/FRAME/2_0046.jpg,data/raw/MASK/2_0046_B0XX_2_Level0.jpg,data/raw/JSON/2_0046.json,2_0046_B0XX_2_Level0.jpg,0,0,No or very minor damage,1,0,1120,392,1279,463,160,72,0.009662543402777777,0.9417301551094891,0.5955327843284047,09 September 2019,"Marsh Harbor, Abaco, the bahamas",https://youtu.be/D8wvAgKNK5Q
2_0046_009,2,46,2_0046,B030,26.55618,-77.10723,data/raw/FRAME/2_0046.jpg,data/raw/MASK/2_0046_B0XX_2_Level2.jpg,data/raw/JSON/2_0046.json,2_0046_B0XX_2_Level2.jpg,2,2,Moderate damage,1,0,704,360,903,423,200,64,0.010150824652777777,0.6306198222875468,0.5436846012233505,09 September 2019,"Marsh Harbor, Abaco, the bahamas",https://youtu.be/D8wvAgKNK5Q
2_0053_000,2,53,2_0053,B033,26.55591,-77.10759,data/raw/FRAME/2_0053.jpg,data/raw/MASK/2_0053_B0XX_0_Level0.jpg,data/raw/JSON/2_0053.json,2_0053_B0XX_0_Level0.jpg,0,0,No or very minor damage,1,0,920,336,1087,383,168,48,0.0069878472222222225,0.7824703998447206,0.5008609385783299,09 September 2019,"Marsh Harbor, Abaco, the bahamas",https://youtu.be/D8wvAgKNK5Q
2_0053_001,2,53,2_0053,B030,26.55618,-77.10723,data/raw/FRAME/2_0053.jpg,data/raw/MASK/2_0053_B0XX_0_Level2.jpg,data/raw/JSON/2_0053.json,2_0053_B0XX_0_Level2.jpg,2,2,Moderate damage,1,0,680,368,879,431,200,64,0.009911024305555556,0.6099898901083862,0.55593296109773,09 September 2019,"Marsh Harbor, Abaco, the bahamas",https://youtu.be/D8wvAgKNK5Q
2_0053_002,2,53,2_0053,B024,26.55673,-77.10718,data/raw/FRAME/2_0053.jpg,data/raw/MASK/2_0053_B0XX_0_Level4.jpg,data/raw/JSON/2_0053.json,2_0053_B0XX_0_Level4.jpg,4,4,Destruction,1,0,512,496,807,607,296,112,0.025646701388888887,0.5168751123815366,0.7760124033959497,09 September 2019,"Marsh Harbor, Abaco, the bahamas",https://youtu.be/D8wvAgKNK5Q
2_0053_003,2,53,2_0053,B025,26.55653,-77.10668,data/raw/FRAME/2_0053.jpg,data/raw/MASK/2_0053_B0XX_0_Level5.jpg,data/raw/JSON/2_0053.json,2_0053_B0XX_0_Level5.jpg,5,5,Destroyed or under construction,1,0,8,424,231,551,224,128,0.023326822916666667,0.09269001767606289,0.6766619763078736,09 September 2019,"Marsh Harbor, Abaco, the bahamas",https://youtu.be/D8wvAgKNK5Q
2_0053_004,2,53,2_0053,B032,26.55639,-77.1076,data/raw/FRAME/2_0053.jpg,data/raw/MASK/2_0053_B0XX_1_Level0.jpg,data/raw/JSON/2_0053.json,2_0053_B0XX_1_Level0.jpg,0,0,No or very minor damage,1,0,1112,400,1279,487,168,88,0.010381944444444444,0.9394167080372073,0.6136177303976217,09 September 2019,"Marsh Harbor, Abaco, the bahamas",https://youtu.be/D8wvAgKNK5Q
2_0053_005,2,53,2_0053,B031,26.55656,-77.10738,data/raw/FRAME/2_0053.jpg,data/raw/MASK/2_0053_B0XX_1_Level2.jpg,data/raw/JSON/2_0053.json,2_0053_B0XX_1_Level2.jpg,2,2,Moderate damage,1,0,880,424,1183,535,304,112,0.024753689236111112,0.7995430237145487,0.6733958342465554,09 September 2019,"Marsh Harbor, Abaco, the bahamas",https://youtu.be/D8wvAgKNK5Q
2_0056_000,2,56,2_0056,B031,26.55656,-77.10738,data/raw/FRAME/2_0056.jpg,data/raw/MASK/2_0056_B0XX_0_Level2.jpg,data/raw/JSON/2_0056.json,2_0056_B0XX_0_Level2.jpg,2,2,Moderate damage,1,0,872,416,1159,551,288,136,0.026922743055555556,0.789736757919555,0.6808676805130134,09 September 2019,"Marsh Harbor, Abaco, the bahamas",https://youtu.be/D8wvAgKNK5Q
2_0056_001,2,56,2_0056,B024,26.55673,-77.10718,data/raw/FRAME/2_0056.jpg,data/raw/MASK/2_0056_B0XX_0_Level4.jpg,data/raw/JSON/2_0056.json,2_0056_B0XX_0_Level4.jpg,4,4,Destruction,1,0,488,504,799,631,312,128,0.028977864583333332,0.505240658700292,0.791779000973564,09 September 2019,"Marsh Harbor, Abaco, the bahamas",https://youtu.be/D8wvAgKNK5Q
2_0056_002,2,56,2_0056,B025,26.55653,-77.10668,data/raw/FRAME/2_0056.jpg,data/raw/MASK/2_0056_B0XX_0_Level5.jpg,data/raw/JSON/2_0056.json,2_0056_B0XX_0_Level5.jpg,5,5,Destroyed or under construction,1,0,0,424,199,559,200,136,0.021796875,0.07296197512196337,0.6866176324173636,09 September 2019,"Marsh Harbor, Abaco, the bahamas",https://youtu.be/D8wvAgKNK5Q
2_0059_000,2,59,2_0059,B032,26.55639,-77.1076,data/raw/FRAME/2_0059.jpg,data/raw/MASK/2_0059_B0XX_0_Level0.jpg,data/raw/JSON/2_0059.json,2_0059_B0XX_0_Level0.jpg,0,0,No or very minor damage,1,1,1096,416,1279,487,184,72,0.011125217013888888,0.9315749811030918,0.6243901513920045,09 September 2019,"Marsh Harbor, Abaco, the bahamas",https://youtu.be/D8wvAgKNK5Q
2_0059_001,2,59,2_0059,B031,26.55656,-77.10738,data/raw/FRAME/2_0059.jpg,data/raw/MASK/2_0059_B0XX_0_Level1.jpg,data/raw/JSON/2_0059.json,2_0059_B0XX_0_Level1.jpg,1,1,Minor damage,1,1,848,432,1151,559,304,128,0.028404947916666666,0.7786144973832989,0.6892538582015433,09 September 2019,"Marsh Harbor, Abaco, the bahamas",https://youtu.be/D8wvAgKNK5Q
2_0059_002,2,59,2_0059,B034,26.55626,-77.10742,data/raw/FRAME/2_0059.jpg,data/raw/MASK/2_0059_B0XX_0_Level4.jpg,data/raw/JSON/2_0059.json,2_0059_B0XX_0_Level4.jpg,4,4,Destruction,1,1,888,384,1055,455,168,72,0.008681640625,0.7598856783527059,0.5847685705953423,09 September 2019,"Marsh Harbor, Abaco, the bahamas",https://youtu.be/D8wvAgKNK5Q
2_0059_003,2,59,2_0059,B025,26.55653,-77.10668,data/raw/FRAME/2_0059.jpg,data/raw/MASK/2_0059_B0XX_0_Level5.jpg,data/raw/JSON/2_0059.json,2_0059_B0XX_0_Level5.jpg,5,5,Destroyed or under construction,1,1,0,432,175,575,176,144,0.02038628472222222,0.060087306392378116,0.7001309198542806,09 September 2019,"Marsh Harbor, Abaco, the bahamas",https://youtu.be/D8wvAgKNK5Q
2_0059_004,2,59,2_0059,B024,26.55673,-77.10718,data/raw/FRAME/2_0059.jpg,data/raw/MASK/2_0059_B0XX_1_Level4.jpg,data/raw/JSON/2_0059.json,2_0059_B0XX_1_Level4.jpg,4,4,Destruction,1,1,464,520,783,639,320,120,0.028193359375,0.4879434389793326,0.8096644387142019,09 September 2019,"Marsh Harbor, Abaco, the bahamas",https://youtu.be/D8wvAgKNK5Q
2_0062_000,2,62,2_0062,B033,26.55591,-77.10759,data/raw/FRAME/2_0062.jpg,data/raw/MASK/2_0062_B0XX_0_Level0.jpg,data/raw/JSON/2_0062.json,2_0062_B0XX_0_Level0.jpg,0,0,No or very minor damage,1,1,880,336,1055,383,176,48,0.006800130208333333,0.7548382150550503,0.5023983653351772,09 September 2019,"Marsh Harbor, Abaco, the bahamas",https://youtu.be/D8wvAgKNK5Q
2_0062_001,2,62,2_0062,B035,26.55538,-77.10749,data/raw/FRAME/2_0062.jpg,data/raw/MASK/2_0062_B0XX_0_Level2.jpg,data/raw/JSON/2_0062.json,2_0062_B0XX_0_Level2.jpg,2,2,Moderate damage,1,1,744,288,863,327,120,40,0.004303385416666666,0.6271660678265254,0.4272073037485292,09 September 2019,"Marsh Harbor, Abaco, the bahamas",https://youtu.be/D8wvAgKNK5Q
2_0062_002,2,62,2_0062,B036,26.55532,-77.10733,data/raw/FRAME/2_0062.jpg,data/raw/MASK/2_0062_B0XX_0_Level3.jpg,data/raw/JSON/2_0062.json,2_0062_B0XX_0_Level3.jpg,3,3,Severe damage,1,1,664,280,759,327,96,48,0.0038042534722222223,0.5550005793639475,0.4232795366673005,09 September 2019,"Marsh Harbor, Abaco, the bahamas",https://youtu.be/D8wvAgKNK5Q
2_0062_003,2,62,2_0062,B034,26.55626,-77.10742,data/raw/FRAME/2_0062.jpg,data/raw/MASK/2_0062_B0XX_0_Level4.jpg,data/raw/JSON/2_0062.json,2_0062_B0XX_0_Level4.jpg,4,4,Destruction,1,1,872,384,1039,463,168,80,0.009012586805555556,0.7473048473994702,0.5874448190063408,09 September 2019,"Marsh Harbor, Abaco, the bahamas",https://youtu.be/D8wvAgKNK5Q
2_0062_004,2,62,2_0062,B028,26.55721,-77.10666,data/raw/FRAME/2_0062.jpg,data/raw/MASK/2_0062_B0XX_0_Level5.jpg,data/raw/JSON/2_0062.json,2_0062_B0XX_0_Level5.jpg,5,5,Destroyed or under construction,1,1,0,440,135,583,136,144,0.015716145833333334,0.04273929422120961,0.713381336493909,09 September 2019,"Marsh Harbor, Abaco, the bahamas",https://youtu.be/D8wvAgKNK5Q
2_0062_005,2,62,2_0062,B032,26.55639,-77.1076,data/raw/FRAME/2_0062.jpg,data/raw/MASK/2_0062_B0XX_1_Level0.jpg,data/raw/JSON/2_0062.json,2_0062_B0XX_1_Level0.jpg,0,0,No or very minor damage,1,1,1088,416,1271,495,184,80,0.011587456597222223,0.9246322367496956,0.6279335872064592,09 September 2019,"Marsh Harbor, Abaco, the bahamas",https://youtu.be/D8wvAgKNK5Q
2_0062_006,2,62,2_0062,B031,26.55656,-77.10738,data/raw/FRAME/2_0062.jpg,data/raw/MASK/2_0062_B0XX_1_Level2.jpg,data/raw/JSON/2_0062.json,2_0062_B0XX_1_Level2.jpg,2,2,Moderate damage,1,1,840,432,1135,567,296,136,0.02933810763888889,0.7716894394001035,0.697337286617189,09 September 2019,"Marsh Harbor, Abaco, the bahamas",https://youtu.be/D8wvAgKNK5Q
2_0062_007,2,62,2_0062,B030,26.55618,-77.10723,data/raw/FRAME/2_0062.jpg,data/raw/MASK/2_0062_B0XX_1_Level3.jpg,data/raw/JSON/2_0062.json,2_0062_B0XX_1_Level3.jpg,3,3,Severe damage,1,1,624,368,839,439,216,72,0.011840277777777778,0.5730757995784457,0.5633690738025415,09 September 2019,"Marsh Harbor, Abaco, the bahamas",https://youtu.be/D8wvAgKNK5Q
2_0062_008,2,62,2_0062,B024,26.55673,-77.10718,data/raw/FRAME/2_0062.jpg,data/raw/MASK/2_0062_B0XX_2_Level4.jpg,data/raw/JSON/2_0062.json,2_0062_B0XX_2_Level4.jpg,4,4,Destruction,1,1,440,528,767,663,328,136,0.03450412326388889,0.4742488954055159,0.831145458801989,09 September 2019,"Marsh Harbor, Abaco, the bahamas",https://youtu.be/D8wvAgKNK5Q
2_0065_000,2,65,2_0065,B033,26.55591,-77.10759,data/raw/FRAME/2_0065.jpg,data/raw/MASK/2_0065_B0XX_0_Level0.jpg,data/raw/JSON/2_0065.json,2_0065_B0XX_0_Level0.jpg,0,0,No or very minor damage,1,1,864,336,1039,391,176,56,0.007858072916666667,0.7438764326152996,0.5088971738930314,09 September 2019,"Marsh Harbor, Abaco, the bahamas",https://youtu.be/D8wvAgKNK5Q
2_0065_001,2,65,2_0065,B031,26.55656,-77.10738,data/raw/FRAME/2_0065.jpg,data/raw/MASK/2_0065_B0XX_0_Level1.jpg,data/raw/JSON/2_0065.json,2_0065_B0XX_0_Level1.jpg,1,1,Minor damage,1,1,824,440,1127,575,304,136,0.032481553819444446,0.7609509405795891,0.7067463300113208,09 September 2019,"Marsh Harbor, Abaco, the bahamas",https://youtu.be/D8wvAgKNK5Q
2_0065_002,2,65,2_0065,B035,26.55538,-77.10749,data/raw/FRAME/2_0065.jpg,data/raw/MASK/2_0065_B0XX_0_Level2.jpg,data/raw/JSON/2_0065.json,2_0065_B0XX_0_Level2.jpg,2,2,Moderate damage,1,1,720,280,847,335,128,56,0.004937065972222222,0.6116708447802198,0.4280628815628815,09 September 2019,"Marsh Harbor, Abaco, the bahamas",https://youtu.be/D8wvAgKNK5Q
2_0065_003,2,65,2_0065,B036,26.55532,-77.10733,data/raw/FRAME/2_0065.jpg,data/raw/MASK/2_0065_B0XX_0_Level3.jpg,data/raw/JSON/2_0065.json,2_0065_B0XX_0_Level3.jpg,3,3,Severe damage,1,1,648,280,743,335,96,56,0.003911675347222222,0.5421547763522885,0.42624287255355214,09 September 2019,"Marsh Harbor, Abaco, the bahamas",https://youtu.be/D8wvAgKNK5Q
2_0065_004,2,65,2_0065,B034,26.55626,-77.10742,data/raw/FRAME/2_0065.jpg,data/raw/MASK/2_0065_B0XX_0_Level4.jpg,data/raw/JSON/2_0065.json,2_0065_B0XX_0_Level4.jpg,4,4,Destruction,1,1,856,392,1023,463,168,72,0.009227430555555555,0.7386862064910631,0.5937575128044319,09 September 2019,"Marsh Harbor, Abaco, the bahamas",https://youtu.be/D8wvAgKNK5Q
2_0065_005,2,65,2_0065,B032,26.55639,-77.1076,data/raw/FRAME/2_0065.jpg,data/raw/MASK/2_0065_B0XX_1_Level0.jpg,data/raw/JSON/2_0065.json,2_0065_B0XX_1_Level0.jpg,0,0,No or very minor damage,1,1,1080,416,1271,503,192,88,0.012898220486111112,0.9203888044712711,0.634743136760046,09 September 2019,"Marsh Harbor, Abaco, the bahamas",https://youtu.be/D8wvAgKNK5Q
2_0065_006,2,65,2_0065,B030,26.55618,-77.10723,data/raw/FRAME/2_0065.jpg,data/raw/MASK/2_0065_B0XX_1_Level3.jpg,data/raw/JSON/2_0065.json,2_0065_B0XX_1_Level3.jpg,3,3,Severe damage,1,1,608,376,831,447,224,72,0.012012803819444445,0.5634257717234216,0.5709646825038388,09 September 2019,"Marsh Harbor, Abaco, the bahamas",https://youtu.be/D8wvAgKNK5Q
2_0065_007,2,65,2_0065,B024,26.55673,-77.10718,data/raw/FRAME/2_0065.jpg,data/raw/MASK/2_0065_B0XX_2_Level4.jpg,data/raw/JSON/2_0065.json,2_0065_B0XX_2_Level4.jpg,4,4,Destruction,1,1,416,536,751,671,336,136,0.035345052083333335,0.4554592763783999,0.8444444018064851,09 September 2019,"Marsh Harbor, Abaco, the bahamas",https://youtu.be/D8wvAgKNK5Q
2_0068_000,2,68,2_0068,B033,26.55591,-77.10759,data/raw/FRAME/2_0068.jpg,data/raw/MASK/2_0068_B0XX_0_Level0.jpg,data/raw/JSON/2_0068.json,2_0068_B0XX_0_Level0.jpg,0,0,No or very minor damage,1,1,856,336,1031,399,176,64,0.0076725260416666665,0.7348645656554942,0.5122813840569462,09 September 2019,"Marsh Harbor, Abaco, the bahamas",https://youtu.be/D8wvAgKNK5Q
2_0068_001,2,68,2_0068,B035,26.55538,-77.10749,data/raw/FRAME/2_0068.jpg,data/raw/MASK/2_0068_B0XX_0_Level1.jpg,data/raw/JSON/2_0068.json,2_0068_B0XX_0_Level1.jpg,1,1,Minor damage,1,1,704,288,831,335,128,48,0.005125868055555555,0.6016162481477562,0.43144580863674853,09 September 2019,"Marsh Harbor, Abaco, the bahamas",https://youtu.be/D8wvAgKNK5Q
2_0068_002,2,68,2_0068,B036,26.55532,-77.10733,data/raw/FRAME/2_0068.jpg,data/raw/MASK/2_0068_B0XX_0_Level3.jpg,data/raw/JSON/2_0068.json,2_0068_B0XX_0_Level3.jpg,3,3,Severe damage,1,1,632,280,727,335,96,56,0.003716362847222222,0.5298421532846715,0.4269586374695864,09 September 2019,"Marsh Harbor, Abaco, the bahamas",https://youtu.be/D8wvAgKNK5Q
2_0068_003,2,68,2_0068,B034,26.55626,-77.10742,data/raw/FRAME/2_0068.jpg,data/raw/MASK/2_0068_B0XX_0_Level4.jpg,data/raw/JSON/2_0068.json,2_0068_B0XX_0_Level4.jpg,4,4,Destruction,1,1,856,392,1015,471,160,80,0.009205729166666666,0.73089372274281,0.6012898462465295,09 September 2019,"Marsh Harbor, Abaco, the bahamas",https://youtu.be/D8wvAgKNK5Q
2_0068_004,2,68,2_0068,B032,26.55639,-77.1076,data/raw/FRAME/2_0068.jpg,data/raw/MASK/2_0068_B0XX_1_Level0.jpg,data/raw/JSON/2_0068.json,2_0068_B0XX_1_Level0.jpg,0,0,No or very minor damage,1,0,1072,424,1263,503,192,80,0.012580295138888888,0.9139372331593927,0.6406671075077147,09 September 2019,"Marsh Harbor, Abaco, the bahamas",https://youtu.be/D8wvAgKNK5Q
2_0068_005,2,68,2_0068,B031,26.55656,-77.10738,data/raw/FRAME/2_0068.jpg,data/raw/MASK/2_0068_B0XX_1_Level1.jpg,data/raw/JSON/2_0068.json,2_0068_B0XX_1_Level1.jpg,1,1,Minor damage,1,0,808,448,1119,591,312,144,0.03331705729166667,0.7531362206888129,0.7217352403698276,09 September 2019,"Marsh Harbor, Abaco, the bahamas",https://youtu.be/D8wvAgKNK5Q
2_0068_006,2,68,2_0068,B030,26.55618,-77.10723,data/raw/FRAME/2_0068.jpg,data/raw/MASK/2_0068_B0XX_1_Level3.jpg,data/raw/JSON/2_0068.json,2_0068_B0XX_1_Level3.jpg,3,3,Severe damage,1,0,592,384,815,455,224,72,0.011895616319444444,0.5525452088844294,0.5781550569085916,09 September 2019,"Marsh Harbor, Abaco, the bahamas",https://youtu.be/D8wvAgKNK5Q
2_0068_007,2,68,2_0068,B024,26.55673,-77.10718,data/raw/FRAME/2_0068.jpg,data/raw/MASK/2_0068_B0XX_2_Level4.jpg,data/raw/JSON/2_0068.json,2_0068_B0XX_2_Level4.jpg,4,4,Destruction,1,0,376,552,735,687,360,136,0.03750108506944445,0.4375680635325946,0.8656577420277833,09 September 2019,"Marsh Harbor, Abaco, the bahamas",https://youtu.be/D8wvAgKNK5Q
2_0078_000,2,78,2_0078,B033,26.55591,-77.10759,data/raw/FRAME/2_0078.jpg,data/raw/MASK/2_0078_B0XX_0_Level0.jpg,data/raw/JSON/2_0078.json,2_0078_B0XX_0_Level0.jpg,0,0,No or very minor damage,1,1,808,352,991,415,184,64,0.008248697916666667,0.706957359083136,0.5322462656026192,09 September 2019,"Marsh Harbor, Abaco, the bahamas",https://youtu.be/D8wvAgKNK5Q
2_0078_001,2,78,2_0078,B035,26.55538,-77.10749,data/raw/FRAME/2_0078.jpg,data/raw/MASK/2_0078_B0XX_0_Level1.jpg,data/raw/JSON/2_0078.json,2_0078_B0XX_0_Level1.jpg,1,1,Minor damage,1,1,656,296,791,343,136,48,0.005832248263888889,0.5631392441860466,0.4433935400516796,09 September 2019,"Marsh Harbor, Abaco, the bahamas",https://youtu.be/D8wvAgKNK5Q
2_0078_002,2,78,2_0078,B036,26.55532,-77.10733,data/raw/FRAME/2_0078.jpg,data/raw/MASK/2_0078_B0XX_0_Level3.jpg,data/raw/JSON/2_0078.json,2_0078_B0XX_0_Level3.jpg,3,3,Severe damage,1,1,576,288,679,343,104,56,0.004225260416666667,0.4887384838854648,0.43449716087427953,09 September 2019,"Marsh Harbor, Abaco, the bahamas",https://youtu.be/D8wvAgKNK5Q
2_0078_003,2,78,2_0078,B034,26.55626,-77.10742,data/raw/FRAME/2_0078.jpg,data/raw/MASK/2_0078_B0XX_0_Level4.jpg,data/raw/JSON/2_0078.json,2_0078_B0XX_0_Level4.jpg,4,4,Destruction,1,1,792,408,983,495,192,88,0.010851779513888889,0.6985224915008499,0.6324082869490829,09 September 2019,"Marsh Harbor, Abaco, the bahamas",https://youtu.be/D8wvAgKNK5Q
2_0078_004,2,78,2_0078,B032,26.55639,-77.1076,data/raw/FRAME/2_0078.jpg,data/raw/MASK/2_0078_B0XX_1_Level0.jpg,data/raw/JSON/2_0078.json,2_0078_B0XX_1_Level0.jpg,0,0,No or very minor damage,1,0,1040,440,1255,535,216,96,0.016139322916666667,0.8973093779413743,0.680719805626522,09 September 2019,"Marsh Harbor, Abaco, the bahamas",https://youtu.be/D8wvAgKNK5Q
2_0078_005,2,78,2_0078,B031,26.55656,-77.10738,data/raw/FRAME/2_0078.jpg,data/raw/MASK/2_0078_B0XX_1_Level1.jpg,data/raw/JSON/2_0078.json,2_0078_B0XX_1_Level1.jpg,1,1,Minor damage,1,0,768,472,1135,639,368,168,0.041522352430555555,0.732948326070766,0.7738018034105394,09 September 2019,"Marsh Harbor, Abaco, the bahamas",https://youtu.be/D8wvAgKNK5Q
2_0078_006,2,78,2_0078,B030,26.55618,-77.10723,data/raw/FRAME/2_0078.jpg,data/raw/MASK/2_0078_B0XX_1_Level3.jpg,data/raw/JSON/2_0078.json,2_0078_B0XX_1_Level3.jpg,3,3,Severe damage,1,0,520,400,775,479,256,80,0.01556640625,0.5091936558971142,0.6072173621760615,09 September 2019,"Marsh Harbor, Abaco, the bahamas",https://youtu.be/D8wvAgKNK5Q
2_0078_007,2,78,2_0078,B024,26.55673,-77.10718,data/raw/FRAME/2_0078.jpg,data/raw/MASK/2_0078_B0XX_2_Level3.jpg,data/raw/JSON/2_0078.json,2_0078_B0XX_2_Level3.jpg,3,3,Severe damage,1,0,264,600,695,719,432,120,0.03753363715277778,0.3791641747492122,0.9372734237229338,09 September 2019,"Marsh Harbor, Abaco, the bahamas",https://youtu.be/D8wvAgKNK5Q
2_0085_000,2,85,2_0085,B033,26.55591,-77.10759,data/raw/FRAME/2_0085.jpg,data/raw/MASK/2_0085_B0XX_0_Level0.jpg,data/raw/JSON/2_0085.json,2_0085_B0XX_0_Level0.jpg,0,0,No or very minor damage,1,0,784,344,975,399,192,56,0.00933810763888889,0.689294623663723,0.514977438221396,09 September 2019,"Marsh Harbor, Abaco, the bahamas",https://youtu.be/D8wvAgKNK5Q
2_0085_001,2,85,2_0085,B035,26.55538,-77.10749,data/raw/FRAME/2_0085.jpg,data/raw/MASK/2_0085_B0XX_0_Level2.jpg,data/raw/JSON/2_0085.json,2_0085_B0XX_0_Level2.jpg,2,2,Moderate damage,1,0,632,280,759,335,128,56,0.00599609375,0.5439169663861745,0.4256401556279406,09 September 2019,"Marsh Harbor, Abaco, the bahamas",https://youtu.be/D8wvAgKNK5Q
2_0085_002,2,85,2_0085,B036,26.55532,-77.10733,data/raw/FRAME/2_0085.jpg,data/raw/MASK/2_0085_B0XX_0_Level3.jpg,data/raw/JSON/2_0085.json,2_0085_B0XX_0_Level3.jpg,3,3,Severe damage,1,0,544,280,647,327,104,48,0.004427083333333333,0.46569776348039216,0.42164692265795206,09 September 2019,"Marsh Harbor, Abaco, the bahamas",https://youtu.be/D8wvAgKNK5Q
2_0085_003,2,85,2_0085,B032,26.55639,-77.1076,data/raw/FRAME/2_0085.jpg,data/raw/MASK/2_0085_B0XX_1_Level0.jpg,data/raw/JSON/2_0085.json,2_0085_B0XX_1_Level0.jpg,0,0,No or very minor damage,1,0,1032,440,1255,535,224,96,0.017254774305555557,0.8951517006508615,0.6787978276666806,09 September 2019,"Marsh Harbor, Abaco, the bahamas",https://youtu.be/D8wvAgKNK5Q
2_0085_004,2,85,2_0085,B031,26.55656,-77.10738,data/raw/FRAME/2_0085.jpg,data/raw/MASK/2_0085_B0XX_1_Level2.jpg,data/raw/JSON/2_0085.json,2_0085_B0XX_1_Level2.jpg,2,2,Moderate damage,1,0,736,480,1103,655,368,176,0.04808702256944444,0.7148762925344676,0.7867600657385051,09 September 2019,"Marsh Harbor, Abaco, the bahamas",https://youtu.be/D8wvAgKNK5Q
2_0085_005,2,85,2_0085,B030,26.55618,-77.10723,data/raw/FRAME/2_0085.jpg,data/raw/MASK/2_0085_B0XX_1_Level3.jpg,data/raw/JSON/2_0085.json,2_0085_B0XX_1_Level3.jpg,3,3,Severe damage,1,0,496,392,743,471,248,80,0.015926649305555554,0.48390405709224693,0.6018050445867587,09 September 2019,"Marsh Harbor, Abaco, the bahamas",https://youtu.be/D8wvAgKNK5Q
2_0085_006,2,85,2_0085,B034,26.55626,-77.10742,data/raw/FRAME/2_0085.jpg,data/raw/MASK/2_0085_B0XX_1_Level4.jpg,data/raw/JSON/2_0085.json,2_0085_B0XX_1_Level4.jpg,4,4,Destruction,1,0,784,400,975,495,192,96,0.012223307291666667,0.6896861823124723,0.6291979829363318,09 September 2019,"Marsh Harbor, Abaco, the bahamas",https://youtu.be/D8wvAgKNK5Q
2_0088_000,2,88,2_0088,B032,26.55639,-77.1076,data/raw/FRAME/2_0088.jpg,data/raw/MASK/2_0088_B0XX_0_Level0.jpg,data/raw/JSON/2_0088.json,2_0088_B0XX_0_Level0.jpg,0,0,No or very minor damage,1,0,1040,416,1263,519,224,104,0.019012586805555554,0.9050931507533386,0.6452702317087091,09 September 2019,"Marsh Harbor, Abaco, the bahamas",https://youtu.be/D8wvAgKNK5Q
2_0088_001,2,88,2_0088,B031,26.55656,-77.10738,data/raw/FRAME/2_0088.jpg,data/raw/MASK/2_0088_B0XX_0_Level2.jpg,data/raw/JSON/2_0088.json,2_0088_B0XX_0_Level2.jpg,2,2,Moderate damage,1,0,736,448,1135,639,400,192,0.05216579861111111,0.7188328278402946,0.7545833968901091,09 September 2019,"Marsh Harbor, Abaco, the bahamas",https://youtu.be/D8wvAgKNK5Q
2_0088_002,2,88,2_0088,B034,26.55626,-77.10742,data/raw/FRAME/2_0088.jpg,data/raw/MASK/2_0088_B0XX_0_Level4.jpg,data/raw/JSON/2_0088.json,2_0088_B0XX_0_Level4.jpg,4,4,Destruction,1,0,784,376,975,471,192,96,0.013059895833333333,0.6903133697864738,0.5921912503231048,09 September 2019,"Marsh Harbor, Abaco, the bahamas",https://youtu.be/D8wvAgKNK5Q
2_0091_000,2,91,2_0091,B033,26.55591,-77.10759,data/raw/FRAME/2_0091.jpg,data/raw/MASK/2_0091_B0XX_0_Level0.jpg,data/raw/JSON/2_0091.json,2_0091_B0XX_0_Level0.jpg,0,0,No or very minor damage,1,1,784,296,983,359,200,64,0.009743923611111111,0.6944886205456571,0.4490853130413264,09 September 2019,"Marsh Harbor, Abaco, the bahamas",https://youtu.be/D8wvAgKNK5Q
2_0091_001,2,91,2_0091,B031,26.55656,-77.10738,data/raw/FRAME/2_0091.jpg,data/raw/MASK/2_0091_B0XX_0_Level1.jpg,data/raw/JSON/2_0091.json,2_0091_B0XX_0_Level1.jpg,1,1,Minor damage,1,1,736,440,1143,631,408,192,0.05622721354166667,0.7251449003985024,0.7430220789886164,09 September 2019,"Marsh Harbor, Abaco, the bahamas",https://youtu.be/D8wvAgKNK5Q
2_0091_002,2,91,2_0091,B030,26.55618,-77.10723,data/raw/FRAME/2_0091.jpg,data/raw/MASK/2_0091_B0XX_0_Level3.jpg,data/raw/JSON/2_0091.json,2_0091_B0XX_0_Level3.jpg,3,3,Severe damage,1,1,480,344,743,431,264,88,0.016539713541666667,0.48216891564980646,0.5387868384030556,09 September 2019,"Marsh Harbor, Abaco, the bahamas",https://youtu.be/D8wvAgKNK5Q
2_0091_003,2,91,2_0091,B034,26.55626,-77.10742,data/raw/FRAME/2_0091.jpg,data/raw/MASK/2_0091_B0XX_0_Level4.jpg,data/raw/JSON/2_0091.json,2_0091_B0XX_0_Level4.jpg,4,4,Destruction,1,1,784,360,975,455,192,96,0.013753255208333334,0.6899748520710058,0.5736920885382424,09 September 2019,"Marsh Harbor, Abaco, the bahamas",https://youtu.be/D8wvAgKNK5Q
2_0091_004,2,91,2_0091,B032,26.55639,-77.1076,data/raw/FRAME/2_0091.jpg,data/raw/MASK/2_0091_B0XX_1_Level0.jpg,data/raw/JSON/2_0091.json,2_0091_B0XX_1_Level0.jpg,0,0,No or very minor damage,1,1,1040,400,1279,495,240,96,0.019456380208333332,0.9108605557414533,0.6217953544141431,09 September 2019,"Marsh Harbor, Abaco, the bahamas",https://youtu.be/D8wvAgKNK5Q
2_0094_000,2,94,2_0094,B033,26.55591,-77.10759,data/raw/FRAME/2_0094.jpg,data/raw/MASK/2_0094_B0XX_0_Level0.jpg,data/raw/JSON/2_0094.json,2_0094_B0XX_0_Level0.jpg,0,0,No or very minor damage,1,1,792,296,991,359,200,64,0.010291883680555556,0.6979325085661571,0.4543416505593627,09 September 2019,"Marsh Harbor, Abaco, the bahamas",https://youtu.be/D8wvAgKNK5Q
2_0094_001,2,94,2_0094,B035,26.55538,-77.10749,data/raw/FRAME/2_0094.jpg,data/raw/MASK/2_0094_B0XX_0_Level1.jpg,data/raw/JSON/2_0094.json,2_0094_B0XX_0_Level1.jpg,1,1,Minor damage,1,1,632,224,767,279,136,56,0.006036241319444444,0.5446157929624303,0.35094223740188146,09 September 2019,"Marsh Harbor, Abaco, the bahamas",https://youtu.be/D8wvAgKNK5Q
2_0094_002,2,94,2_0094,B036,26.55532,-77.10733,data/raw/FRAME/2_0094.jpg,data/raw/MASK/2_0094_B0XX_0_Level3.jpg,data/raw/JSON/2_0094.json,2_0094_B0XX_0_Level3.jpg,3,3,Severe damage,1,1,544,224,647,279,104,56,0.004369574652777777,0.46696885864166876,0.34533461633970697,09 September 2019,"Marsh Harbor, Abaco, the bahamas",https://youtu.be/D8wvAgKNK5Q
2_0094_003,2,94,2_0094,B034,26.55626,-77.10742,data/raw/FRAME/2_0094.jpg,data/raw/MASK/2_0094_B0XX_0_Level4.jpg,data/raw/JSON/2_0094.json,2_0094_B0XX_0_Level4.jpg,4,4,Destruction,1,1,792,360,991,470,200,111,0.014246961805555555,0.7003459396420412,0.5823273673521199,09 September 2019,"Marsh Harbor, Abaco, the bahamas",https://youtu.be/D8wvAgKNK5Q
2_0094_004,2,94,2_0094,B032,26.55639,-77.1076,data/raw/FRAME/2_0094.jpg,data/raw/MASK/2_0094_B0XX_1_Level0.jpg,data/raw/JSON/2_0094.json,2_0094_B0XX_1_Level0.jpg,0,0,No or very minor damage,1,0,1056,408,1231,511,176,104,0.015067274305555555,0.9009004122857555,0.631847124201834,09 September 2019,"Marsh Harbor, Abaco, the bahamas",https://youtu.be/D8wvAgKNK5Q
2_0094_005,2,94,2_0094,B031,26.55656,-77.10738,data/raw/FRAME/2_0094.jpg,data/raw/MASK/2_0094_B0XX_1_Level1.jpg,data/raw/JSON/2_0094.json,2_0094_B0XX_1_Level1.jpg,1,1,Minor damage,1,0,736,448,1167,663,432,216,0.06438802083333334,0.7319631703951803,0.7683297288694154,09 September 2019,"Marsh Harbor, Abaco, the bahamas",https://youtu.be/D8wvAgKNK5Q
2_0094_006,2,94,2_0094,B030,26.55618,-77.10723,data/raw/FRAME/2_0094.jpg,data/raw/MASK/2_0094_B0XX_1_Level3.jpg,data/raw/JSON/2_0094.json,2_0094_B0XX_1_Level3.jpg,3,3,Severe damage,1,0,480,352,751,447,272,96,0.019618055555555555,0.48405152447455746,0.5526873617256638,09 September 2019,"Marsh Harbor, Abaco, the bahamas",https://youtu.be/D8wvAgKNK5Q
2_0097_000,2,97,2_0097,B033,26.55591,-77.10759,data/raw/FRAME/2_0097.jpg,data/raw/MASK/2_0097_B0XX_0_Level0.jpg,data/raw/JSON/2_0097.json,2_0097_B0XX_0_Level0.jpg,0,0,No or very minor damage,1,1,792,296,999,359,208,64,0.010289713541666667,0.6996080980438679,0.4582665471545573,09 September 2019,"Marsh Harbor, Abaco, the bahamas",https://youtu.be/D8wvAgKNK5Q
2_0097_001,2,97,2_0097,B035,26.55538,-77.10749,data/raw/FRAME/2_0097.jpg,data/raw/MASK/2_0097_B0XX_0_Level1.jpg,data/raw/JSON/2_0097.json,2_0097_B0XX_0_Level1.jpg,1,1,Minor damage,1,1,632,224,775,279,144,56,0.007084418402777778,0.5471015134400368,0.35019613348989975,09 September 2019,"Marsh Harbor, Abaco, the bahamas",https://youtu.be/D8wvAgKNK5Q
2_0097_002,2,97,2_0097,B036,26.55532,-77.10733,data/raw/FRAME/2_0097.jpg,data/raw/MASK/2_0097_B0XX_0_Level3.jpg,data/raw/JSON/2_0097.json,2_0097_B0XX_0_Level3.jpg,3,3,Severe damage,1,1,544,224,647,279,104,56,0.004717881944444445,0.4671792347056118,0.34754069559439843,09 September 2019,"Marsh Harbor, Abaco, the bahamas",https://youtu.be/D8wvAgKNK5Q
2_0097_003,2,97,2_0097,B034,26.55626,-77.10742,data/raw/FRAME/2_0097.jpg,data/raw/MASK/2_0097_B0XX_0_Level4.jpg,data/raw/JSON/2_0097.json,2_0097_B0XX_0_Level4.jpg,4,4,Destruction,1,1,792,368,999,471,208,104,0.015719401041666668,0.7035186719127494,0.5946639899373385,09 September 2019,"Marsh Harbor, Abaco, the bahamas",https://youtu.be/D8wvAgKNK5Q
2_0097_004,2,97,2_0097,B032,26.55639,-77.1076,data/raw/FRAME/2_0097.jpg,data/raw/MASK/2_0097_B0XX_1_Level0.jpg,data/raw/JSON/2_0097.json,2_0097_B0XX_1_Level0.jpg,0,0,No or very minor damage,1,0,1064,416,1279,527,216,112,0.01914822048611111,0.9228110656202186,0.6467154473848246,09 September 2019,"Marsh Harbor, Abaco, the bahamas",https://youtu.be/D8wvAgKNK5Q
2_0097_005,2,97,2_0097,B031,26.55656,-77.10738,data/raw/FRAME/2_0097.jpg,data/raw/MASK/2_0097_B0XX_1_Level1.jpg,data/raw/JSON/2_0097.json,2_0097_B0XX_1_Level1.jpg,1,1,Minor damage,1,0,736,464,1175,679,440,216,0.07053493923611111,0.7346658910853011,0.7916724568195609,09 September 2019,"Marsh Harbor, Abaco, the bahamas",https://youtu.be/D8wvAgKNK5Q
2_0097_006,2,97,2_0097,B030,26.55618,-77.10723,data/raw/FRAME/2_0097.jpg,data/raw/MASK/2_0097_B0XX_1_Level3.jpg,data/raw/JSON/2_0097.json,2_0097_B0XX_1_Level3.jpg,3,3,Severe damage,1,0,472,360,743,447,272,88,0.019143880208333332,0.4776329050473276,0.558378677095732,09 September 2019,"Marsh Harbor, Abaco, the bahamas",https://youtu.be/D8wvAgKNK5Q
2_0100_000,2,100,2_0100,B033,26.55591,-77.10759,data/raw/FRAME/2_0100.jpg,data/raw/MASK/2_0100_B0XX_0_Level0.jpg,data/raw/JSON/2_0100.json,2_0100_B0XX_0_Level0.jpg,0,0,No or very minor damage,1,1,928,304,1159,375,232,72,0.012227647569444444,0.8135756139630846,0.47232020488853393,09 September 2019,"Marsh Harbor, Abaco, the bahamas",https://youtu.be/D8wvAgKNK5Q
2_0100_001,2,100,2_0100,B035,26.55538,-77.10749,data/raw/FRAME/2_0100.jpg,data/raw/MASK/2_0100_B0XX_0_Level1.jpg,data/raw/JSON/2_0100.json,2_0100_B0XX_0_Level1.jpg,1,1,Minor damage,1,1,752,232,903,287,152,56,0.0071267361111111115,0.6490800567143726,0.35917093821897417,09 September 2019,"Marsh Harbor, Abaco, the bahamas",https://youtu.be/D8wvAgKNK5Q
2_0100_002,2,100,2_0100,B036,26.55532,-77.10733,data/raw/FRAME/2_0100.jpg,data/raw/MASK/2_0100_B0XX_0_Level3.jpg,data/raw/JSON/2_0100.json,2_0100_B0XX_0_Level3.jpg,3,3,Severe damage,1,1,680,224,775,279,96,56,0.004545355902777778,0.5670351292074481,0.3509489138219145,09 September 2019,"Marsh Harbor, Abaco, the bahamas",https://youtu.be/D8wvAgKNK5Q
2_0100_003,2,100,2_0100,B034,26.55626,-77.10742,data/raw/FRAME/2_0100.jpg,data/raw/MASK/2_0100_B0XX_0_Level4.jpg,data/raw/JSON/2_0100.json,2_0100_B0XX_0_Level4.jpg,4,4,Destruction,1,1,928,392,1151,495,224,104,0.01719509548611111,0.8136505529437749,0.6192727505381319,09 September 2019,"Marsh Harbor, Abaco, the bahamas",https://youtu.be/D8wvAgKNK5Q
2_0100_004,2,100,2_0100,B031,26.55656,-77.10738,data/raw/FRAME/2_0100.jpg,data/raw/MASK/2_0100_B0XX_1_Level1.jpg,data/raw/JSON/2_0100.json,2_0100_B0XX_1_Level1.jpg,1,1,Minor damage,1,0,872,480,1279,719,408,240,0.07909396701388889,0.8436546440501832,0.8338354772672883,09 September 2019,"Marsh Harbor, Abaco, the bahamas",https://youtu.be/D8wvAgKNK5Q
2_0100_005,2,100,2_0100,B030,26.55618,-77.10723,data/raw/FRAME/2_0100.jpg,data/raw/MASK/2_0100_B0XX_1_Level3.jpg,data/raw/JSON/2_0100.json,2_0100_B0XX_1_Level3.jpg,3,3,Severe damage,1,0,600,360,879,455,280,96,0.019561631944444446,0.5794764134263368,0.5686971501121711,09 September 2019,"Marsh Harbor, Abaco, the bahamas",https://youtu.be/D8wvAgKNK5Q
2_0110_000,2,110,2_0110,B035,26.55538,-77.10749,data/raw/FRAME/2_0110.jpg,data/raw/MASK/2_0110_B0XX_0_Level1.jpg,data/raw/JSON/2_0110.json,2_0110_B0XX_0_Level1.jpg,1,1,Minor damage,1,1,1208,248,1279,311,72,64,0.003942057291666667,0.9748959193503991,0.38798131327033064,09 September 2019,"Marsh Harbor, Abaco, the bahamas",https://youtu.be/D8wvAgKNK5Q
2_0110_001,2,110,2_0110,B036,26.55532,-77.10733,data/raw/FRAME/2_0110.jpg,data/raw/MASK/2_0110_B0XX_0_Level3.jpg,data/raw/JSON/2_0110.json,2_0110_B0XX_0_Level3.jpg,3,3,Severe damage,1,1,1104,240,1231,303,128,64,0.006072048611111111,0.9127314711401,0.3769423596219522,09 September 2019,"Marsh Harbor, Abaco, the bahamas",https://youtu.be/D8wvAgKNK5Q
2_0110_002,2,110,2_0110,B025,26.55653,-77.10668,data/raw/FRAME/2_0110.jpg,data/raw/MASK/2_0110_B0XX_0_Level5.jpg,data/raw/JSON/2_0110.json,2_0110_B0XX_0_Level5.jpg,5,5,Destroyed or under construction,1,1,0,472,231,719,232,248,0.046644965277777777,0.07663862953033404,0.8144185909762931,09 September 2019,"Marsh Harbor, Abaco, the bahamas",https://youtu.be/D8wvAgKNK5Q
2_0110_003,2,110,2_0110,B030,26.55618,-77.10723,data/raw/FRAME/2_0110.jpg,data/raw/MASK/2_0110_B0XX_1_Level3.jpg,data/raw/JSON/2_0110.json,2_0110_B0XX_1_Level3.jpg,3,3,Severe damage,1,1,1000,400,1279,527,280,128,0.025016276041666667,0.9046699468661895,0.6392661871370394,09 September 2019,"Marsh Harbor, Abaco, the bahamas",https://youtu.be/D8wvAgKNK5Q
2_0190_000,2,190,2_0190,B037,26.55504,-77.10668,data/raw/FRAME/2_0190.jpg,data/raw/MASK/2_0190_B0XX_0_Level0.jpg,data/raw/JSON/2_0190.json,2_0190_B0XX_0_Level0.jpg,0,0,No or very minor damage,1,1,672,312,783,375,112,64,0.005104166666666667,0.5731797406462584,0.47220362103174607,09 September 2019,"Marsh Harbor, Abaco, the bahamas",https://youtu.be/D8wvAgKNK5Q
2_0190_001,2,190,2_0190,B038,26.55421,-77.10627,data/raw/FRAME/2_0190.jpg,data/raw/MASK/2_0190_B0XX_0_Level1.jpg,data/raw/JSON/2_0190.json,2_0190_B0XX_0_Level1.jpg,1,1,Minor damage,2,1,504,192,679,263,176,72,0.009879557291666667,0.4599188289401428,0.3133045030203185,09 September 2019,"Marsh Harbor, Abaco, the bahamas",https://youtu.be/D8wvAgKNK5Q
2_0190_002,2,190,2_0190,B039,26.55462,-77.10587,data/raw/FRAME/2_0190.jpg,data/raw/MASK/2_0190_B0XX_0_Level2.jpg,data/raw/JSON/2_0190.json,2_0190_B0XX_0_Level2.jpg,2,2,Moderate damage,1,1,192,240,295,287,104,48,0.0033083767361111113,0.1872529927845195,0.35930268576218066,09 September 2019,"Marsh Harbor, Abaco, the bahamas",https://youtu.be/D8wvAgKNK5Q
2_0190_003,2,190,2_0190,B040,26.55429,-77.10577,data/raw/FRAME/2_0190.jpg,data/raw/MASK/2_0190_B0XX_0_Level3.jpg,data/raw/JSON/2_0190.json,2_0190_B0XX_0_Level3.jpg,3,3,Severe damage,1,1,216,208,383,247,168,40,0.0057194010416666665,0.2346220771675204,0.3187735829170092,09 September 2019,"Marsh Harbor, Abaco, the bahamas",https://youtu.be/D8wvAgKNK5Q
2_0190_004,2,190,2_0190,B041,26.55512,-77.1063,data/raw/FRAME/2_0190.jpg,data/raw/MASK/2_0190_B0XX_1_Level1.jpg,data/raw/JSON/2_0190.json,2_0190_B0XX_1_Level1.jpg,1,1,Minor damage,2,0,264,288,407,375,144,88,0.010935329861111112,0.2618134023367732,0.46337139754360435,09 September 2019,"Marsh Harbor, Abaco, the bahamas",https://youtu.be/D8wvAgKNK5Q
2_0190_005,2,190,2_0190,B042,26.55484,-77.10616,data/raw/FRAME/2_0190.jpg,data/raw/MASK/2_0190_B0XX_1_Level2.jpg,data/raw/JSON/2_0190.json,2_0190_B0XX_1_Level2.jpg,2,2,Moderate damage,1,0,288,264,423,311,136,48,0.004839409722222222,0.2784124509529148,0.3955633408071749,09 September 2019,"Marsh Harbor, Abaco, the bahamas",https://youtu.be/D8wvAgKNK5Q
2_0190_006,2,190,2_0190,B043,26.55483,-77.10572,data/raw/FRAME/2_0190.jpg,data/raw/MASK/2_0190_B0XX_1_Level3.jpg,data/raw/JSON/2_0190.json,2_0190_B0XX_1_Level3.jpg,3,3,Severe damage,1,0,0,248,159,303,160,56,0.007774522569444445,0.05693235345429169,0.379706714739862,09 September 2019,"Marsh Harbor, Abaco, the bahamas",https://youtu.be/D8wvAgKNK5Q
2_0190_007,2,190,2_0190,B044,26.5552,-77.10656,data/raw/FRAME/2_0190.jpg,data/raw/MASK/2_0190_B0XX_2_Level1.jpg,data/raw/JSON/2_0190.json,2_0190_B0XX_2_Level1.jpg,1,1,Minor damage,1,1,472,328,623,399,152,72,0.007362196180555555,0.436339927229182,0.5002151396053386,09 September 2019,"Marsh Harbor, Abaco, the bahamas",https://youtu.be/D8wvAgKNK5Q
2_0190_008,2,190,2_0190,B045,26.55513,-77.10663,data/raw/FRAME/2_0190.jpg,data/raw/MASK/2_0190_B0XX_2_Level2.jpg,data/raw/JSON/2_0190.json,2_0190_B0XX_2_Level2.jpg,2,2,Moderate damage,1,1,600,320,711,383,112,64,0.0051616753472222224,0.5099875840866093,0.48579286665265226,09 September 2019,"Marsh Harbor, Abaco, the bahamas",https://youtu.be/D8wvAgKNK5Q
2_0190_009,2,190,2_0190,B046,26.55493,-77.10644,data/raw/FRAME/2_0190.jpg,data/raw/MASK/2_0190_B0XX_2_Level3.jpg,data/raw/JSON/2_0190.json,2_0190_B0XX_2_Level3.jpg,3,3,Severe damage,1,1,448,272,655,343,208,72,0.011070963541666666,0.42875081164853474,0.43105309440578476,09 September 2019,"Marsh Harbor, Abaco, the bahamas",https://youtu.be/D8wvAgKNK5Q
2_0190_010,2,190,2_0190,B047,26.55532,-77.10618,data/raw/FRAME/2_0190.jpg,data/raw/MASK/2_0190_B0XX_3_Level1.jpg,data/raw/JSON/2_0190.json,2_0190_B0XX_3_Level1.jpg,1,1,Minor damage,1,1,0,328,175,407,176,80,0.01013671875,0.058657223426461146,0.5142611622540975,09 September 2019,"Marsh Harbor, Abaco, the bahamas",https://youtu.be/D8wvAgKNK5Q
2_0190_011,2,190,2_0190,B048,26.55505,-77.10684,data/raw/FRAME/2_0190.jpg,data/raw/MASK/2_0190_B0XX_3_Level2.jpg,data/raw/JSON/2_0190.json,2_0190_B0XX_3_Level2.jpg,2,2,Moderate damage,1,1,824,336,895,383,72,48,0.002673611111111111,0.6725335455560064,0.49873962842712843,09 September 2019,"Marsh Harbor, Abaco, the bahamas",https://youtu.be/D8wvAgKNK5Q
2_0190_012,2,190,2_0190,B049,26.55496,-77.10682,data/raw/FRAME/2_0190.jpg,data/raw/MASK/2_0190_B0XX_3_Level3.jpg,data/raw/JSON/2_0190.json,2_0190_B0XX_3_Level3.jpg,3,3,Severe damage,1,1,768,296,927,359,160,64,0.007280815972222222,0.6687888878539494,0.4518713777115416,09 September 2019,"Marsh Harbor, Abaco, the bahamas",https://youtu.be/D8wvAgKNK5Q
2_0190_013,2,190,2_0190,B050,26.55531,-77.107,data/raw/FRAME/2_0190.jpg,data/raw/MASK/2_0190_B0XX_4_Level2.jpg,data/raw/JSON/2_0190.json,2_0190_B0XX_4_Level2.jpg,2,2,Moderate damage,1,1,920,376,1175,479,256,104,0.018014322916666665,0.8132084048608601,0.5935695498534314,09 September 2019,"Marsh Harbor, Abaco, the bahamas",https://youtu.be/D8wvAgKNK5Q
2_0190_014,2,190,2_0190,B051,26.55534,-77.10656,data/raw/FRAME/2_0190.jpg,data/raw/MASK/2_0190_B0XX_4_Level3.jpg,data/raw/JSON/2_0190.json,2_0190_B0XX_4_Level3.jpg,3,3,Severe damage,1,1,400,360,559,439,160,80,0.009001736111111111,0.3750654494635969,0.557593518964963,09 September 2019,"Marsh Harbor, Abaco, the bahamas",https://youtu.be/D8wvAgKNK5Q
2_0190_015,2,190,2_0190,B052,26.55542,-77.10636,data/raw/FRAME/2_0190.jpg,data/raw/MASK/2_0190_B0XX_5_Level3.jpg,data/raw/JSON/2_0190.json,2_0190_B0XX_5_Level3.jpg,3,3,Severe damage,1,1,120,368,279,439,160,72,0.007901475694444444,0.15142109825597364,0.5532244651957643,09 September 2019,"Marsh Harbor, Abaco, the bahamas",https://youtu.be/D8wvAgKNK5Q
2_0193_000,2,193,2_0193,B053,26.5543,-77.10527,data/raw/FRAME/2_0193.jpg,data/raw/MASK/2_0193_B0XX_0_Level0.jpg,data/raw/JSON/2_0193.json,2_0193_B0XX_0_Level0.jpg,0,0,No or very minor damage,1,1,0,208,135,255,136,48,0.004352213541666667,0.04865584486412366,0.3128389983102025,09 September 2019,"Marsh Harbor, Abaco, the bahamas",https://youtu.be/D8wvAgKNK5Q
2_0193_001,2,193,2_0193,B038,26.55421,-77.10627,data/raw/FRAME/2_0193.jpg,data/raw/MASK/2_0193_B0XX_0_Level1.jpg,data/raw/JSON/2_0193.json,2_0193_B0XX_0_Level1.jpg,1,1,Minor damage,2,1,504,192,679,255,176,64,0.010176866319444445,0.45950902614884315,0.3128860575043537,09 September 2019,"Marsh Harbor, Abaco, the bahamas",https://youtu.be/D8wvAgKNK5Q
2_0193_002,2,193,2_0193,B054,26.5541,-77.10598,data/raw/FRAME/2_0193.jpg,data/raw/MASK/2_0193_B0XX_0_Level2.jpg,data/raw/JSON/2_0193.json,2_0193_B0XX_0_Level2.jpg,2,2,Moderate damage,1,1,400,200,511,247,112,48,0.004232855902777778,0.3607398343373494,0.31378350280554845,09 September 2019,"Marsh Harbor, Abaco, the bahamas",https://youtu.be/D8wvAgKNK5Q
2_0193_003,2,193,2_0193,B040,26.55429,-77.10577,data/raw/FRAME/2_0193.jpg,data/raw/MASK/2_0193_B0XX_0_Level3.jpg,data/raw/JSON/2_0193.json,2_0193_B0XX_0_Level3.jpg,3,3,Severe damage,1,1,192,208,391,279,200,72,0.008910590277777778,0.22072215203360934,0.33246248714618176,09 September 2019,"Marsh Harbor, Abaco, the bahamas",https://youtu.be/D8wvAgKNK5Q
2_0193_004,2,193,2_0193,B037,26.55504,-77.10668,data/raw/FRAME/2_0193.jpg,data/raw/MASK/2_0193_B0XX_1_Level0.jpg,data/raw/JSON/2_0193.json,2_0193_B0XX_1_Level0.jpg,0,0,No or very minor damage,1,0,672,312,791,375,120,64,0.005397135416666666,0.5735403787193405,0.4713535383996783,09 September 2019,"Marsh Harbor, Abaco, the bahamas",https://youtu.be/D8wvAgKNK5Q
2_0193_005,2,193,2_0193,B041,26.55512,-77.1063,data/raw/FRAME/2_0193.jpg,data/raw/MASK/2_0193_B0XX_1_Level1.jpg,data/raw/JSON/2_0193.json,2_0193_B0XX_1_Level1.jpg,1,1,Minor damage,2,0,264,288,399,375,136,88,0.011064453125,0.25912247474747474,0.4625565253396969,09 September 2019,"Marsh Harbor, Abaco, the bahamas",https://youtu.be/D8wvAgKNK5Q
2_0193_006,2,193,2_0193,B045,26.55513,-77.10663,data/raw/FRAME/2_0193.jpg,data/raw/MASK/2_0193_B0XX_1_Level2.jpg,data/raw/JSON/2_0193.json,2_0193_B0XX_1_Level2.jpg,2,2,Moderate damage,1,0,592,320,703,383,112,64,0.005116102430555556,0.5114084040296925,0.48640626841051016,09 September 2019,"Marsh Harbor, Abaco, the bahamas",https://youtu.be/D8wvAgKNK5Q
2_0193_007,2,193,2_0193,B043,26.55483,-77.10572,data/raw/FRAME/2_0193.jpg,data/raw/MASK/2_0193_B0XX_1_Level3.jpg,data/raw/JSON/2_0193.json,2_0193_B0XX_1_Level3.jpg,3,3,Severe damage,1,0,0,248,159,303,160,56,0.007016059027777778,0.056450689181874424,0.37678626662542525,09 September 2019,"Marsh Harbor, Abaco, the bahamas",https://youtu.be/D8wvAgKNK5Q
2_0193_008,2,193,2_0193,B044,26.5552,-77.10656,data/raw/FRAME/2_0193.jpg,data/raw/MASK/2_0193_B0XX_2_Level1.jpg,data/raw/JSON/2_0193.json,2_0193_B0XX_2_Level1.jpg,1,1,Minor damage,1,1,480,328,623,383,144,56,0.006465928819444445,0.43439872986239303,0.49600114672484197,09 September 2019,"Marsh Harbor, Abaco, the bahamas",https://youtu.be/D8wvAgKNK5Q
2_0193_009,2,193,2_0193,B042,26.55484,-77.10616,data/raw/FRAME/2_0193.jpg,data/raw/MASK/2_0193_B0XX_2_Level3.jpg,data/raw/JSON/2_0193.json,2_0193_B0XX_2_Level3.jpg,3,3,Severe damage,1,1,288,264,415,311,128,48,0.0037250434027777776,0.2754408043256627,0.3987102307667411,09 September 2019,"Marsh Harbor, Abaco, the bahamas",https://youtu.be/D8wvAgKNK5Q
2_0193_010,2,193,2_0193,B047,26.55532,-77.10618,data/raw/FRAME/2_0193.jpg,data/raw/MASK/2_0193_B0XX_3_Level1.jpg,data/raw/JSON/2_0193.json,2_0193_B0XX_3_Level1.jpg,1,1,Minor damage,1,1,0,336,183,407,184,72,0.009729817708333333,0.06047382067581131,0.5127196324795856,09 September 2019,"Marsh Harbor, Abaco, the bahamas",https://youtu.be/D8wvAgKNK5Q
2_0193_011,2,193,2_0193,B046,26.55493,-77.10644,data/raw/FRAME/2_0193.jpg,data/raw/MASK/2_0193_B0XX_3_Level3.jpg,data/raw/JSON/2_0193.json,2_0193_B0XX_3_Level3.jpg,3,3,Severe damage,1,1,440,280,655,343,216,64,0.010460069444444444,0.42661055822095434,0.4316580221300138,09 September 2019,"Marsh Harbor, Abaco, the bahamas",https://youtu.be/D8wvAgKNK5Q
2_0193_012,2,193,2_0193,B049,26.55496,-77.10682,data/raw/FRAME/2_0193.jpg,data/raw/MASK/2_0193_B0XX_4_Level3.jpg,data/raw/JSON/2_0193.json,2_0193_B0XX_4_Level3.jpg,3,3,Severe damage,1,1,768,296,927,383,160,88,0.009403211805555556,0.6667425138472189,0.4642793035361695,09 September 2019,"Marsh Harbor, Abaco, the bahamas",https://youtu.be/D8wvAgKNK5Q
2_0193_013,2,193,2_0193,B051,26.55534,-77.10656,data/raw/FRAME/2_0193.jpg,data/raw/MASK/2_0193_B0XX_5_Level3.jpg,data/raw/JSON/2_0193.json,2_0193_B0XX_5_Level3.jpg,3,3,Severe damage,1,1,400,352,567,439,168,88,0.01089084201388889,0.37263165350702404,0.5503705733231488,09 September 2019,"Marsh Harbor, Abaco, the bahamas",https://youtu.be/D8wvAgKNK5Q
2_0193_014,2,193,2_0193,B052,26.55542,-77.10636,data/raw/FRAME/2_0193.jpg,data/raw/MASK/2_0193_B0XX_6_Level3.jpg,data/raw/JSON/2_0193.json,2_0193_B0XX_6_Level3.jpg,3,3,Severe damage,1,1,112,360,303,447,192,88,0.009204644097222223,0.15195970986089827,0.5521924568090429,09 September 2019,"Marsh Harbor, Abaco, the bahamas",https://youtu.be/D8wvAgKNK5Q
2_0193_015,2,193,2_0193,B050,26.55531,-77.107,data/raw/FRAME/2_0193.jpg,data/raw/MASK/2_0193_B0XX_7_Level3.jpg,data/raw/JSON/2_0193.json,2_0193_B0XX_7_Level3.jpg,3,3,Severe damage,1,1,928,376,1167,479,240,104,0.018621961805555556,0.8131221958396457,0.5933961821336544,09 September 2019,"Marsh Harbor, Abaco, the bahamas",https://youtu.be/D8wvAgKNK5Q
2_0213_000,2,213,2_0213,B050,26.55531,-77.107,data/raw/FRAME/2_0213.jpg,data/raw/MASK/2_0213_B0XX_0_Level3.jpg,data/raw/JSON/2_0213.json,2_0213_B0XX_0_Level3.jpg,3,3,Severe damage,1,1,912,376,1167,487,256,112,0.019402126736111112,0.8100097519713663,0.5968867481933026,09 September 2019,"Marsh Harbor, Abaco, the bahamas",https://youtu.be/D8wvAgKNK5Q
2_0222_000,2,222,2_0222,B037,26.55504,-77.10668,data/raw/FRAME/2_0222.jpg,data/raw/MASK/2_0222_B0XX_0_Level0.jpg,data/raw/JSON/2_0222.json,2_0222_B0XX_0_Level0.jpg,0,0,No or very minor damage,1,1,664,328,783,399,120,72,0.0057161458333333335,0.5695769267274108,0.4994887897578672,09 September 2019,"Marsh Harbor, Abaco, the bahamas",https://youtu.be/D8wvAgKNK5Q
2_0222_001,2,222,2_0222,B038,26.55421,-77.10627,data/raw/FRAME/2_0222.jpg,data/raw/MASK/2_0222_B0XX_0_Level1.jpg,data/raw/JSON/2_0222.json,2_0222_B0XX_0_Level1.jpg,1,1,Minor damage,2,1,488,192,671,271,184,80,0.010856119791666667,0.45087589017991003,0.32083888611249933,09 September 2019,"Marsh Harbor, Abaco, the bahamas",https://youtu.be/D8wvAgKNK5Q
2_0222_002,2,222,2_0222,B039,26.55462,-77.10587,data/raw/FRAME/2_0222.jpg,data/raw/MASK/2_0222_B0XX_0_Level2.jpg,data/raw/JSON/2_0222.json,2_0222_B0XX_0_Level2.jpg,2,2,Moderate damage,1,1,160,248,247,287,88,40,0.002843967013888889,0.15998187714612744,0.3741145237186825,09 September 2019,"Marsh Harbor, Abaco, the bahamas",https://youtu.be/D8wvAgKNK5Q
2_0222_003,2,222,2_0222,B040,26.55429,-77.10577,data/raw/FRAME/2_0222.jpg,data/raw/MASK/2_0222_B0XX_0_Level3.jpg,data/raw/JSON/2_0222.json,2_0222_B0XX_0_Level3.jpg,3,3,Severe damage,1,1,184,216,375,263,192,48,0.006959635416666667,0.21691331949641407,0.3312361414267401,09 September 2019,"Marsh Harbor, Abaco, the bahamas",https://youtu.be/D8wvAgKNK5Q
2_0222_004,2,222,2_0222,B041,26.55512,-77.1063,data/raw/FRAME/2_0222.jpg,data/raw/MASK/2_0222_B0XX_1_Level1.jpg,data/raw/JSON/2_0222.json,2_0222_B0XX_1_Level1.jpg,1,1,Minor damage,2,0,224,304,375,399,152,96,0.012969835069444444,0.2316069318371957,0.4877751517517685,09 September 2019,"Marsh Harbor, Abaco, the bahamas",https://youtu.be/D8wvAgKNK5Q
2_0222_005,2,222,2_0222,B042,26.55484,-77.10616,data/raw/FRAME/2_0222.jpg,data/raw/MASK/2_0222_B0XX_1_Level2.jpg,data/raw/JSON/2_0222.json,2_0222_B0XX_1_Level2.jpg,2,2,Moderate damage,1,0,264,280,391,327,128,48,0.0044444444444444444,0.25735111236572267,0.41664564344618055,09 September 2019,"Marsh Harbor, Abaco, the bahamas",https://youtu.be/D8wvAgKNK5Q
2_0222_006,2,222,2_0222,B043,26.55483,-77.10572,data/raw/FRAME/2_0222.jpg,data/raw/MASK/2_0222_B0XX_1_Level3.jpg,data/raw/JSON/2_0222.json,2_0222_B0XX_1_Level3.jpg,3,3,Severe damage,1,0,0,256,119,311,120,56,0.0049175347222222224,0.04327956062444836,0.39387135922330097,09 September 2019,"Marsh Harbor, Abaco, the bahamas",https://youtu.be/D8wvAgKNK5Q
2_0222_007,2,222,2_0222,B044,26.5552,-77.10656,data/raw/FRAME/2_0222.jpg,data/raw/MASK/2_0222_B0XX_2_Level1.jpg,data/raw/JSON/2_0222.json,2_0222_B0XX_2_Level1.jpg,1,1,Minor damage,1,1,456,344,615,415,160,72,0.007841796875,0.421417297979798,0.5306731700567318,09 September 2019,"Marsh Harbor, Abaco, the bahamas",https://youtu.be/D8wvAgKNK5Q
2_0222_008,2,222,2_0222,B045,26.55513,-77.10663,data/raw/FRAME/2_0222.jpg,data/raw/MASK/2_0222_B0XX_2_Level2.jpg,data/raw/JSON/2_0222.json,2_0222_B0XX_2_Level2.jpg,2,2,Moderate damage,1,1,584,336,703,407,120,72,0.006171875,0.5062624989011955,0.5158230289889045,09 September 2019,"Marsh Harbor, Abaco, the bahamas",https://youtu.be/D8wvAgKNK5Q
2_0222_009,2,222,2_0222,B046,26.55493,-77.10644,data/raw/FRAME/2_0222.jpg,data/raw/MASK/2_0222_B0XX_2_Level3.jpg,data/raw/JSON/2_0222.json,2_0222_B0XX_2_Level3.jpg,3,3,Severe damage,1,1,416,288,655,359,240,72,0.012577039930555556,0.41633803975066863,0.4523968548394827,09 September 2019,"Marsh Harbor, Abaco, the bahamas",https://youtu.be/D8wvAgKNK5Q
2_0222_010,2,222,2_0222,B049,26.55496,-77.10682,data/raw/FRAME/2_0222.jpg,data/raw/MASK/2_0222_B0XX_3_Level3.jpg,data/raw/JSON/2_0222.json,2_0222_B0XX_3_Level3.jpg,3,3,Severe damage,1,1,768,312,935,375,168,64,0.007486979166666667,0.6710439311594203,0.47275322061191627,09 September 2019,"Marsh Harbor, Abaco, the bahamas",https://youtu.be/D8wvAgKNK5Q
2_0222_011,2,222,2_0222,B051,26.55534,-77.10656,data/raw/FRAME/2_0222.jpg,data/raw/MASK/2_0222_B0XX_4_Level3.jpg,data/raw/JSON/2_0222.json,2_0222_B0XX_4_Level3.jpg,3,3,Severe damage,1,1,360,376,535,479,176,104,0.012271050347222222,0.34869690346184457,0.592076983916448,09 September 2019,"Marsh Harbor, Abaco, the bahamas",https://youtu.be/D8wvAgKNK5Q
2_0222_012,2,222,2_0222,B050,26.55531,-77.107,data/raw/FRAME/2_0222.jpg,data/raw/MASK/2_0222_B0XX_5_Level3.jpg,data/raw/JSON/2_0222.json,2_0222_B0XX_5_Level3.jpg,3,3,Severe damage,1,1,928,408,1223,527,296,120,0.02544596354166667,0.8361521097181356,0.6441113030005828,09 September 2019,"Marsh Harbor, Abaco, the bahamas",https://youtu.be/D8wvAgKNK5Q
2_0225_000,2,225,2_0225,B038,26.55421,-77.10627,data/raw/FRAME/2_0225.jpg,data/raw/MASK/2_0225_B0XX_0_Level0.jpg,data/raw/JSON/2_0225.json,2_0225_B0XX_0_Level0.jpg,0,0,No or very minor damage,2,1,472,200,663,279,192,80,0.012076822916666667,0.4417399483378257,0.3322866127583109,09 September 2019,"Marsh Harbor, Abaco, the bahamas",https://youtu.be/D8wvAgKNK5Q
2_0225_001,2,225,2_0225,B041,26.55512,-77.1063,data/raw/FRAME/2_0225.jpg,data/raw/MASK/2_0225_B0XX_0_Level1.jpg,data/raw/JSON/2_0225.json,2_0225_B0XX_0_Level1.jpg,1,1,Minor damage,2,1,176,320,343,431,168,112,0.015120442708333333,0.2010224928238249,0.5167910537017103,09 September 2019,"Marsh Harbor, Abaco, the bahamas",https://youtu.be/D8wvAgKNK5Q
2_0225_002,2,225,2_0225,B045,26.55513,-77.10663,data/raw/FRAME/2_0225.jpg,data/raw/MASK/2_0225_B0XX_0_Level2.jpg,data/raw/JSON/2_0225.json,2_0225_B0XX_0_Level2.jpg,2,2,Moderate damage,1,1,560,360,687,439,128,80,0.0077267795138888885,0.48963255687403456,0.5513319368378349,09 September 2019,"Marsh Harbor, Abaco, the bahamas",https://youtu.be/D8wvAgKNK5Q
2_0225_003,2,225,2_0225,B040,26.55429,-77.10577,data/raw/FRAME/2_0225.jpg,data/raw/MASK/2_0225_B0XX_0_Level3.jpg,data/raw/JSON/2_0225.json,2_0225_B0XX_0_Level3.jpg,3,3,Severe damage,1,1,160,224,351,271,192,48,0.007214626736111111,0.19954715934727027,0.3410728012566635,09 September 2019,"Marsh Harbor, Abaco, the bahamas",https://youtu.be/D8wvAgKNK5Q
2_0225_004,2,225,2_0225,B037,26.55504,-77.10668,data/raw/FRAME/2_0225.jpg,data/raw/MASK/2_0225_B0XX_1_Level0.jpg,data/raw/JSON/2_0225.json,2_0225_B0XX_1_Level0.jpg,0,0,No or very minor damage,1,0,648,344,783,423,136,80,0.007459852430555556,0.5624723863636364,0.5304715151515151,09 September 2019,"Marsh Harbor, Abaco, the bahamas",https://youtu.be/D8wvAgKNK5Q
2_0225_005,2,225,2_0225,B044,26.5552,-77.10656,data/raw/FRAME/2_0225.jpg,data/raw/MASK/2_0225_B0XX_1_Level1.jpg,data/raw/JSON/2_0225.json,2_0225_B0XX_1_Level1.jpg,1,1,Minor damage,1,0,424,376,599,447,176,72,0.009557291666666667,0.4018698377895095,0.56930394716924,09 September 2019,"Marsh Harbor, Abaco, the bahamas",https://youtu.be/D8wvAgKNK5Q
2_0225_006,2,225,2_0225,B055,26.55449,-77.10704,data/raw/FRAME/2_0225.jpg,data/raw/MASK/2_0225_B0XX_1_Level3.jpg,data/raw/JSON/2_0225.json,2_0225_B0XX_1_Level3.jpg,3,3,Severe damage,1,0,1032,264,1159,319,128,56,0.006114366319444444,0.856357031943212,0.40363427979887606,09 September 2019,"Marsh Harbor, Abaco, the bahamas",https://youtu.be/D8wvAgKNK5Q
2_0225_007,2,225,2_0225,B043,26.55483,-77.10572,data/raw/FRAME/2_0225.jpg,data/raw/MASK/2_0225_B0XX_2_Level3.jpg,data/raw/JSON/2_0225.json,2_0225_B0XX_2_Level3.jpg,3,3,Severe damage,1,0,0,264,87,319,88,56,0.0035948350694444443,0.02976696913673408,0.40808096052587456,09 September 2019,"Marsh Harbor, Abaco, the bahamas",https://youtu.be/D8wvAgKNK5Q
2_0225_008,2,225,2_0225,B042,26.55484,-77.10616,data/raw/FRAME/2_0225.jpg,data/raw/MASK/2_0225_B0XX_3_Level3.jpg,data/raw/JSON/2_0225.json,2_0225_B0XX_3_Level3.jpg,3,3,Severe damage,1,0,224,288,367,343,144,56,0.005447048611111111,0.2331141060756972,0.438574037184595,09 September 2019,"Marsh Harbor, Abaco, the bahamas",https://youtu.be/D8wvAgKNK5Q
2_0225_009,2,225,2_0225,B046,26.55493,-77.10644,data/raw/FRAME/2_0225.jpg,data/raw/MASK/2_0225_B0XX_4_Level3.jpg,data/raw/JSON/2_0225.json,2_0225_B0XX_4_Level3.jpg,3,3,Severe damage,1,0,392,304,639,383,248,80,0.014428168402777778,0.40202354149432207,0.4767886240004011,09 September 2019,"Marsh Harbor, Abaco, the bahamas",https://youtu.be/D8wvAgKNK5Q
2_0225_010,2,225,2_0225,B049,26.55496,-77.10682,data/raw/FRAME/2_0225.jpg,data/raw/MASK/2_0225_B0XX_5_Level3.jpg,data/raw/JSON/2_0225.json,2_0225_B0XX_5_Level3.jpg,3,3,Severe damage,1,0,760,328,943,431,184,104,0.01239040798611111,0.6714061405333217,0.5152034620661471,09 September 2019,"Marsh Harbor, Abaco, the bahamas",https://youtu.be/D8wvAgKNK5Q
2_0225_011,2,225,2_0225,B051,26.55534,-77.10656,data/raw/FRAME/2_0225.jpg,data/raw/MASK/2_0225_B0XX_6_Level3.jpg,data/raw/JSON/2_0225.json,2_0225_B0XX_6_Level3.jpg,3,3,Severe damage,1,0,320,408,511,519,192,112,0.015090060763888889,0.32382792838139063,0.6420710393646685,09 September 2019,"Marsh Harbor, Abaco, the bahamas",https://youtu.be/D8wvAgKNK5Q
2_0225_012,2,225,2_0225,B052,26.55542,-77.10636,data/raw/FRAME/2_0225.jpg,data/raw/MASK/2_0225_B0XX_7_Level3.jpg,data/raw/JSON/2_0225.json,2_0225_B0XX_7_Level3.jpg,3,3,Severe damage,1,0,0,424,175,519,176,96,0.011451822916666667,0.05696100116069737,0.645595535131493,09 September 2019,"Marsh Harbor, Abaco, the bahamas",https://youtu.be/D8wvAgKNK5Q
2_0225_013,2,225,2_0225,B050,26.55531,-77.107,data/raw/FRAME/2_0225.jpg,data/raw/MASK/2_0225_B0XX_8_Level3.jpg,data/raw/JSON/2_0225.json,2_0225_B0XX_8_Level3.jpg,3,3,Severe damage,1,0,952,440,1247,575,296,136,0.029598524305555554,0.8526992906371434,0.7024760999910388,09 September 2019,"Marsh Harbor, Abaco, the bahamas",https://youtu.be/D8wvAgKNK5Q
2_0238_000,2,238,2_0238,B037,26.55504,-77.10668,data/raw/FRAME/2_0238.jpg,data/raw/MASK/2_0238_B0XX_0_Level0.jpg,data/raw/JSON/2_0238.json,2_0238_B0XX_0_Level0.jpg,0,0,No or very minor damage,1,1,592,80,767,199,176,120,0.014181857638888889,0.5337350564269319,0.19063089773017086,09 September 2019,"Marsh Harbor, Abaco, the bahamas",https://youtu.be/D8wvAgKNK5Q
2_0238_001,2,238,2_0238,B045,26.55513,-77.10663,data/raw/FRAME/2_0238.jpg,data/raw/MASK/2_0238_B0XX_0_Level1.jpg,data/raw/JSON/2_0238.json,2_0238_B0XX_0_Level1.jpg,1,1,Minor damage,1,1,464,104,639,247,176,144,0.017526041666666665,0.43420362996842493,0.23951161878817895,09 September 2019,"Marsh Harbor, Abaco, the bahamas",https://youtu.be/D8wvAgKNK5Q
2_0238_002,2,238,2_0238,B046,26.55493,-77.10644,data/raw/FRAME/2_0238.jpg,data/raw/MASK/2_0238_B0XX_0_Level3.jpg,data/raw/JSON/2_0238.json,2_0238_B0XX_0_Level3.jpg,3,3,Severe damage,1,1,248,8,583,127,336,120,0.02660915798611111,0.3239570059230111,0.0887524523463234,09 September 2019,"Marsh Harbor, Abaco, the bahamas",https://youtu.be/D8wvAgKNK5Q
2_0238_003,2,238,2_0238,B044,26.5552,-77.10656,data/raw/FRAME/2_0238.jpg,data/raw/MASK/2_0238_B0XX_1_Level0.jpg,data/raw/JSON/2_0238.json,2_0238_B0XX_1_Level0.jpg,0,0,No or very minor damage,1,1,264,136,495,271,232,136,0.02451171875,0.2975188828021248,0.29149174905317005,09 September 2019,"Marsh Harbor, Abaco, the bahamas",https://youtu.be/D8wvAgKNK5Q
2_0238_004,2,238,2_0238,B049,26.55496,-77.10682,data/raw/FRAME/2_0238.jpg,data/raw/MASK/2_0238_B0XX_1_Level3.jpg,data/raw/JSON/2_0238.json,2_0238_B0XX_1_Level3.jpg,3,3,Severe damage,1,1,744,40,983,167,240,128,0.018727213541666666,0.6881479861956081,0.1347800825334286,09 September 2019,"Marsh Harbor, Abaco, the bahamas",https://youtu.be/D8wvAgKNK5Q
2_0238_005,2,238,2_0238,B048,26.55505,-77.10684,data/raw/FRAME/2_0238.jpg,data/raw/MASK/2_0238_B0XX_2_Level3.jpg,data/raw/JSON/2_0238.json,2_0238_B0XX_2_Level3.jpg,3,3,Severe damage,1,1,840,136,951,215,112,80,0.007119140625,0.7009916552354823,0.24274839540043014,09 September 2019,"Marsh Harbor, Abaco, the bahamas",https://youtu.be/D8wvAgKNK5Q
2_0238_006,2,238,2_0238,B051,26.55534,-77.10656,data/raw/FRAME/2_0238.jpg,data/raw/MASK/2_0238_B0XX_3_Level3.jpg,data/raw/JSON/2_0238.json,2_0238_B0XX_3_Level3.jpg,3,3,Severe damage,1,1,72,224,375,415,304,192,0.03773871527777778,0.17059503486198965,0.4325790684301323,09 September 2019,"Marsh Harbor, Abaco, the bahamas",https://youtu.be/D8wvAgKNK5Q
2_0245_000,2,245,2_0245,B037,26.55504,-77.10668,data/raw/FRAME/2_0245.jpg,data/raw/MASK/2_0245_B0XX_0_Level0.jpg,data/raw/JSON/2_0245.json,2_0245_B0XX_0_Level0.jpg,0,0,No or very minor damage,1,1,568,8,767,151,200,144,0.01984375,0.5226773960383858,0.1040516094342374,09 September 2019,"Marsh Harbor, Abaco, the bahamas",https://youtu.be/D8wvAgKNK5Q
2_0245_001,2,245,2_0245,B044,26.5552,-77.10656,data/raw/FRAME/2_0245.jpg,data/raw/MASK/2_0245_B0XX_0_Level1.jpg,data/raw/JSON/2_0245.json,2_0245_B0XX_0_Level1.jpg,1,1,Minor damage,1,1,176,64,455,239,280,176,0.03479926215277778,0.2463098233216925,0.21329584706155438,09 September 2019,"Marsh Harbor, Abaco, the bahamas",https://youtu.be/D8wvAgKNK5Q
2_0245_002,2,245,2_0245,B045,26.55513,-77.10663,data/raw/FRAME/2_0245.jpg,data/raw/MASK/2_0245_B0XX_0_Level2.jpg,data/raw/JSON/2_0245.json,2_0245_B0XX_0_Level2.jpg,2,2,Moderate damage,1,1,400,32,615,183,216,152,0.022918836805555554,0.40126634107802295,0.1536659380950878,09 September 2019,"Marsh Harbor, Abaco, the bahamas",https://youtu.be/D8wvAgKNK5Q
2_0245_003,2,245,2_0245,B048,26.55505,-77.10684,data/raw/FRAME/2_0245.jpg,data/raw/MASK/2_0245_B0XX_0_Level3.jpg,data/raw/JSON/2_0245.json,2_0245_B0XX_0_Level3.jpg,3,3,Severe damage,1,1,848,72,967,167,120,96,0.010065104166666667,0.7108099867938766,0.16383708255474103,09 September 2019,"Marsh Harbor, Abaco, the bahamas",https://youtu.be/D8wvAgKNK5Q
2_0245_004,2,245,2_0245,B051,26.55534,-77.10656,data/raw/FRAME/2_0245.jpg,data/raw/MASK/2_0245_B0XX_1_Level2.jpg,data/raw/JSON/2_0245.json,2_0245_B0XX_1_Level2.jpg,2,2,Moderate damage,1,1,0,192,287,447,288,256,0.050653211805555556,0.09606457989696243,0.4239928606791102,09 September 2019,"Marsh Harbor, Abaco, the bahamas",https://youtu.be/D8wvAgKNK5Q
2_0251_000,2,251,2_0251,B037,26.55504,-77.10668,data/raw/FRAME/2_0251.jpg,data/raw/MASK/2_0251_B0XX_0_Level0.jpg,data/raw/JSON/2_0251.json,2_0251_B0XX_0_Level0.jpg,0,0,No or very minor damage,1,1,576,0,767,95,192,96,0.01368923611111111,0.5284454635978123,0.05181042151060382,09 September 2019,"Marsh Harbor, Abaco, the bahamas",https://youtu.be/D8wvAgKNK5Q
2_0251_001,2,251,2_0251,B045,26.55513,-77.10663,data/raw/FRAME/2_0251.jpg,data/raw/MASK/2_0251_B0XX_0_Level2.jpg,data/raw/JSON/2_0251.json,2_0251_B0XX_0_Level2.jpg,2,2,Moderate damage,1,1,432,0,631,135,200,136,0.019190538194444443,0.4172685581109352,0.0924860529986053,09 September 2019,"Marsh Harbor, Abaco, the bahamas",https://youtu.be/D8wvAgKNK5Q
2_0251_002,2,251,2_0251,B048,26.55505,-77.10684,data/raw/FRAME/2_0251.jpg,data/raw/MASK/2_0251_B0XX_0_Level3.jpg,data/raw/JSON/2_0251.json,2_0251_B0XX_0_Level3.jpg,3,3,Severe damage,1,1,840,24,951,111,112,88,0.008540581597222222,0.7017162487295134,0.09732791964878103,09 September 2019,"Marsh Harbor, Abaco, the bahamas",https://youtu.be/D8wvAgKNK5Q
2_0251_003,2,251,2_0251,B044,26.5552,-77.10656,data/raw/FRAME/2_0251.jpg,data/raw/MASK/2_0251_B0XX_1_Level0.jpg,data/raw/JSON/2_0251.json,2_0251_B0XX_1_Level0.jpg,0,0,No or very minor damage,1,1,224,24,471,183,248,160,0.030423177083333332,0.2751064125026749,0.149508256651687,09 September 2019,"Marsh Harbor, Abaco, the bahamas",https://youtu.be/D8wvAgKNK5Q
2_0251_004,2,251,2_0251,B051,26.55534,-77.10656,data/raw/FRAME/2_0251.jpg,data/raw/MASK/2_0251_B0XX_1_Level3.jpg,data/raw/JSON/2_0251.json,2_0251_B0XX_1_Level3.jpg,3,3,Severe damage,1,1,24,128,335,335,312,208,0.045981987847222225,0.13418745354201572,0.315703749151138,09 September 2019,"Marsh Harbor, Abaco, the bahamas",https://youtu.be/D8wvAgKNK5Q
2_0251_005,2,251,2_0251,B050,26.55531,-77.107,data/raw/FRAME/2_0251.jpg,data/raw/MASK/2_0251_B0XX_2_Level0.jpg,data/raw/JSON/2_0251.json,2_0251_B0XX_2_Level0.jpg,0,0,No or very minor damage,1,1,1048,200,1279,487,232,288,0.050657552083333335,0.9262941011491668,0.464227796103519,09 September 2019,"Marsh Harbor, Abaco, the bahamas",https://youtu.be/D8wvAgKNK5Q
2_0254_000,2,254,2_0254,B037,26.55504,-77.10668,data/raw/FRAME/2_0254.jpg,data/raw/MASK/2_0254_B0XX_0_Level0.jpg,data/raw/JSON/2_0254.json,2_0254_B0XX_0_Level0.jpg,0,0,No or very minor damage,1,1,592,104,767,207,176,104,0.013017578125,0.5331140727890306,0.2124153723616089,09 September 2019,"Marsh Harbor, Abaco, the bahamas",https://youtu.be/D8wvAgKNK5Q
2_0254_001,2,254,2_0254,B041,26.55512,-77.1063,data/raw/FRAME/2_0254.jpg,data/raw/MASK/2_0254_B0XX_0_Level1.jpg,data/raw/JSON/2_0254.json,2_0254_B0XX_0_Level1.jpg,1,1,Minor damage,2,1,0,64,183,223,184,160,0.027060546875,0.06845080120494004,0.19723892965502493,09 September 2019,"Marsh Harbor, Abaco, the bahamas",https://youtu.be/D8wvAgKNK5Q
2_0254_002,2,254,2_0254,B045,26.55513,-77.10663,data/raw/FRAME/2_0254.jpg,data/raw/MASK/2_0254_B0XX_0_Level2.jpg,data/raw/JSON/2_0254.json,2_0254_B0XX_0_Level2.jpg,2,2,Moderate damage,1,1,472,128,647,239,176,112,0.014649522569444445,0.43946391702466486,0.25361639878527514,09 September 2019,"Marsh Harbor, Abaco, the bahamas",https://youtu.be/D8wvAgKNK5Q
2_0254_003,2,254,2_0254,B042,26.55484,-77.10616,data/raw/FRAME/2_0254.jpg,data/raw/MASK/2_0254_B0XX_0_Level3.jpg,data/raw/JSON/2_0254.json,2_0254_B0XX_0_Level3.jpg,3,3,Severe damage,1,1,80,8,247,87,168,80,0.009665798611111111,0.12340364700269421,0.061677393603751934,09 September 2019,"Marsh Harbor, Abaco, the bahamas",https://youtu.be/D8wvAgKNK5Q
2_0254_004,2,254,2_0254,B044,26.5552,-77.10656,data/raw/FRAME/2_0254.jpg,data/raw/MASK/2_0254_B0XX_1_Level1.jpg,data/raw/JSON/2_0254.json,2_0254_B0XX_1_Level1.jpg,1,1,Minor damage,1,0,288,144,519,271,232,128,0.020858289930555555,0.3143831201555428,0.2915054737669574,09 September 2019,"Marsh Harbor, Abaco, the bahamas",https://youtu.be/D8wvAgKNK5Q
2_0254_005,2,254,2_0254,B048,26.55505,-77.10684,data/raw/FRAME/2_0254.jpg,data/raw/MASK/2_0254_B0XX_1_Level2.jpg,data/raw/JSON/2_0254.json,2_0254_B0XX_1_Level2.jpg,2,2,Moderate damage,1,0,832,152,935,223,104,72,0.006162109375,0.69174480542349,0.2627088591496938,09 September 2019,"Marsh Harbor, Abaco, the bahamas",https://youtu.be/D8wvAgKNK5Q
2_0254_006,2,254,2_0254,B046,26.55493,-77.10644,data/raw/FRAME/2_0254.jpg,data/raw/MASK/2_0254_B0XX_1_Level3.jpg,data/raw/JSON/2_0254.json,2_0254_B0XX_1_Level3.jpg,3,3,Severe damage,1,0,272,32,583,143,312,112,0.025118272569444444,0.33273602531426844,0.12002594304529593,09 September 2019,"Marsh Harbor, Abaco, the bahamas",https://youtu.be/D8wvAgKNK5Q
2_0254_007,2,254,2_0254,B049,26.55496,-77.10682,data/raw/FRAME/2_0254.jpg,data/raw/MASK/2_0254_B0XX_2_Level3.jpg,data/raw/JSON/2_0254.json,2_0254_B0XX_2_Level3.jpg,3,3,Severe damage,1,0,736,80,967,175,232,96,0.016129557291666666,0.6646335246384123,0.1740631423552715,09 September 2019,"Marsh Harbor, Abaco, the bahamas",https://youtu.be/D8wvAgKNK5Q
2_0254_008,2,254,2_0254,B051,26.55534,-77.10656,data/raw/FRAME/2_0254.jpg,data/raw/MASK/2_0254_B0XX_3_Level3.jpg,data/raw/JSON/2_0254.json,2_0254_B0XX_3_Level3.jpg,3,3,Severe damage,1,0,112,224,391,399,280,176,0.033914930555555556,0.19109700937420016,0.4274278005289651,09 September 2019,"Marsh Harbor, Abaco, the bahamas",https://youtu.be/D8wvAgKNK5Q
2_0257_000,2,257,2_0257,B041,26.55512,-77.1063,data/raw/FRAME/2_0257.jpg,data/raw/MASK/2_0257_B0XX_0_Level0.jpg,data/raw/JSON/2_0257.json,2_0257_B0XX_0_Level0.jpg,0,0,No or very minor damage,2,1,48,200,247,327,200,128,0.021596137152777778,0.12154131129729187,0.3621117977747632,09 September 2019,"Marsh Harbor, Abaco, the bahamas",https://youtu.be/D8wvAgKNK5Q
2_0257_001,2,257,2_0257,B044,26.5552,-77.10656,data/raw/FRAME/2_0257.jpg,data/raw/MASK/2_0257_B0XX_0_Level1.jpg,data/raw/JSON/2_0257.json,2_0257_B0XX_0_Level1.jpg,1,1,Minor damage,1,1,336,264,543,367,208,104,0.016170789930555554,0.3422055332818895,0.4392264421033797,09 September 2019,"Marsh Harbor, Abaco, the bahamas",https://youtu.be/D8wvAgKNK5Q
2_0257_002,2,257,2_0257,B045,26.55513,-77.10663,data/raw/FRAME/2_0257.jpg,data/raw/MASK/2_0257_B0XX_0_Level2.jpg,data/raw/JSON/2_0257.json,2_0257_B0XX_0_Level2.jpg,2,2,Moderate damage,1,1,496,248,663,343,168,96,0.011248914930555555,0.4573485127085946,0.41091296635692315,09 September 2019,"Marsh Harbor, Abaco, the bahamas",https://youtu.be/D8wvAgKNK5Q
2_0257_003,2,257,2_0257,B046,26.55493,-77.10644,data/raw/FRAME/2_0257.jpg,data/raw/MASK/2_0257_B0XX_0_Level3.jpg,data/raw/JSON/2_0257.json,2_0257_B0XX_0_Level3.jpg,3,3,Severe damage,1,1,320,176,607,263,288,88,0.020647786458333334,0.3592311816832204,0.3052005418630044,09 September 2019,"Marsh Harbor, Abaco, the bahamas",https://youtu.be/D8wvAgKNK5Q
2_0257_004,2,257,2_0257,B037,26.55504,-77.10668,data/raw/FRAME/2_0257.jpg,data/raw/MASK/2_0257_B0XX_1_Level0.jpg,data/raw/JSON/2_0257.json,2_0257_B0XX_1_Level0.jpg,0,0,No or very minor damage,1,1,608,224,759,319,152,96,0.010275607638888889,0.5408512077613516,0.3767417575970902,09 September 2019,"Marsh Harbor, Abaco, the bahamas",https://youtu.be/D8wvAgKNK5Q
2_0257_005,2,257,2_0257,B049,26.55496,-77.10682,data/raw/FRAME/2_0257.jpg,data/raw/MASK/2_0257_B0XX_1_Level3.jpg,data/raw/JSON/2_0257.json,2_0257_B0XX_1_Level3.jpg,3,3,Severe damage,1,1,736,200,959,335,224,136,0.018879123263888888,0.6699431810017817,0.3568529640911674,09 September 2019,"Marsh Harbor, Abaco, the bahamas",https://youtu.be/D8wvAgKNK5Q
2_0257_006,2,257,2_0257,B051,26.55534,-77.10656,data/raw/FRAME/2_0257.jpg,data/raw/MASK/2_0257_B0XX_3_Level3.jpg,data/raw/JSON/2_0257.json,2_0257_B0XX_3_Level3.jpg,3,3,Severe damage,1,1,200,320,439,471,240,152,0.023162977430555554,0.24444509913570994,0.5437063756031292,09 September 2019,"Marsh Harbor, Abaco, the bahamas",https://youtu.be/D8wvAgKNK5Q
2_0257_007,2,257,2_0257,B050,26.55531,-77.107,data/raw/FRAME/2_0257.jpg,data/raw/MASK/2_0257_B0XX_4_Level3.jpg,data/raw/JSON/2_0257.json,2_0257_B0XX_4_Level3.jpg,3,3,Severe damage,1,1,968,360,1279,551,312,192,0.043467881944444446,0.8838486020968548,0.6285265851223165,09 September 2019,"Marsh Harbor, Abaco, the bahamas",https://youtu.be/D8wvAgKNK5Q
2_0302_000,2,302,2_0302,B056,26.55727,-77.10602,data/raw/FRAME/2_0302.jpg,data/raw/MASK/2_0302_B0XX_0_Level3.jpg,data/raw/JSON/2_0302.json,2_0302_B0XX_0_Level3.jpg,3,3,Severe damage,1,1,744,360,951,463,208,104,0.01782660590277778,0.663353150298253,0.5803959461927081,09 September 2019,"Marsh Harbor, Abaco, the bahamas",https://youtu.be/D8wvAgKNK5Q
2_0302_001,2,302,2_0302,B057,26.55759,-77.10617,data/raw/FRAME/2_0302.jpg,data/raw/MASK/2_0302_B0XX_0_Level4.jpg,data/raw/JSON/2_0302.json,2_0302_B0XX_0_Level4.jpg,4,4,Destruction,2,1,512,336,631,407,120,72,0.007623697916666667,0.44458384482635926,0.5151012509093209,09 September 2019,"Marsh Harbor, Abaco, the bahamas",https://youtu.be/D8wvAgKNK5Q
2_0302_002,2,302,2_0302,B058,26.55702,-77.10574,data/raw/FRAME/2_0302.jpg,data/raw/MASK/2_0302_B0XX_0_Level5.jpg,data/raw/JSON/2_0302.json,2_0302_B0XX_0_Level5.jpg,5,5,Destroyed or under construction,1,1,1112,392,1279,455,168,64,0.007380642361111111,0.9398853278447514,0.5854456614067758,09 September 2019,"Marsh Harbor, Abaco, the bahamas",https://youtu.be/D8wvAgKNK5Q
2_0302_003,2,302,2_0302,B027,26.55701,-77.10679,data/raw/FRAME/2_0302.jpg,data/raw/MASK/2_0302_B0XX_1_Level5.jpg,data/raw/JSON/2_0302.json,2_0302_B0XX_1_Level5.jpg,5,5,Destroyed or under construction,1,1,0,448,383,663,384,216,0.06516276041666667,0.13520688151496987,0.763135886035901,09 September 2019,"Marsh Harbor, Abaco, the bahamas",https://youtu.be/D8wvAgKNK5Q
2_0302_004,2,302,2_0302,B023,26.55675,-77.10652,data/raw/FRAME/2_0302.jpg,data/raw/MASK/2_0302_B0XX_2_Level4.jpg,data/raw/JSON/2_0302.json,2_0302_B0XX_2_Level4.jpg,4,4,Destruction,1,1,680,544,1079,719,400,176,0.05765299479166667,0.6908481428678975,0.8792109475801814,09 September 2019,"Marsh Harbor, Abaco, the bahamas",https://youtu.be/D8wvAgKNK5Q
2_0309_000,2,309,2_0309,B056,26.55727,-77.10602,data/raw/FRAME/2_0309.jpg,data/raw/MASK/2_0309_B0XX_0_Level2.jpg,data/raw/JSON/2_0309.json,2_0309_B0XX_0_Level2.jpg,2,2,Moderate damage,1,1,720,56,943,151,224,96,0.018624131944444445,0.6528625957673037,0.15176313796317875,09 September 2019,"Marsh Harbor, Abaco, the bahamas",https://youtu.be/D8wvAgKNK5Q
2_0309_001,2,309,2_0309,B027,26.55701,-77.10679,data/raw/FRAME/2_0309.jpg,data/raw/MASK/2_0309_B0XX_0_Level4.jpg,data/raw/JSON/2_0309.json,2_0309_B0XX_0_Level4.jpg,4,4,Destruction,1,1,0,216,295,359,296,144,0.033662109375,0.10819026911485027,0.40188851819617705,09 September 2019,"Marsh Harbor, Abaco, the bahamas",https://youtu.be/D8wvAgKNK5Q
2_0309_002,2,309,2_0309,B028,26.55721,-77.10666,data/raw/FRAME/2_0309.jpg,data/raw/MASK/2_0309_B0XX_0_Level5.jpg,data/raw/JSON/2_0309.json,2_0309_B0XX_0_Level5.jpg,5,5,Destroyed or under construction,1,1,16,136,367,255,352,120,0.03187282986111111,0.148433191342684,0.268501717316145,09 September 2019,"Marsh Harbor, Abaco, the bahamas",https://youtu.be/D8wvAgKNK5Q
2_0309_003,2,309,2_0309,B023,26.55675,-77.10652,data/raw/FRAME/2_0309.jpg,data/raw/MASK/2_0309_B0XX_1_Level4.jpg,data/raw/JSON/2_0309.json,2_0309_B0XX_1_Level4.jpg,4,4,Destruction,1,1,664,240,1055,455,392,216,0.06200629340277778,0.6876146070303614,0.47550947395028237,09 September 2019,"Marsh Harbor, Abaco, the bahamas",https://youtu.be/D8wvAgKNK5Q
2_0309_004,2,309,2_0309,B025,26.55653,-77.10668,data/raw/FRAME/2_0309.jpg,data/raw/MASK/2_0309_B0XX_3_Level5.jpg,data/raw/JSON/2_0309.json,2_0309_B0XX_3_Level5.jpg,5,5,Destroyed or under construction,1,1,488,448,1151,719,664,272,0.14041015625,0.6502186500208652,0.8064104603397853,09 September 2019,"Marsh Harbor, Abaco, the bahamas",https://youtu.be/D8wvAgKNK5Q
2_0312_000,2,312,2_0312,B023,26.55675,-77.10652,data/raw/FRAME/2_0312.jpg,data/raw/MASK/2_0312_B0XX_0_Level4.jpg,data/raw/JSON/2_0312.json,2_0312_B0XX_0_Level4.jpg,4,4,Destruction,1,1,664,128,1055,351,392,224,0.06571831597222222,0.6832890978436746,0.3256920824665104,09 September 2019,"Marsh Harbor, Abaco, the bahamas",https://youtu.be/D8wvAgKNK5Q
2_0312_001,2,312,2_0312,B025,26.55653,-77.10668,data/raw/FRAME/2_0312.jpg,data/raw/MASK/2_0312_B0XX_0_Level5.jpg,data/raw/JSON/2_0312.json,2_0312_B0XX_0_Level5.jpg,5,5,Destroyed or under construction,1,1,480,344,1151,671,672,328,0.15827256944444446,0.6649635694465392,0.6807428209382256,09 September 2019,"Marsh Harbor, Abaco, the bahamas",https://youtu.be/D8wvAgKNK5Q
2_0315_000,2,315,2_0315,B023,26.55675,-77.10652,data/raw/FRAME/2_0315.jpg,data/raw/MASK/2_0315_B0XX_0_Level4.jpg,data/raw/JSON/2_0315.json,2_0315_B0XX_0_Level4.jpg,4,4,Destruction,1,1,664,24,1055,239,392,216,0.06397026909722223,0.6829445392672377,0.1838729398128516,09 September 2019,"Marsh Harbor, Abaco, the bahamas",https://youtu.be/D8wvAgKNK5Q
2_0315_001,2,315,2_0315,B027,26.55701,-77.10679,data/raw/FRAME/2_0315.jpg,data/raw/MASK/2_0315_B0XX_0_Level5.jpg,data/raw/JSON/2_0315.json,2_0315_B0XX_0_Level5.jpg,5,5,Destroyed or under construction,1,1,0,0,287,151,288,152,0.02523003472222222,0.13548300280621023,0.12332822027256915,09 September 2019,"Marsh Harbor, Abaco, the bahamas",https://youtu.be/D8wvAgKNK5Q
2_0315_002,2,315,2_0315,B025,26.55653,-77.10668,data/raw/FRAME/2_0315.jpg,data/raw/MASK/2_0315_B0XX_1_Level5.jpg,data/raw/JSON/2_0315.json,2_0315_B0XX_1_Level5.jpg,5,5,Destroyed or under construction,1,1,488,240,1143,575,656,336,0.153935546875,0.66391954590391,0.5369992962892474,09 September 2019,"Marsh Harbor, Abaco, the bahamas",https://youtu.be/D8wvAgKNK5Q
2_0318_000,2,318,2_0318,B023,26.55675,-77.10652,data/raw/FRAME/2_0318.jpg,data/raw/MASK/2_0318_B0XX_0_Level4.jpg,data/raw/JSON/2_0318.json,2_0318_B0XX_0_Level4.jpg,4,4,Destruction,1,1,560,0,943,191,384,192,0.06150173611111111,0.6018644280389908,0.11801316356935623,09 September 2019,"Marsh Harbor, Abaco, the bahamas",https://youtu.be/D8wvAgKNK5Q
2_0318_001,2,318,2_0318,B027,26.55701,-77.10679,data/raw/FRAME/2_0318.jpg,data/raw/MASK/2_0318_B0XX_0_Level5.jpg,data/raw/JSON/2_0318.json,2_0318_B0XX_0_Level5.jpg,5,5,Destroyed or under construction,1,1,0,0,175,119,176,120,0.011036241319444445,0.0775573628453446,0.09254948710385737,09 September 2019,"Marsh Harbor, Abaco, the bahamas",https://youtu.be/D8wvAgKNK5Q
2_0318_002,2,318,2_0318,B025,26.55653,-77.10668,data/raw/FRAME/2_0318.jpg,data/raw/MASK/2_0318_B0XX_1_Level5.jpg,data/raw/JSON/2_0318.json,2_0318_B0XX_1_Level5.jpg,5,5,Destroyed or under construction,1,1,384,192,1038,519,655,328,0.1571875,0.5774828028357633,0.4660876849244042,09 September 2019,"Marsh Harbor, Abaco, the bahamas",https://youtu.be/D8wvAgKNK5Q
2_0321_000,2,321,2_0321,B029,26.55629,-77.10637,data/raw/FRAME/2_0321.jpg,data/raw/MASK/2_0321_B0XX_0_Level3.jpg,data/raw/JSON/2_0321.json,2_0321_B0XX_0_Level3.jpg,3,3,Severe damage,1,1,984,176,1279,447,296,272,0.06640190972222222,0.9032135857531538,0.4147819665047098,09 September 2019,"Marsh Harbor, Abaco, the bahamas",https://youtu.be/D8wvAgKNK5Q
2_0321_001,2,321,2_0321,B023,26.55675,-77.10652,data/raw/FRAME/2_0321.jpg,data/raw/MASK/2_0321_B0XX_0_Level4.jpg,data/raw/JSON/2_0321.json,2_0321_B0XX_0_Level4.jpg,4,4,Destruction,1,1,176,0,583,199,408,200,0.06664388020833334,0.309747009272375,0.12302076718930623,09 September 2019,"Marsh Harbor, Abaco, the bahamas",https://youtu.be/D8wvAgKNK5Q
2_0321_002,2,321,2_0321,B025,26.55653,-77.10668,data/raw/FRAME/2_0321.jpg,data/raw/MASK/2_0321_B0XX_0_Level5.jpg,data/raw/JSON/2_0321.json,2_0321_B0XX_0_Level5.jpg,5,5,Destroyed or under construction,1,1,16,208,695,511,680,304,0.15715277777777778,0.2994193326146846,0.4754226160885256,09 September 2019,"Marsh Harbor, Abaco, the bahamas",https://youtu.be/D8wvAgKNK5Q
2_0334_000,2,334,2_0334,B029,26.55629,-77.10637,data/raw/FRAME/2_0334.jpg,data/raw/MASK/2_0334_B0XX_0_Level3.jpg,data/raw/JSON/2_0334.json,2_0334_B0XX_0_Level3.jpg,3,3,Severe damage,1,1,536,104,1174,391,639,288,0.12605143229166665,0.6586878612732312,0.3332720241869843,09 September 2019,"Marsh Harbor, Abaco, the bahamas",https://youtu.be/D8wvAgKNK5Q
2_0334_001,2,334,2_0334,B025,26.55653,-77.10668,data/raw/FRAME/2_0334.jpg,data/raw/MASK/2_0334_B0XX_0_Level4.jpg,data/raw/JSON/2_0334.json,2_0334_B0XX_0_Level4.jpg,4,4,Destruction,1,1,0,240,263,607,264,368,0.07519856770833333,0.0861782904419722,0.5859527485582635,09 September 2019,"Marsh Harbor, Abaco, the bahamas",https://youtu.be/D8wvAgKNK5Q
2_0341_000,2,341,2_0341,B029,26.55629,-77.10637,data/raw/FRAME/2_0341.jpg,data/raw/MASK/2_0341_B0XX_0_Level3.jpg,data/raw/JSON/2_0341.json,2_0341_B0XX_0_Level3.jpg,3,3,Severe damage,1,1,520,104,1175,399,656,296,0.13009874131944443,0.6555338438498236,0.3354691240127107,09 September 2019,"Marsh Harbor, Abaco, the bahamas",https://youtu.be/D8wvAgKNK5Q
2_0341_001,2,341,2_0341,B025,26.55653,-77.10668,data/raw/FRAME/2_0341.jpg,data/raw/MASK/2_0341_B0XX_0_Level4.jpg,data/raw/JSON/2_0341.json,2_0341_B0XX_0_Level4.jpg,4,4,Destruction,1,1,0,248,255,583,256,336,0.07350043402777778,0.08572578122693318,0.5812831136962349,09 September 2019,"Marsh Harbor, Abaco, the bahamas",https://youtu.be/D8wvAgKNK5Q
2_0347_000,2,347,2_0347,B029,26.55629,-77.10637,data/raw/FRAME/2_0347.jpg,data/raw/MASK/2_0347_B0XX_0_Level3.jpg,data/raw/JSON/2_0347.json,2_0347_B0XX_0_Level3.jpg,3,3,Severe damage,1,1,528,128,1175,431,648,304,0.1299099392361111,0.6536235644184589,0.37418739704415216,09 September 2019,"Marsh Harbor, Abaco, the bahamas",https://youtu.be/D8wvAgKNK5Q
2_0347_001,2,347,2_0347,B025,26.55653,-77.10668,data/raw/FRAME/2_0347.jpg,data/raw/MASK/2_0347_B0XX_0_Level4.jpg,data/raw/JSON/2_0347.json,2_0347_B0XX_0_Level4.jpg,4,4,Destruction,1,1,0,272,271,623,272,352,0.07682508680555555,0.08904060796305188,0.6253778338025605,09 September 2019,"Marsh Harbor, Abaco, the bahamas",https://youtu.be/D8wvAgKNK5Q
2_0350_000,2,350,2_0350,B029,26.55629,-77.10637,data/raw/FRAME/2_0350.jpg,data/raw/MASK/2_0350_B0XX_0_Level2.jpg,data/raw/JSON/2_0350.json,2_0350_B0XX_0_Level2.jpg,2,2,Moderate damage,1,1,400,304,1039,599,640,296,0.12377712673611112,0.5594493835635952,0.6076977632256927,09 September 2019,"Marsh Harbor, Abaco, the bahamas",https://youtu.be/D8wvAgKNK5Q
2_0353_000,2,353,2_0353,B059,26.55601,-77.10601,data/raw/FRAME/2_0353.jpg,data/raw/MASK/2_0353_B0XX_0_Level0.jpg,data/raw/JSON/2_0353.json,2_0353_B0XX_0_Level0.jpg,0,0,No or very minor damage,1,1,888,264,1279,439,392,176,0.05490451388888889,0.8578388556077075,0.4869318456302152,09 September 2019,"Marsh Harbor, Abaco, the bahamas",https://youtu.be/D8wvAgKNK5Q
2_0353_001,2,353,2_0353,B029,26.55629,-77.10637,data/raw/FRAME/2_0353.jpg,data/raw/MASK/2_0353_B0XX_0_Level3.jpg,data/raw/JSON/2_0353.json,2_0353_B0XX_0_Level3.jpg,3,3,Severe damage,1,1,120,432,759,719,640,288,0.13026150173611112,0.3428609619821906,0.8019870358492505,09 September 2019,"Marsh Harbor, Abaco, the bahamas",https://youtu.be/D8wvAgKNK5Q
2_0366_000,2,366,2_0366,B059,26.55601,-77.10601,data/raw/FRAME/2_0366.jpg,data/raw/MASK/2_0366_B0XX_0_Level1.jpg,data/raw/JSON/2_0366.json,2_0366_B0XX_0_Level1.jpg,1,1,Minor damage,1,1,320,488,751,647,432,160,0.054772135416666666,0.42065480568267366,0.7859935681551039,09 September 2019,"Marsh Harbor, Abaco, the bahamas",https://youtu.be/D8wvAgKNK5Q
2_0382_000,2,382,2_0382,B037,26.55504,-77.10668,data/raw/FRAME/2_0382.jpg,data/raw/MASK/2_0382_B0XX_0_Level0.jpg,data/raw/JSON/2_0382.json,2_0382_B0XX_0_Level0.jpg,0,0,No or very minor damage,1,1,1168,280,1279,359,112,80,0.007043185763888889,0.9635036733554152,0.43884737842140403,09 September 2019,"Marsh Harbor, Abaco, the bahamas",https://youtu.be/D8wvAgKNK5Q
2_0382_001,2,382,2_0382,B041,26.55512,-77.1063,data/raw/FRAME/2_0382.jpg,data/raw/MASK/2_0382_B0XX_0_Level1.jpg,data/raw/JSON/2_0382.json,2_0382_B0XX_0_Level1.jpg,1,1,Minor damage,2,1,696,224,847,335,152,112,0.014057074652777777,0.6021523422423775,0.3911292293837643,09 September 2019,"Marsh Harbor, Abaco, the bahamas",https://youtu.be/D8wvAgKNK5Q
2_0382_002,2,382,2_0382,B045,26.55513,-77.10663,data/raw/FRAME/2_0382.jpg,data/raw/MASK/2_0382_B0XX_0_Level2.jpg,data/raw/JSON/2_0382.json,2_0382_B0XX_0_Level2.jpg,2,2,Moderate damage,1,1,1072,288,1207,367,136,80,0.008174913194444444,0.8925041893416512,0.45173472849010415,09 September 2019,"Marsh Harbor, Abaco, the bahamas",https://youtu.be/D8wvAgKNK5Q
2_0382_003,2,382,2_0382,B043,26.55483,-77.10572,data/raw/FRAME/2_0382.jpg,data/raw/MASK/2_0382_B0XX_0_Level3.jpg,data/raw/JSON/2_0382.json,2_0382_B0XX_0_Level3.jpg,3,3,Severe damage,1,1,416,176,607,239,192,64,0.008594835069444445,0.398771856457518,0.28103932584269664,09 September 2019,"Marsh Harbor, Abaco, the bahamas",https://youtu.be/D8wvAgKNK5Q
2_0382_004,2,382,2_0382,B047,26.55532,-77.10618,data/raw/FRAME/2_0382.jpg,data/raw/MASK/2_0382_B0XX_1_Level1.jpg,data/raw/JSON/2_0382.json,2_0382_B0XX_1_Level1.jpg,1,1,Minor damage,1,0,408,264,591,351,184,88,0.011783854166666666,0.3892587476979742,0.4296490689584612,09 September 2019,"Marsh Harbor, Abaco, the bahamas",https://youtu.be/D8wvAgKNK5Q
2_0382_005,2,382,2_0382,B046,26.55493,-77.10644,data/raw/FRAME/2_0382.jpg,data/raw/MASK/2_0382_B0XX_1_Level3.jpg,data/raw/JSON/2_0382.json,2_0382_B0XX_1_Level3.jpg,3,3,Severe damage,1,0,896,232,1135,311,240,80,0.015271267361111111,0.7933413897079722,0.37364782183064127,09 September 2019,"Marsh Harbor, Abaco, the bahamas",https://youtu.be/D8wvAgKNK5Q
2_0382_006,2,382,2_0382,B060,26.55521,-77.1059,data/raw/FRAME/2_0382.jpg,data/raw/MASK/2_0382_B0XX_2_Level3.jpg,data/raw/JSON/2_0382.json,2_0382_B0XX_2_Level3.jpg,3,3,Severe damage,1,0,328,232,439,295,112,64,0.005890842013888889,0.29769049894087307,0.3694152800802276,09 September 2019,"Marsh Harbor, Abaco, the bahamas",https://youtu.be/D8wvAgKNK5Q
2_0382_007,2,382,2_0382,B044,26.5552,-77.10656,data/raw/FRAME/2_0382.jpg,data/raw/MASK/2_0382_B0XX_3_Level1.jpg,data/raw/JSON/2_0382.json,2_0382_B0XX_3_Level1.jpg,1,1,Minor damage,1,1,928,296,1103,375,176,80,0.009930555555555555,0.7978373921000874,0.46507745726495725,09 September 2019,"Marsh Harbor, Abaco, the bahamas",https://youtu.be/D8wvAgKNK5Q
2_0382_008,2,382,2_0382,B052,26.55542,-77.10636,data/raw/FRAME/2_0382.jpg,data/raw/MASK/2_0382_B0XX_3_Level3.jpg,data/raw/JSON/2_0382.json,2_0382_B0XX_3_Level3.jpg,3,3,Severe damage,1,1,528,320,703,399,176,80,0.010424262152777778,0.47358387764130316,0.4937849137781478,09 September 2019,"Marsh Harbor, Abaco, the bahamas",https://youtu.be/D8wvAgKNK5Q
2_0382_009,2,382,2_0382,B051,26.55534,-77.10656,data/raw/FRAME/2_0382.jpg,data/raw/MASK/2_0382_B0XX_4_Level3.jpg,data/raw/JSON/2_0382.json,2_0382_B0XX_4_Level3.jpg,3,3,Severe damage,1,1,824,320,1015,431,192,112,0.015496961805555556,0.7147452868995938,0.523009246292925,09 September 2019,"Marsh Harbor, Abaco, the bahamas",https://youtu.be/D8wvAgKNK5Q
2_0385_000,2,385,2_0385,B037,26.55504,-77.10668,data/raw/FRAME/2_0385.jpg,data/raw/MASK/2_0385_B0XX_0_Level0.jpg,data/raw/JSON/2_0385.json,2_0385_B0XX_0_Level0.jpg,0,0,No or very minor damage,1,1,920,280,1055,359,136,80,0.007613932291666667,0.7734166800270771,0.4369404462179152,09 September 2019,"Marsh Harbor, Abaco, the bahamas",https://youtu.be/D8wvAgKNK5Q
2_0385_001,2,385,2_0385,B038,26.55421,-77.10627,data/raw/FRAME/2_0385.jpg,data/raw/MASK/2_0385_B0XX_0_Level1.jpg,data/raw/JSON/2_0385.json,2_0385_B0XX_0_Level1.jpg,1,1,Minor damage,2,1,728,128,919,207,192,80,0.012550998263888889,0.6452929805697243,0.2345488362487152,09 September 2019,"Marsh Harbor, Abaco, the bahamas",https://youtu.be/D8wvAgKNK5Q
2_0385_002,2,385,2_0385,B045,26.55513,-77.10663,data/raw/FRAME/2_0385.jpg,data/raw/MASK/2_0385_B0XX_0_Level2.jpg,data/raw/JSON/2_0385.json,2_0385_B0XX_0_Level2.jpg,2,2,Moderate damage,1,1,832,288,959,359,128,72,0.007058376736111111,0.7027705851268256,0.45265415492356303,09 September 2019,"Marsh Harbor, Abaco, the bahamas",https://youtu.be/D8wvAgKNK5Q
2_0385_003,2,385,2_0385,B043,26.55483,-77.10572,data/raw/FRAME/2_0385.jpg,data/raw/MASK/2_0385_B0XX_0_Level3.jpg,data/raw/JSON/2_0385.json,2_0385_B0XX_0_Level3.jpg,3,3,Severe damage,1,1,160,192,367,247,208,56,0.010190972222222223,0.20065772399382453,0.3029919080068143,09 September 2019,"Marsh Harbor, Abaco, the bahamas",https://youtu.be/D8wvAgKNK5Q
2_0385_004,2,385,2_0385,B048,26.55505,-77.10684,data/raw/FRAME/2_0385.jpg,data/raw/MASK/2_0385_B0XX_1_Level2.jpg,data/raw/JSON/2_0385.json,2_0385_B0XX_1_Level2.jpg,2,2,Moderate damage,1,1,1104,320,1191,375,88,56,0.004077690972222222,0.8963885377860563,0.4786839926674945,09 September 2019,"Marsh Harbor, Abaco, the bahamas",https://youtu.be/D8wvAgKNK5Q
2_0385_005,2,385,2_0385,B046,26.55493,-77.10644,data/raw/FRAME/2_0385.jpg,data/raw/MASK/2_0385_B0XX_1_Level3.jpg,data/raw/JSON/2_0385.json,2_0385_B0XX_1_Level3.jpg,3,3,Severe damage,1,1,656,232,903,311,248,80,0.014958767361111111,0.6043458943856086,0.37667722488192534,09 September 2019,"Marsh Harbor, Abaco, the bahamas",https://youtu.be/D8wvAgKNK5Q
2_0385_006,2,385,2_0385,B041,26.55512,-77.1063,data/raw/FRAME/2_0385.jpg,data/raw/MASK/2_0385_B0XX_2_Level1.jpg,data/raw/JSON/2_0385.json,2_0385_B0XX_2_Level1.jpg,1,1,Minor damage,2,1,448,240,607,343,160,104,0.014049479166666667,0.41178487990423235,0.4032836474101534,09 September 2019,"Marsh Harbor, Abaco, the bahamas",https://youtu.be/D8wvAgKNK5Q
2_0385_007,2,385,2_0385,B060,26.55521,-77.1059,data/raw/FRAME/2_0385.jpg,data/raw/MASK/2_0385_B0XX_2_Level3.jpg,data/raw/JSON/2_0385.json,2_0385_B0XX_2_Level3.jpg,3,3,Severe damage,1,1,56,248,183,319,128,72,0.0066775173611111115,0.09153078790217745,0.39647158126602394,09 September 2019,"Marsh Harbor, Abaco, the bahamas",https://youtu.be/D8wvAgKNK5Q
2_0385_008,2,385,2_0385,B047,26.55532,-77.10618,data/raw/FRAME/2_0385.jpg,data/raw/MASK/2_0385_B0XX_3_Level1.jpg,data/raw/JSON/2_0385.json,2_0385_B0XX_3_Level1.jpg,1,1,Minor damage,1,1,144,288,343,375,200,88,0.012472873263888889,0.18918639897781644,0.4572914552220772,09 September 2019,"Marsh Harbor, Abaco, the bahamas",https://youtu.be/D8wvAgKNK5Q
2_0385_009,2,385,2_0385,B049,26.55496,-77.10682,data/raw/FRAME/2_0385.jpg,data/raw/MASK/2_0385_B0XX_3_Level3.jpg,data/raw/JSON/2_0385.json,2_0385_B0XX_3_Level3.jpg,3,3,Severe damage,1,1,1032,264,1215,343,184,80,0.009053819444444444,0.887567507340604,0.4130517937040588,09 September 2019,"Marsh Harbor, Abaco, the bahamas",https://youtu.be/D8wvAgKNK5Q
2_0385_010,2,385,2_0385,B044,26.5552,-77.10656,data/raw/FRAME/2_0385.jpg,data/raw/MASK/2_0385_B0XX_4_Level1.jpg,data/raw/JSON/2_0385.json,2_0385_B0XX_4_Level1.jpg,1,1,Minor damage,1,1,688,296,863,383,176,88,0.009753689236111111,0.6139105782066971,0.46606685949493826,09 September 2019,"Marsh Harbor, Abaco, the bahamas",https://youtu.be/D8wvAgKNK5Q
2_0385_011,2,385,2_0385,B051,26.55534,-77.10656,data/raw/FRAME/2_0385.jpg,data/raw/MASK/2_0385_B0XX_4_Level3.jpg,data/raw/JSON/2_0385.json,2_0385_B0XX_4_Level3.jpg,3,3,Severe damage,1,1,592,328,783,439,192,112,0.015161675347222223,0.5345115356401632,0.5308432134990497,09 September 2019,"Marsh Harbor, Abaco, the bahamas",https://youtu.be/D8wvAgKNK5Q
2_0385_012,2,385,2_0385,B052,26.55542,-77.10636,data/raw/FRAME/2_0385.jpg,data/raw/MASK/2_0385_B0XX_5_Level3.jpg,data/raw/JSON/2_0385.json,2_0385_B0XX_5_Level3.jpg,3,3,Severe damage,1,1,280,336,463,423,184,88,0.01068142361111111,0.2837657297592442,0.5198308896564179,09 September 2019,"Marsh Harbor, Abaco, the bahamas",https://youtu.be/D8wvAgKNK5Q
2_0398_000,2,398,2_0398,B046,26.55493,-77.10644,data/raw/FRAME/2_0398.jpg,data/raw/MASK/2_0398_B0XX_0_Level0.jpg,data/raw/JSON/2_0398.json,2_0398_B0XX_0_Level0.jpg,0,0,No or very minor damage,1,1,640,232,839,311,200,80,0.012247178819444444,0.5796372486045893,0.38084977309195434,09 September 2019,"Marsh Harbor, Abaco, the bahamas",https://youtu.be/D8wvAgKNK5Q
2_0398_001,2,398,2_0398,B038,26.55421,-77.10627,data/raw/FRAME/2_0398.jpg,data/raw/MASK/2_0398_B0XX_0_Level1.jpg,data/raw/JSON/2_0398.json,2_0398_B0XX_0_Level1.jpg,1,1,Minor damage,2,1,720,120,911,207,192,88,0.013146701388888888,0.6372394973588643,0.22871398242911117,09 September 2019,"Marsh Harbor, Abaco, the bahamas",https://youtu.be/D8wvAgKNK5Q
2_0398_002,2,398,2_0398,B051,26.55534,-77.10656,data/raw/FRAME/2_0398.jpg,data/raw/MASK/2_0398_B0XX_0_Level3.jpg,data/raw/JSON/2_0398.json,2_0398_B0XX_0_Level3.jpg,3,3,Severe damage,1,1,576,336,783,455,208,120,0.016826171875,0.5249545568130521,0.5502689645536424,09 September 2019,"Marsh Harbor, Abaco, the bahamas",https://youtu.be/D8wvAgKNK5Q
2_0398_003,2,398,2_0398,B043,26.55483,-77.10572,data/raw/FRAME/2_0398.jpg,data/raw/MASK/2_0398_B0XX_0_Level4.jpg,data/raw/JSON/2_0398.json,2_0398_B0XX_0_Level4.jpg,4,4,Destruction,1,1,136,184,359,247,224,64,0.010806206597222222,0.19277812468621347,0.2996212247994556,09 September 2019,"Marsh Harbor, Abaco, the bahamas",https://youtu.be/D8wvAgKNK5Q
2_0398_004,2,398,2_0398,B041,26.55512,-77.1063,data/raw/FRAME/2_0398.jpg,data/raw/MASK/2_0398_B0XX_1_Level0.jpg,data/raw/JSON/2_0398.json,2_0398_B0XX_1_Level0.jpg,0,0,No or very minor damage,2,0,432,240,591,351,160,112,0.014849175347222222,0.3994596044939715,0.4101073762838469,09 September 2019,"Marsh Harbor, Abaco, the bahamas",https://youtu.be/D8wvAgKNK5Q
2_0398_005,2,398,2_0398,B047,26.55532,-77.10618,data/raw/FRAME/2_0398.jpg,data/raw/MASK/2_0398_B0XX_1_Level1.jpg,data/raw/JSON/2_0398.json,2_0398_B0XX_1_Level1.jpg,1,1,Minor damage,1,0,120,288,327,391,208,104,0.014510633680555555,0.16817701712405592,0.46483503244514235,09 September 2019,"Marsh Harbor, Abaco, the bahamas",https://youtu.be/D8wvAgKNK5Q
2_0398_006,2,398,2_0398,B052,26.55542,-77.10636,data/raw/FRAME/2_0398.jpg,data/raw/MASK/2_0398_B0XX_1_Level3.jpg,data/raw/JSON/2_0398.json,2_0398_B0XX_1_Level3.jpg,3,3,Severe damage,1,0,240,344,447,439,208,96,0.014371744791666667,0.26979231549641375,0.5391241978104945,09 September 2019,"Marsh Harbor, Abaco, the bahamas",https://youtu.be/D8wvAgKNK5Q
2_0398_007,2,398,2_0398,B037,26.55504,-77.10668,data/raw/FRAME/2_0398.jpg,data/raw/MASK/2_0398_B0XX_2_Level0.jpg,data/raw/JSON/2_0398.json,2_0398_B0XX_2_Level0.jpg,0,0,No or very minor damage,1,1,920,280,1055,359,136,80,0.008139105902777779,0.7751342529329424,0.4427561510317143,09 September 2019,"Marsh Harbor, Abaco, the bahamas",https://youtu.be/D8wvAgKNK5Q
2_0398_008,2,398,2_0398,B045,26.55513,-77.10663,data/raw/FRAME/2_0398.jpg,data/raw/MASK/2_0398_B0XX_2_Level1.jpg,data/raw/JSON/2_0398.json,2_0398_B0XX_2_Level1.jpg,1,1,Minor damage,1,1,832,288,951,375,120,88,0.0073980034722222225,0.698464771560575,0.4603372201036472,09 September 2019,"Marsh Harbor, Abaco, the bahamas",https://youtu.be/D8wvAgKNK5Q
2_0398_009,2,398,2_0398,B044,26.5552,-77.10656,data/raw/FRAME/2_0398.jpg,data/raw/MASK/2_0398_B0XX_3_Level1.jpg,data/raw/JSON/2_0398.json,2_0398_B0XX_3_Level1.jpg,1,1,Minor damage,1,1,680,304,855,375,176,72,0.010297309027777778,0.6048531348788198,0.47382449361901413,09 September 2019,"Marsh Harbor, Abaco, the bahamas",https://youtu.be/D8wvAgKNK5Q
2_0414_000,2,414,2_0414,B053,26.5543,-77.10527,data/raw/FRAME/2_0414.jpg,data/raw/MASK/2_0414_B0XX_0_Level0.jpg,data/raw/JSON/2_0414.json,2_0414_B0XX_0_Level0.jpg,0,0,No or very minor damage,1,1,152,152,319,199,168,48,0.0061534288194444444,0.18102723836184093,0.2389168087149043,09 September 2019,"Marsh Harbor, Abaco, the bahamas",https://youtu.be/D8wvAgKNK5Q
2_0414_001,2,414,2_0414,B038,26.55421,-77.10627,data/raw/FRAME/2_0414.jpg,data/raw/MASK/2_0414_B0XX_0_Level1.jpg,data/raw/JSON/2_0414.json,2_0414_B0XX_0_Level1.jpg,1,1,Minor damage,2,1,720,136,919,215,200,80,0.013225911458333333,0.6386315914964312,0.24570229533003346,09 September 2019,"Marsh Harbor, Abaco, the bahamas",https://youtu.be/D8wvAgKNK5Q
2_0414_002,2,414,2_0414,B039,26.55462,-77.10587,data/raw/FRAME/2_0414.jpg,data/raw/MASK/2_0414_B0XX_0_Level2.jpg,data/raw/JSON/2_0414.json,2_0414_B0XX_0_Level2.jpg,2,2,Moderate damage,1,1,360,192,463,247,104,56,0.004634331597222222,0.32093040271599155,0.30319954993626264,09 September 2019,"Marsh Harbor, Abaco, the bahamas",https://youtu.be/D8wvAgKNK5Q
2_0414_003,2,414,2_0414,B040,26.55429,-77.10577,data/raw/FRAME/2_0414.jpg,data/raw/MASK/2_0414_B0XX_0_Level3.jpg,data/raw/JSON/2_0414.json,2_0414_B0XX_0_Level3.jpg,3,3,Severe damage,1,1,392,152,591,207,200,56,0.008307291666666666,0.384986958757837,0.24921321693951007,09 September 2019,"Marsh Harbor, Abaco, the bahamas",https://youtu.be/D8wvAgKNK5Q
2_0414_004,2,414,2_0414,B037,26.55504,-77.10668,data/raw/FRAME/2_0414.jpg,data/raw/MASK/2_0414_B0XX_1_Level0.jpg,data/raw/JSON/2_0414.json,2_0414_B0XX_1_Level0.jpg,0,0,No or very minor damage,1,0,936,312,1087,407,152,96,0.010162760416666666,0.7950976270553064,0.4979922948252545,09 September 2019,"Marsh Harbor, Abaco, the bahamas",https://youtu.be/D8wvAgKNK5Q
2_0414_005,2,414,2_0414,B041,26.55512,-77.1063,data/raw/FRAME/2_0414.jpg,data/raw/MASK/2_0414_B0XX_1_Level1.jpg,data/raw/JSON/2_0414.json,2_0414_B0XX_1_Level1.jpg,1,1,Minor damage,2,0,392,272,575,391,184,120,0.018540581597222223,0.381253657751507,0.45844249689497535,09 September 2019,"Marsh Harbor, Abaco, the bahamas",https://youtu.be/D8wvAgKNK5Q
2_0414_006,2,414,2_0414,B042,26.55484,-77.10616,data/raw/FRAME/2_0414.jpg,data/raw/MASK/2_0414_B0XX_1_Level2.jpg,data/raw/JSON/2_0414.json,2_0414_B0XX_1_Level2.jpg,2,2,Moderate damage,1,0,456,232,607,295,152,64,0.007108289930555556,0.413991780834987,0.3622237487067284,09 September 2019,"Marsh Harbor, Abaco, the bahamas",https://youtu.be/D8wvAgKNK5Q
2_0414_007,2,414,2_0414,B043,26.55483,-77.10572,data/raw/FRAME/2_0414.jpg,data/raw/MASK/2_0414_B0XX_1_Level3.jpg,data/raw/JSON/2_0414.json,2_0414_B0XX_1_Level3.jpg,3,3,Severe damage,1,0,88,200,311,271,224,72,0.010946180555555556,0.15601108681106263,0.32189702837254386,09 September 2019,"Marsh Harbor, Abaco, the bahamas",https://youtu.be/D8wvAgKNK5Q
2_0414_008,2,414,2_0414,B047,26.55532,-77.10618,data/raw/FRAME/2_0414.jpg,data/raw/MASK/2_0414_B0XX_2_Level1.jpg,data/raw/JSON/2_0414.json,2_0414_B0XX_2_Level1.jpg,1,1,Minor damage,1,0,48,328,271,431,224,104,0.018190104166666665,0.11994526962538773,0.5282066067499138,09 September 2019,"Marsh Harbor, Abaco, the bahamas",https://youtu.be/D8wvAgKNK5Q
2_0414_009,2,414,2_0414,B045,26.55513,-77.10663,data/raw/FRAME/2_0414.jpg,data/raw/MASK/2_0414_B0XX_2_Level2.jpg,data/raw/JSON/2_0414.json,2_0414_B0XX_2_Level2.jpg,2,2,Moderate damage,1,0,832,328,983,423,152,96,0.010706380208333333,0.7106667110063849,0.5201154521806696,09 September 2019,"Marsh Harbor, Abaco, the bahamas",https://youtu.be/D8wvAgKNK5Q
2_0414_010,2,414,2_0414,B046,26.55493,-77.10644,data/raw/FRAME/2_0414.jpg,data/raw/MASK/2_0414_B0XX_2_Level3.jpg,data/raw/JSON/2_0414.json,2_0414_B0XX_2_Level3.jpg,3,3,Severe damage,1,0,632,256,911,351,280,96,0.018467881944444445,0.5991632546269094,0.41747870152761457,09 September 2019,"Marsh Harbor, Abaco, the bahamas",https://youtu.be/D8wvAgKNK5Q
2_0414_011,2,414,2_0414,B044,26.5552,-77.10656,data/raw/FRAME/2_0414.jpg,data/raw/MASK/2_0414_B0XX_3_Level1.jpg,data/raw/JSON/2_0414.json,2_0414_B0XX_3_Level1.jpg,1,1,Minor damage,1,1,680,344,871,431,192,88,0.013077256944444445,0.6064501094216728,0.538591911900284,09 September 2019,"Marsh Harbor, Abaco, the bahamas",https://youtu.be/D8wvAgKNK5Q
2_0414_012,2,414,2_0414,B048,26.55505,-77.10684,data/raw/FRAME/2_0414.jpg,data/raw/MASK/2_0414_B0XX_3_Level2.jpg,data/raw/JSON/2_0414.json,2_0414_B0XX_3_Level2.jpg,2,2,Moderate damage,1,1,1136,360,1247,423,112,64,0.005738932291666667,0.9331949269710721,0.5455090229196866,09 September 2019,"Marsh Harbor, Abaco, the bahamas",https://youtu.be/D8wvAgKNK5Q
2_0414_013,2,414,2_0414,B049,26.55496,-77.10682,data/raw/FRAME/2_0414.jpg,data/raw/MASK/2_0414_B0XX_3_Level3.jpg,data/raw/JSON/2_0414.json,2_0414_B0XX_3_Level3.jpg,3,3,Severe damage,1,1,1056,296,1278,391,223,96,0.01349609375,0.9230329308369513,0.46546526326133175,09 September 2019,"Marsh Harbor, Abaco, the bahamas",https://youtu.be/D8wvAgKNK5Q
2_0414_014,2,414,2_0414,B051,26.55534,-77.10656,data/raw/FRAME/2_0414.jpg,data/raw/MASK/2_0414_B0XX_4_Level3.jpg,data/raw/JSON/2_0414.json,2_0414_B0XX_4_Level3.jpg,3,3,Severe damage,1,1,552,384,783,519,232,136,0.021860894097222222,0.5158387414999752,0.6294155319512693,09 September 2019,"Marsh Harbor, Abaco, the bahamas",https://youtu.be/D8wvAgKNK5Q
2_0414_015,2,414,2_0414,B052,26.55542,-77.10636,data/raw/FRAME/2_0414.jpg,data/raw/MASK/2_0414_B0XX_5_Level3.jpg,data/raw/JSON/2_0414.json,2_0414_B0XX_5_Level3.jpg,3,3,Severe damage,1,1,176,384,399,503,224,120,0.015316840277777778,0.21908660828138285,0.6082227417272756,09 September 2019,"Marsh Harbor, Abaco, the bahamas",https://youtu.be/D8wvAgKNK5Q
2_0417_000,2,417,2_0417,B053,26.5543,-77.10527,data/raw/FRAME/2_0417.jpg,data/raw/MASK/2_0417_B0XX_0_Level0.jpg,data/raw/JSON/2_0417.json,2_0417_B0XX_0_Level0.jpg,0,0,No or very minor damage,1,1,136,152,311,199,176,48,0.006328125,0.17452993719993143,0.24047591830513643,09 September 2019,"Marsh Harbor, Abaco, the bahamas",https://youtu.be/D8wvAgKNK5Q
2_0417_001,2,417,2_0417,B038,26.55421,-77.10627,data/raw/FRAME/2_0417.jpg,data/raw/MASK/2_0417_B0XX_0_Level1.jpg,data/raw/JSON/2_0417.json,2_0417_B0XX_0_Level1.jpg,1,1,Minor damage,2,1,720,136,927,223,208,88,0.015290798611111111,0.6413156622551803,0.2520419386886177,09 September 2019,"Marsh Harbor, Abaco, the bahamas",https://youtu.be/D8wvAgKNK5Q
2_0417_002,2,417,2_0417,B039,26.55462,-77.10587,data/raw/FRAME/2_0417.jpg,data/raw/MASK/2_0417_B0XX_0_Level2.jpg,data/raw/JSON/2_0417.json,2_0417_B0XX_0_Level2.jpg,2,2,Moderate damage,1,1,352,192,455,247,104,56,0.004053819444444444,0.31618270710653107,0.3036324500356888,09 September 2019,"Marsh Harbor, Abaco, the bahamas",https://youtu.be/D8wvAgKNK5Q
2_0417_003,2,417,2_0417,B040,26.55429,-77.10577,data/raw/FRAME/2_0417.jpg,data/raw/MASK/2_0417_B0XX_0_Level3.jpg,data/raw/JSON/2_0417.json,2_0417_B0XX_0_Level3.jpg,3,3,Severe damage,1,1,384,152,591,207,208,56,0.008963758680555555,0.3845761522515434,0.24995544660990734,09 September 2019,"Marsh Harbor, Abaco, the bahamas",https://youtu.be/D8wvAgKNK5Q
2_0417_004,2,417,2_0417,B037,26.55504,-77.10668,data/raw/FRAME/2_0417.jpg,data/raw/MASK/2_0417_B0XX_1_Level0.jpg,data/raw/JSON/2_0417.json,2_0417_B0XX_1_Level0.jpg,0,0,No or very minor damage,1,0,944,328,1095,415,152,88,0.009730902777777778,0.7985172104984388,0.5079957131529389,09 September 2019,"Marsh Harbor, Abaco, the bahamas",https://youtu.be/D8wvAgKNK5Q
2_0417_005,2,417,2_0417,B041,26.55512,-77.1063,data/raw/FRAME/2_0417.jpg,data/raw/MASK/2_0417_B0XX_1_Level1.jpg,data/raw/JSON/2_0417.json,2_0417_B0XX_1_Level1.jpg,1,1,Minor damage,2,0,392,272,575,399,184,128,0.020151909722222222,0.3784978731423648,0.46558641144375046,09 September 2019,"Marsh Harbor, Abaco, the bahamas",https://youtu.be/D8wvAgKNK5Q
2_0417_006,2,417,2_0417,B045,26.55513,-77.10663,data/raw/FRAME/2_0417.jpg,data/raw/MASK/2_0417_B0XX_1_Level2.jpg,data/raw/JSON/2_0417.json,2_0417_B0XX_1_Level2.jpg,2,2,Moderate damage,1,0,840,328,991,431,152,104,0.011351996527777778,0.7132383865417702,0.5267680388283524,09 September 2019,"Marsh Harbor, Abaco, the bahamas",https://youtu.be/D8wvAgKNK5Q
2_0417_007,2,417,2_0417,B043,26.55483,-77.10572,data/raw/FRAME/2_0417.jpg,data/raw/MASK/2_0417_B0XX_1_Level3.jpg,data/raw/JSON/2_0417.json,2_0417_B0XX_1_Level3.jpg,3,3,Severe damage,1,0,88,200,303,271,216,72,0.011195746527777778,0.15207207671060283,0.3243392076414464,09 September 2019,"Marsh Harbor, Abaco, the bahamas",https://youtu.be/D8wvAgKNK5Q
2_0417_008,2,417,2_0417,B047,26.55532,-77.10618,data/raw/FRAME/2_0417.jpg,data/raw/MASK/2_0417_B0XX_2_Level1.jpg,data/raw/JSON/2_0417.json,2_0417_B0XX_2_Level1.jpg,1,1,Minor damage,1,0,32,328,271,447,240,120,0.020684678819444444,0.11306437044274249,0.5377539095513706,09 September 2019,"Marsh Harbor, Abaco, the bahamas",https://youtu.be/D8wvAgKNK5Q
2_0417_009,2,417,2_0417,B046,26.55493,-77.10644,data/raw/FRAME/2_0417.jpg,data/raw/MASK/2_0417_B0XX_2_Level3.jpg,data/raw/JSON/2_0417.json,2_0417_B0XX_2_Level3.jpg,3,3,Severe damage,1,0,632,256,911,351,280,96,0.021512586805555556,0.605514657205185,0.42532883306993063,09 September 2019,"Marsh Harbor, Abaco, the bahamas",https://youtu.be/D8wvAgKNK5Q
2_0417_010,2,417,2_0417,B044,26.5552,-77.10656,data/raw/FRAME/2_0417.jpg,data/raw/MASK/2_0417_B0XX_3_Level1.jpg,data/raw/JSON/2_0417.json,2_0417_B0XX_3_Level1.jpg,1,1,Minor damage,1,1,672,352,871,439,200,88,0.013805338541666667,0.6060299875225968,0.5502309902451378,09 September 2019,"Marsh Harbor, Abaco, the bahamas",https://youtu.be/D8wvAgKNK5Q
2_0417_011,2,417,2_0417,B049,26.55496,-77.10682,data/raw/FRAME/2_0417.jpg,data/raw/MASK/2_0417_B0XX_6_Level3.jpg,data/raw/JSON/2_0417.json,2_0417_B0XX_6_Level3.jpg,3,3,Severe damage,1,1,1064,304,1279,431,216,128,0.019232855902777776,0.9299543811706629,0.49781288199341794,09 September 2019,"Marsh Harbor, Abaco, the bahamas",https://youtu.be/D8wvAgKNK5Q
2_0417_012,2,417,2_0417,B051,26.55534,-77.10656,data/raw/FRAME/2_0417.jpg,data/raw/MASK/2_0417_B0XX_7_Level3.jpg,data/raw/JSON/2_0417.json,2_0417_B0XX_7_Level3.jpg,3,3,Severe damage,1,1,552,400,783,543,232,144,0.022757161458333335,0.5187339823821103,0.6443801421934021,09 September 2019,"Marsh Harbor, Abaco, the bahamas",https://youtu.be/D8wvAgKNK5Q
2_0417_013,2,417,2_0417,B052,26.55542,-77.10636,data/raw/FRAME/2_0417.jpg,data/raw/MASK/2_0417_B0XX_8_Level3.jpg,data/raw/JSON/2_0417.json,2_0417_B0XX_8_Level3.jpg,3,3,Severe damage,1,1,160,400,383,519,224,120,0.015938585069444445,0.2075856614643611,0.6255610774502463,09 September 2019,"Marsh Harbor, Abaco, the bahamas",https://youtu.be/D8wvAgKNK5Q
2_0430_000,2,430,2_0430,B037,26.55504,-77.10668,data/raw/FRAME/2_0430.jpg,data/raw/MASK/2_0430_B0XX_0_Level0.jpg,data/raw/JSON/2_0430.json,2_0430_B0XX_0_Level0.jpg,0,0,No or very minor damage,1,1,968,352,1135,455,168,104,0.012348090277777777,0.8248435440465729,0.5569616529974615,09 September 2019,"Marsh Harbor, Abaco, the bahamas",https://youtu.be/D8wvAgKNK5Q
2_0430_001,2,430,2_0430,B038,26.55421,-77.10627,data/raw/FRAME/2_0430.jpg,data/raw/MASK/2_0430_B0XX_0_Level1.jpg,data/raw/JSON/2_0430.json,2_0430_B0XX_0_Level1.jpg,1,1,Minor damage,2,1,712,136,935,231,224,96,0.016001519097222222,0.6451648534447684,0.258188294417697,09 September 2019,"Marsh Harbor, Abaco, the bahamas",https://youtu.be/D8wvAgKNK5Q
2_0430_002,2,430,2_0430,B045,26.55513,-77.10663,data/raw/FRAME/2_0430.jpg,data/raw/MASK/2_0430_B0XX_0_Level2.jpg,data/raw/JSON/2_0430.json,2_0430_B0XX_0_Level2.jpg,2,2,Moderate damage,1,1,856,368,1015,487,160,120,0.012864583333333334,0.7322113407768219,0.5871912018293597,09 September 2019,"Marsh Harbor, Abaco, the bahamas",https://youtu.be/D8wvAgKNK5Q
2_0430_003,2,430,2_0430,B043,26.55483,-77.10572,data/raw/FRAME/2_0430.jpg,data/raw/MASK/2_0430_B0XX_0_Level3.jpg,data/raw/JSON/2_0430.json,2_0430_B0XX_0_Level3.jpg,3,3,Severe damage,1,1,40,216,279,295,240,80,0.013537326388888889,0.12136333009378006,0.34495609347725414,09 September 2019,"Marsh Harbor, Abaco, the bahamas",https://youtu.be/D8wvAgKNK5Q
2_0430_004,2,430,2_0430,B041,26.55512,-77.1063,data/raw/FRAME/2_0430.jpg,data/raw/MASK/2_0430_B0XX_1_Level1.jpg,data/raw/JSON/2_0430.json,2_0430_B0XX_1_Level1.jpg,1,1,Minor damage,2,0,360,296,559,439,200,144,0.024645182291666668,0.35826656953066527,0.5079726123561152,09 September 2019,"Marsh Harbor, Abaco, the bahamas",https://youtu.be/D8wvAgKNK5Q
2_0430_005,2,430,2_0430,B042,26.55484,-77.10616,data/raw/FRAME/2_0430.jpg,data/raw/MASK/2_0430_B0XX_1_Level3.jpg,data/raw/JSON/2_0430.json,2_0430_B0XX_1_Level3.jpg,3,3,Severe damage,1,0,440,248,591,319,152,72,0.007595486111111111,0.40022645089285713,0.39357103174603175,09 September 2019,"Marsh Harbor, Abaco, the bahamas",https://youtu.be/D8wvAgKNK5Q
2_0430_006,2,430,2_0430,B046,26.55493,-77.10644,data/raw/FRAME/2_0430.jpg,data/raw/MASK/2_0430_B0XX_3_Level3.jpg,data/raw/JSON/2_0430.json,2_0430_B0XX_3_Level3.jpg,3,3,Severe damage,1,0,624,288,927,375,304,88,0.021409505208333332,0.6038424227738077,0.45747596844221444,09 September 2019,"Marsh Harbor, Abaco, the bahamas",https://youtu.be/D8wvAgKNK5Q
2_0430_007,2,430,2_0430,B052,26.55542,-77.10636,data/raw/FRAME/2_0430.jpg,data/raw/MASK/2_0430_B0XX_4_Level3.jpg,data/raw/JSON/2_0430.json,2_0430_B0XX_4_Level3.jpg,3,3,Severe damage,1,0,80,440,351,591,272,152,0.025518663194444444,0.16592171421889618,0.7056379983180732,09 September 2019,"Marsh Harbor, Abaco, the bahamas",https://youtu.be/D8wvAgKNK5Q
2_0430_008,2,430,2_0430,B051,26.55534,-77.10656,data/raw/FRAME/2_0430.jpg,data/raw/MASK/2_0430_B0XX_5_Level3.jpg,data/raw/JSON/2_0430.json,2_0430_B0XX_5_Level3.jpg,3,3,Severe damage,1,0,528,440,799,615,272,176,0.03128255208333333,0.5116595939559486,0.7322311346205728,09 September 2019,"Marsh Harbor, Abaco, the bahamas",https://youtu.be/D8wvAgKNK5Q
2_0430_009,2,430,2_0430,B047,26.55532,-77.10618,data/raw/FRAME/2_0430.jpg,data/raw/MASK/2_0430_B0XX_8_Level1.jpg,data/raw/JSON/2_0430.json,2_0430_B0XX_8_Level1.jpg,1,1,Minor damage,1,2,0,360,207,487,208,128,0.021179470486111112,0.07320295289205389,0.5887507755975658,09 September 2019,"Marsh Harbor, Abaco, the bahamas",https://youtu.be/D8wvAgKNK5Q
2_0430_010,2,430,2_0430,B044,26.5552,-77.10656,data/raw/FRAME/2_0430.jpg,data/raw/MASK/2_0430_B0XX_9_Level1.jpg,data/raw/JSON/2_0430.json,2_0430_B0XX_9_Level1.jpg,1,1,Minor damage,1,1,672,384,887,495,216,112,0.018641493055555555,0.6080159978899884,0.6154640408744018,09 September 2019,"Marsh Harbor, Abaco, the bahamas",https://youtu.be/D8wvAgKNK5Q
2_0446_000,2,446,2_0446,B053,26.5543,-77.10527,data/raw/FRAME/2_0446.jpg,data/raw/MASK/2_0446_B0XX_0_Level0.jpg,data/raw/JSON/2_0446.json,2_0446_B0XX_0_Level0.jpg,0,0,No or very minor damage,1,1,184,160,367,215,184,56,0.007399088541666667,0.21286055048394195,0.25794715745221686,09 September 2019,"Marsh Harbor, Abaco, the bahamas",https://youtu.be/D8wvAgKNK5Q
2_0446_001,2,446,2_0446,B038,26.55421,-77.10627,data/raw/FRAME/2_0446.jpg,data/raw/MASK/2_0446_B0XX_0_Level1.jpg,data/raw/JSON/2_0446.json,2_0446_B0XX_0_Level1.jpg,1,1,Minor damage,2,1,816,152,1055,247,240,96,0.01895724826388889,0.7274380580676549,0.2794731268959991,09 September 2019,"Marsh Harbor, Abaco, the bahamas",https://youtu.be/D8wvAgKNK5Q
2_0446_002,2,446,2_0446,B054,26.5541,-77.10598,data/raw/FRAME/2_0446.jpg,data/raw/MASK/2_0446_B0XX_0_Level2.jpg,data/raw/JSON/2_0446.json,2_0446_B0XX_0_Level2.jpg,2,2,Moderate damage,1,1,696,168,831,223,136,56,0.006114366319444444,0.5975155279503106,0.26985803016858917,09 September 2019,"Marsh Harbor, Abaco, the bahamas",https://youtu.be/D8wvAgKNK5Q
2_0446_003,2,446,2_0446,B040,26.55429,-77.10577,data/raw/FRAME/2_0446.jpg,data/raw/MASK/2_0446_B0XX_0_Level3.jpg,data/raw/JSON/2_0446.json,2_0446_B0XX_0_Level3.jpg,3,3,Severe damage,1,1,384,176,671,271,288,96,0.016444227430555555,0.4078687933025404,0.3005011180761758,09 September 2019,"Marsh Harbor, Abaco, the bahamas",https://youtu.be/D8wvAgKNK5Q
2_0446_004,2,446,2_0446,B037,26.55504,-77.10668,data/raw/FRAME/2_0446.jpg,data/raw/MASK/2_0446_B0XX_1_Level0.jpg,data/raw/JSON/2_0446.json,2_0446_B0XX_1_Level0.jpg,0,0,No or very minor damage,1,0,1120,416,1279,543,160,128,0.014588758680555555,0.9474085394198587,0.6579563860997479,09 September 2019,"Marsh Harbor, Abaco, the bahamas",https://youtu.be/D8wvAgKNK5Q
2_0446_005,2,446,2_0446,B041,26.55512,-77.1063,data/raw/FRAME/2_0446.jpg,data/raw/MASK/2_0446_B0XX_1_Level1.jpg,data/raw/JSON/2_0446.json,2_0446_B0XX_1_Level1.jpg,1,1,Minor damage,2,0,408,330,631,503,224,174,0.032209201388888886,0.40702717057168847,0.5772885505098145,09 September 2019,"Marsh Harbor, Abaco, the bahamas",https://youtu.be/D8wvAgKNK5Q
2_0446_006,2,446,2_0446,B045,26.55513,-77.10663,data/raw/FRAME/2_0446.jpg,data/raw/MASK/2_0446_B0XX_1_Level2.jpg,data/raw/JSON/2_0446.json,2_0446_B0XX_1_Level2.jpg,2,2,Moderate damage,1,0,968,432,1175,567,208,136,0.021911892361111112,0.8406728174210162,0.692520468125846,09 September 2019,"Marsh Harbor, Abaco, the bahamas",https://youtu.be/D8wvAgKNK5Q
2_0446_007,2,446,2_0446,B043,26.55483,-77.10572,data/raw/FRAME/2_0446.jpg,data/raw/MASK/2_0446_B0XX_1_Level3.jpg,data/raw/JSON/2_0446.json,2_0446_B0XX_1_Level3.jpg,3,3,Severe damage,1,0,96,224,343,319,248,96,0.01618381076388889,0.16582100653704324,0.3654599210340075,09 September 2019,"Marsh Harbor, Abaco, the bahamas",https://youtu.be/D8wvAgKNK5Q
2_0446_008,2,446,2_0446,B047,26.55532,-77.10618,data/raw/FRAME/2_0446.jpg,data/raw/MASK/2_0446_B0XX_2_Level1.jpg,data/raw/JSON/2_0446.json,2_0446_B0XX_2_Level1.jpg,1,1,Minor damage,1,0,0,400,231,567,232,168,0.03215386284722222,0.08236839524347855,0.6768214021905008,09 September 2019,"Marsh Harbor, Abaco, the bahamas",https://youtu.be/D8wvAgKNK5Q
2_0446_009,2,446,2_0446,B042,26.55484,-77.10616,data/raw/FRAME/2_0446.jpg,data/raw/MASK/2_0446_B0XX_2_Level3.jpg,data/raw/JSON/2_0446.json,2_0446_B0XX_2_Level3.jpg,3,3,Severe damage,1,0,504,272,671,351,168,80,0.009710286458333333,0.45712588347860095,0.4318168696688643,09 September 2019,"Marsh Harbor, Abaco, the bahamas",https://youtu.be/D8wvAgKNK5Q
2_0446_010,2,446,2_0446,B044,26.5552,-77.10656,data/raw/FRAME/2_0446.jpg,data/raw/MASK/2_0446_B0XX_3_Level1.jpg,data/raw/JSON/2_0446.json,2_0446_B0XX_3_Level1.jpg,1,1,Minor damage,1,1,744,448,1007,591,264,144,0.027573784722222223,0.6878390376593735,0.7260032443115239,09 September 2019,"Marsh Harbor, Abaco, the bahamas",https://youtu.be/D8wvAgKNK5Q
2_0446_011,2,446,2_0446,B046,26.55493,-77.10644,data/raw/FRAME/2_0446.jpg,data/raw/MASK/2_0446_B0XX_3_Level3.jpg,data/raw/JSON/2_0446.json,2_0446_B0XX_3_Level3.jpg,3,3,Severe damage,1,1,696,320,1055,431,360,112,0.029697265625,0.6836441035021374,0.516841337117014,09 September 2019,"Marsh Harbor, Abaco, the bahamas",https://youtu.be/D8wvAgKNK5Q
2_0446_012,2,446,2_0446,B052,26.55542,-77.10636,data/raw/FRAME/2_0446.jpg,data/raw/MASK/2_0446_B0XX_4_Level3.jpg,data/raw/JSON/2_0446.json,2_0446_B0XX_4_Level3.jpg,3,3,Severe damage,1,1,56,512,367,711,312,200,0.03355685763888889,0.15541638204908492,0.8305357053036998,09 September 2019,"Marsh Harbor, Abaco, the bahamas",https://youtu.be/D8wvAgKNK5Q
2_0446_013,2,446,2_0446,B051,26.55534,-77.10656,data/raw/FRAME/2_0446.jpg,data/raw/MASK/2_0446_B0XX_5_Level3.jpg,data/raw/JSON/2_0446.json,2_0446_B0XX_5_Level3.jpg,3,3,Severe damage,1,1,576,528,903,719,328,192,0.045628255208333336,0.5713326526123041,0.8811598482266244,09 September 2019,"Marsh Harbor, Abaco, the bahamas",https://youtu.be/D8wvAgKNK5Q
2_0449_000,2,449,2_0449,B053,26.5543,-77.10527,data/raw/FRAME/2_0449.jpg,data/raw/MASK/2_0449_B0XX_0_Level0.jpg,data/raw/JSON/2_0449.json,2_0449_B0XX_0_Level0.jpg,0,0,No or very minor damage,1,1,208,160,391,215,184,56,0.007314453125,0.23050212783711616,0.25610876230035107,09 September 2019,"Marsh Harbor, Abaco, the bahamas",https://youtu.be/D8wvAgKNK5Q
2_0449_001,2,449,2_0449,B038,26.55421,-77.10627,data/raw/FRAME/2_0449.jpg,data/raw/MASK/2_0449_B0XX_0_Level1.jpg,data/raw/JSON/2_0449.json,2_0449_B0XX_0_Level1.jpg,1,1,Minor damage,2,1,840,152,1079,247,240,96,0.01884548611111111,0.744510513228351,0.27951700765136395,09 September 2019,"Marsh Harbor, Abaco, the bahamas",https://youtu.be/D8wvAgKNK5Q
2_0449_002,2,449,2_0449,B039,26.55462,-77.10587,data/raw/FRAME/2_0449.jpg,data/raw/MASK/2_0449_B0XX_0_Level2.jpg,data/raw/JSON/2_0449.json,2_0449_B0XX_0_Level2.jpg,2,2,Moderate damage,1,1,416,216,543,279,128,64,0.0059450954861111115,0.3710502600839569,0.3392392164020198,09 September 2019,"Marsh Harbor, Abaco, the bahamas",https://youtu.be/D8wvAgKNK5Q
2_0449_003,2,449,2_0449,B040,26.55429,-77.10577,data/raw/FRAME/2_0449.jpg,data/raw/MASK/2_0449_B0XX_0_Level3.jpg,data/raw/JSON/2_0449.json,2_0449_B0XX_0_Level3.jpg,3,3,Severe damage,1,1,464,168,695,231,232,64,0.010732421875,0.4515059460620766,0.27721048315528146,09 September 2019,"Marsh Harbor, Abaco, the bahamas",https://youtu.be/D8wvAgKNK5Q
2_0449_004,2,449,2_0449,B041,26.55512,-77.1063,data/raw/FRAME/2_0449.jpg,data/raw/MASK/2_0449_B0XX_1_Level0.jpg,data/raw/JSON/2_0449.json,2_0449_B0XX_1_Level0.jpg,0,0,No or very minor damage,2,0,424,328,655,503,232,176,0.03226128472222222,0.42199487294833854,0.5749668333408076,09 September 2019,"Marsh Harbor, Abaco, the bahamas",https://youtu.be/D8wvAgKNK5Q
2_0449_005,2,449,2_0449,B047,26.55532,-77.10618,data/raw/FRAME/2_0449.jpg,data/raw/MASK/2_0449_B0XX_1_Level1.jpg,data/raw/JSON/2_0449.json,2_0449_B0XX_1_Level1.jpg,1,1,Minor damage,1,0,0,400,255,559,256,160,0.03265299479166667,0.0905756477835377,0.6689782507559897,09 September 2019,"Marsh Harbor, Abaco, the bahamas",https://youtu.be/D8wvAgKNK5Q
2_0449_006,2,449,2_0449,B042,26.55484,-77.10616,data/raw/FRAME/2_0449.jpg,data/raw/MASK/2_0449_B0XX_1_Level2.jpg,data/raw/JSON/2_0449.json,2_0449_B0XX_1_Level2.jpg,2,2,Moderate damage,1,0,520,272,695,351,176,80,0.00951171875,0.4730493704369153,0.43110265039166473,09 September 2019,"Marsh Harbor, Abaco, the bahamas",https://youtu.be/D8wvAgKNK5Q
2_0449_007,2,449,2_0449,B043,26.55483,-77.10572,data/raw/FRAME/2_0449.jpg,data/raw/MASK/2_0449_B0XX_1_Level3.jpg,data/raw/JSON/2_0449.json,2_0449_B0XX_1_Level3.jpg,3,3,Severe damage,1,0,112,224,367,303,256,80,0.014937065972222222,0.18288866137585355,0.36414263402586083,09 September 2019,"Marsh Harbor, Abaco, the bahamas",https://youtu.be/D8wvAgKNK5Q
2_0449_008,2,449,2_0449,B037,26.55504,-77.10668,data/raw/FRAME/2_0449.jpg,data/raw/MASK/2_0449_B0XX_2_Level0.jpg,data/raw/JSON/2_0449.json,2_0449_B0XX_2_Level0.jpg,0,0,No or very minor damage,1,1,1136,416,1279,551,144,136,0.013479817708333333,0.9541096906946793,0.6598346928188754,09 September 2019,"Marsh Harbor, Abaco, the bahamas",https://youtu.be/D8wvAgKNK5Q
2_0449_009,2,449,2_0449,B044,26.5552,-77.10656,data/raw/FRAME/2_0449.jpg,data/raw/MASK/2_0449_B0XX_2_Level1.jpg,data/raw/JSON/2_0449.json,2_0449_B0XX_2_Level1.jpg,1,1,Minor damage,1,1,768,456,1039,599,272,144,0.0284375,0.7048670432215354,0.7260284179555013,09 September 2019,"Marsh Harbor, Abaco, the bahamas",https://youtu.be/D8wvAgKNK5Q
2_0449_010,2,449,2_0449,B045,26.55513,-77.10663,data/raw/FRAME/2_0449.jpg,data/raw/MASK/2_0449_B0XX_2_Level2.jpg,data/raw/JSON/2_0449.json,2_0449_B0XX_2_Level2.jpg,2,2,Moderate damage,1,1,984,432,1191,575,208,144,0.02076931423611111,0.8558859255002351,0.697770202415989,09 September 2019,"Marsh Harbor, Abaco, the bahamas",https://youtu.be/D8wvAgKNK5Q
2_0449_011,2,449,2_0449,B046,26.55493,-77.10644,data/raw/FRAME/2_0449.jpg,data/raw/MASK/2_0449_B0XX_2_Level3.jpg,data/raw/JSON/2_0449.json,2_0449_B0XX_2_Level3.jpg,3,3,Severe damage,1,1,720,312,1079,431,360,120,0.030172526041666668,0.6975137780055382,0.5153296232363553,09 September 2019,"Marsh Harbor, Abaco, the bahamas",https://youtu.be/D8wvAgKNK5Q
2_0449_012,2,449,2_0449,B052,26.55542,-77.10636,data/raw/FRAME/2_0449.jpg,data/raw/MASK/2_0449_B0XX_3_Level3.jpg,data/raw/JSON/2_0449.json,2_0449_B0XX_3_Level3.jpg,3,3,Severe damage,1,1,80,512,391,703,312,192,0.03399956597222222,0.1711204282887598,0.8222345003297802,09 September 2019,"Marsh Harbor, Abaco, the bahamas",https://youtu.be/D8wvAgKNK5Q
2_0449_013,2,449,2_0449,B051,26.55534,-77.10656,data/raw/FRAME/2_0449.jpg,data/raw/MASK/2_0449_B0XX_4_Level3.jpg,data/raw/JSON/2_0449.json,2_0449_B0XX_4_Level3.jpg,3,3,Severe damage,1,1,592,528,919,719,328,192,0.04558159722222222,0.5862848854682442,0.8769638455109079,09 September 2019,"Marsh Harbor, Abaco, the bahamas",https://youtu.be/D8wvAgKNK5Q
2_0462_000,2,462,2_0462,B045,26.55513,-77.10663,data/raw/FRAME/2_0462.jpg,data/raw/MASK/2_0462_B0XX_0_Level0.jpg,data/raw/JSON/2_0462.json,2_0462_B0XX_0_Level0.jpg,0,0,No or very minor damage,1,1,1088,488,1279,647,192,160,0.02289388020833333,0.9359414990046921,0.7854325639445787,09 September 2019,"Marsh Harbor, Abaco, the bahamas",https://youtu.be/D8wvAgKNK5Q
2_0462_001,2,462,2_0462,B041,26.55512,-77.1063,data/raw/FRAME/2_0462.jpg,data/raw/MASK/2_0462_B0XX_0_Level1.jpg,data/raw/JSON/2_0462.json,2_0462_B0XX_0_Level1.jpg,1,1,Minor damage,2,1,456,368,695,535,240,168,0.03725802951388889,0.45091794656638606,0.6249600366303922,09 September 2019,"Marsh Harbor, Abaco, the bahamas",https://youtu.be/D8wvAgKNK5Q
2_0462_002,2,462,2_0462,B039,26.55462,-77.10587,data/raw/FRAME/2_0462.jpg,data/raw/MASK/2_0462_B0XX_0_Level2.jpg,data/raw/JSON/2_0462.json,2_0462_B0XX_0_Level2.jpg,2,2,Moderate damage,1,1,456,216,583,287,128,72,0.006590711805555555,0.4053758849193283,0.3522326491786485,09 September 2019,"Marsh Harbor, Abaco, the bahamas",https://youtu.be/D8wvAgKNK5Q
2_0462_003,2,462,2_0462,B043,26.55483,-77.10572,data/raw/FRAME/2_0462.jpg,data/raw/MASK/2_0462_B0XX_0_Level3.jpg,data/raw/JSON/2_0462.json,2_0462_B0XX_0_Level3.jpg,3,3,Severe damage,1,1,144,232,399,319,256,88,0.016731770833333333,0.20546875,0.37510096915982133,09 September 2019,"Marsh Harbor, Abaco, the bahamas",https://youtu.be/D8wvAgKNK5Q
2_0462_004,2,462,2_0462,B047,26.55532,-77.10618,data/raw/FRAME/2_0462.jpg,data/raw/MASK/2_0462_B0XX_1_Level1.jpg,data/raw/JSON/2_0462.json,2_0462_B0XX_1_Level1.jpg,1,1,Minor damage,1,0,0,432,247,623,248,192,0.04118815104166667,0.09225130239205459,0.731430805459692,09 September 2019,"Marsh Harbor, Abaco, the bahamas",https://youtu.be/D8wvAgKNK5Q
2_0462_005,2,462,2_0462,B042,26.55484,-77.10616,data/raw/FRAME/2_0462.jpg,data/raw/MASK/2_0462_B0XX_1_Level3.jpg,data/raw/JSON/2_0462.json,2_0462_B0XX_1_Level3.jpg,3,3,Severe damage,1,0,568,288,743,375,176,88,0.010991753472222223,0.5087340356614017,0.45713515959197104,09 September 2019,"Marsh Harbor, Abaco, the bahamas",https://youtu.be/D8wvAgKNK5Q
2_0462_006,2,462,2_0462,B044,26.5552,-77.10656,data/raw/FRAME/2_0462.jpg,data/raw/MASK/2_0462_B0XX_2_Level1.jpg,data/raw/JSON/2_0462.json,2_0462_B0XX_2_Level1.jpg,1,1,Minor damage,1,1,832,504,1151,687,320,184,0.05095269097222222,0.777800524537885,0.8331199629929346,09 September 2019,"Marsh Harbor, Abaco, the bahamas",https://youtu.be/D8wvAgKNK5Q
2_0462_007,2,462,2_0462,B046,26.55493,-77.10644,data/raw/FRAME/2_0462.jpg,data/raw/MASK/2_0462_B0XX_2_Level3.jpg,data/raw/JSON/2_0462.json,2_0462_B0XX_2_Level3.jpg,3,3,Severe damage,1,1,784,336,1183,463,400,128,0.03947591145833333,0.7656034829306506,0.5644735576262334,09 September 2019,"Marsh Harbor, Abaco, the bahamas",https://youtu.be/D8wvAgKNK5Q
2_0462_008,2,462,2_0462,B051,26.55534,-77.10656,data/raw/FRAME/2_0462.jpg,data/raw/MASK/2_0462_B0XX_3_Level3.jpg,data/raw/JSON/2_0462.json,2_0462_B0XX_3_Level3.jpg,3,3,Severe damage,1,1,640,608,991,719,352,112,0.027085503472222223,0.6167477691090457,0.9402630331437117,09 September 2019,"Marsh Harbor, Abaco, the bahamas",https://youtu.be/D8wvAgKNK5Q
2_0478_000,2,478,2_0478,B045,26.55513,-77.10663,data/raw/FRAME/2_0478.jpg,data/raw/MASK/2_0478_B0XX_0_Level0.jpg,data/raw/JSON/2_0478.json,2_0478_B0XX_0_Level0.jpg,0,0,No or very minor damage,1,1,1104,544,1279,703,176,160,0.020817057291666666,0.9457051814568673,0.8521316566762227,09 September 2019,"Marsh Harbor, Abaco, the bahamas",https://youtu.be/D8wvAgKNK5Q
2_0478_001,2,478,2_0478,B041,26.55512,-77.1063,data/raw/FRAME/2_0478.jpg,data/raw/MASK/2_0478_B0XX_0_Level1.jpg,data/raw/JSON/2_0478.json,2_0478_B0XX_0_Level1.jpg,1,1,Minor damage,2,1,448,400,703,583,256,184,0.041669921875,0.44907868525896416,0.6776384657448637,09 September 2019,"Marsh Harbor, Abaco, the bahamas",https://youtu.be/D8wvAgKNK5Q
2_0478_002,2,478,2_0478,B038,26.55421,-77.10627,data/raw/FRAME/2_0478.jpg,data/raw/MASK/2_0478_B0XX_0_Level2.jpg,data/raw/JSON/2_0478.json,2_0478_B0XX_0_Level2.jpg,2,2,Moderate damage,2,1,912,168,1167,279,256,112,0.02202907986111111,0.8119372090803862,0.30542427401788547,09 September 2019,"Marsh Harbor, Abaco, the bahamas",https://youtu.be/D8wvAgKNK5Q
2_0478_003,2,478,2_0478,B043,26.55483,-77.10572,data/raw/FRAME/2_0478.jpg,data/raw/MASK/2_0478_B0XX_0_Level3.jpg,data/raw/JSON/2_0478.json,2_0478_B0XX_0_Level3.jpg,3,3,Severe damage,1,1,120,248,391,327,272,80,0.01804470486111111,0.19816206592002406,0.3955320037415648,09 September 2019,"Marsh Harbor, Abaco, the bahamas",https://youtu.be/D8wvAgKNK5Q
2_0478_004,2,478,2_0478,B047,26.55532,-77.10618,data/raw/FRAME/2_0478.jpg,data/raw/MASK/2_0478_B0XX_1_Level1.jpg,data/raw/JSON/2_0478.json,2_0478_B0XX_1_Level1.jpg,1,1,Minor damage,1,0,0,472,223,687,224,216,0.04282335069444444,0.07823577573100897,0.800444158685113,09 September 2019,"Marsh Harbor, Abaco, the bahamas",https://youtu.be/D8wvAgKNK5Q
2_0478_005,2,478,2_0478,B039,26.55462,-77.10587,data/raw/FRAME/2_0478.jpg,data/raw/MASK/2_0478_B0XX_1_Level2.jpg,data/raw/JSON/2_0478.json,2_0478_B0XX_1_Level2.jpg,2,2,Moderate damage,1,0,464,232,583,303,120,72,0.006348741319444445,0.4072173827123569,0.3705848003190338,09 September 2019,"Marsh Harbor, Abaco, the bahamas",https://youtu.be/D8wvAgKNK5Q
2_0478_006,2,478,2_0478,B046,26.55493,-77.10644,data/raw/FRAME/2_0478.jpg,data/raw/MASK/2_0478_B0XX_1_Level3.jpg,data/raw/JSON/2_0478.json,2_0478_B0XX_1_Level3.jpg,3,3,Severe damage,1,0,792,360,1159,503,368,144,0.03936957465277778,0.7603517616721329,0.6021842950631915,09 September 2019,"Marsh Harbor, Abaco, the bahamas",https://youtu.be/D8wvAgKNK5Q
2_0478_007,2,478,2_0478,B042,26.55484,-77.10616,data/raw/FRAME/2_0478.jpg,data/raw/MASK/2_0478_B0XX_2_Level2.jpg,data/raw/JSON/2_0478.json,2_0478_B0XX_2_Level2.jpg,2,2,Moderate damage,1,0,560,304,751,391,192,88,0.011934678819444445,0.5096432772297481,0.48396975482619636,09 September 2019,"Marsh Harbor, Abaco, the bahamas",https://youtu.be/D8wvAgKNK5Q
2_0478_008,2,478,2_0478,B052,26.55542,-77.10636,data/raw/FRAME/2_0478.jpg,data/raw/MASK/2_0478_B0XX_2_Level3.jpg,data/raw/JSON/2_0478.json,2_0478_B0XX_2_Level3.jpg,3,3,Severe damage,1,0,8,624,399,719,392,96,0.024654947916666666,0.16138107478435,0.9537134837504523,09 September 2019,"Marsh Harbor, Abaco, the bahamas",https://youtu.be/D8wvAgKNK5Q
2_0478_009,2,478,2_0478,B044,26.5552,-77.10656,data/raw/FRAME/2_0478.jpg,data/raw/MASK/2_0478_B0XX_3_Level1.jpg,data/raw/JSON/2_0478.json,2_0478_B0XX_3_Level1.jpg,1,1,Minor damage,1,1,840,568,1175,719,336,152,0.046510416666666665,0.7884989625618235,0.8989391512172867,09 September 2019,"Marsh Harbor, Abaco, the bahamas",https://youtu.be/D8wvAgKNK5Q
2_0481_000,2,481,2_0481,B053,26.5543,-77.10527,data/raw/FRAME/2_0481.jpg,data/raw/MASK/2_0481_B0XX_0_Level0.jpg,data/raw/JSON/2_0481.json,2_0481_B0XX_0_Level0.jpg,0,0,No or very minor damage,1,1,240,168,431,223,192,56,0.008347439236111111,0.2591604177499025,0.27308844981729424,09 September 2019,"Marsh Harbor, Abaco, the bahamas",https://youtu.be/D8wvAgKNK5Q
2_0481_001,2,481,2_0481,B038,26.55421,-77.10627,data/raw/FRAME/2_0481.jpg,data/raw/MASK/2_0481_B0XX_0_Level1.jpg,data/raw/JSON/2_0481.json,2_0481_B0XX_0_Level1.jpg,1,1,Minor damage,2,1,904,168,1167,279,264,112,0.02286566840277778,0.8078133526906468,0.3075958177130293,09 September 2019,"Marsh Harbor, Abaco, the bahamas",https://youtu.be/D8wvAgKNK5Q
2_0481_002,2,481,2_0481,B039,26.55462,-77.10587,data/raw/FRAME/2_0481.jpg,data/raw/MASK/2_0481_B0XX_0_Level2.jpg,data/raw/JSON/2_0481.json,2_0481_B0XX_0_Level2.jpg,2,2,Moderate damage,1,1,456,232,583,295,128,64,0.006218532986111111,0.40487739377944515,0.36914296516023964,09 September 2019,"Marsh Harbor, Abaco, the bahamas",https://youtu.be/D8wvAgKNK5Q
2_0481_003,2,481,2_0481,B040,26.55429,-77.10577,data/raw/FRAME/2_0481.jpg,data/raw/MASK/2_0481_B0XX_0_Level3.jpg,data/raw/JSON/2_0481.json,2_0481_B0XX_0_Level3.jpg,3,3,Severe damage,1,1,512,184,743,247,232,64,0.011999782986111112,0.4888680882086988,0.2984676884588721,09 September 2019,"Marsh Harbor, Abaco, the bahamas",https://youtu.be/D8wvAgKNK5Q
2_0481_004,2,481,2_0481,B045,26.55513,-77.10663,data/raw/FRAME/2_0481.jpg,data/raw/MASK/2_0481_B0XX_1_Level0.jpg,data/raw/JSON/2_0481.json,2_0481_B0XX_1_Level0.jpg,0,0,No or very minor damage,1,0,1120,536,1279,703,160,168,0.021006944444444446,0.9487913223140495,0.8485565168732783,09 September 2019,"Marsh Harbor, Abaco, the bahamas",https://youtu.be/D8wvAgKNK5Q
2_0481_005,2,481,2_0481,B041,26.55512,-77.1063,data/raw/FRAME/2_0481.jpg,data/raw/MASK/2_0481_B0XX_1_Level1.jpg,data/raw/JSON/2_0481.json,2_0481_B0XX_1_Level1.jpg,1,1,Minor damage,2,0,432,392,703,591,272,200,0.045150824652777775,0.44964565784888616,0.67505170240775,09 September 2019,"Marsh Harbor, Abaco, the bahamas",https://youtu.be/D8wvAgKNK5Q
2_0481_006,2,481,2_0481,B042,26.55484,-77.10616,data/raw/FRAME/2_0481.jpg,data/raw/MASK/2_0481_B0XX_1_Level2.jpg,data/raw/JSON/2_0481.json,2_0481_B0XX_1_Level2.jpg,2,2,Moderate damage,1,0,560,304,751,391,192,88,0.012096354166666667,0.5108668595263725,0.48096270382330664,09 September 2019,"Marsh Harbor, Abaco, the bahamas",https://youtu.be/D8wvAgKNK5Q
2_0481_007,2,481,2_0481,B043,26.55483,-77.10572,data/raw/FRAME/2_0481.jpg,data/raw/MASK/2_0481_B0XX_1_Level3.jpg,data/raw/JSON/2_0481.json,2_0481_B0XX_1_Level3.jpg,3,3,Severe damage,1,0,120,248,399,335,280,88,0.018407118055555557,0.1995166234378684,0.39819716261887916,09 September 2019,"Marsh Harbor, Abaco, the bahamas",https://youtu.be/D8wvAgKNK5Q
2_0481_008,2,481,2_0481,B046,26.55493,-77.10644,data/raw/FRAME/2_0481.jpg,data/raw/MASK/2_0481_B0XX_2_Level3.jpg,data/raw/JSON/2_0481.json,2_0481_B0XX_2_Level3.jpg,3,3,Severe damage,1,0,792,368,1199,495,408,128,0.04108072916666667,0.7741579998679345,0.5995889094324117,09 September 2019,"Marsh Harbor, Abaco, the bahamas",https://youtu.be/D8wvAgKNK5Q
2_0481_009,2,481,2_0481,B047,26.55532,-77.10618,data/raw/FRAME/2_0481.jpg,data/raw/MASK/2_0481_B0XX_3_Level1.jpg,data/raw/JSON/2_0481.json,2_0481_B0XX_3_Level1.jpg,1,1,Minor damage,1,0,0,464,239,687,240,224,0.044898003472222225,0.08101340461718788,0.7956187466769781,09 September 2019,"Marsh Harbor, Abaco, the bahamas",https://youtu.be/D8wvAgKNK5Q
2_0481_010,2,481,2_0481,B052,26.55542,-77.10636,data/raw/FRAME/2_0481.jpg,data/raw/MASK/2_0481_B0XX_3_Level3.jpg,data/raw/JSON/2_0481.json,2_0481_B0XX_3_Level3.jpg,3,3,Severe damage,1,0,8,624,407,719,400,96,0.02673285590277778,0.16206810386816578,0.9507464495587035,09 September 2019,"Marsh Harbor, Abaco, the bahamas",https://youtu.be/D8wvAgKNK5Q
2_0481_011,2,481,2_0481,B044,26.5552,-77.10656,data/raw/FRAME/2_0481.jpg,data/raw/MASK/2_0481_B0XX_4_Level1.jpg,data/raw/JSON/2_0481.json,2_0481_B0XX_4_Level1.jpg,1,1,Minor damage,1,1,832,552,1183,719,352,168,0.051146918402777776,0.7909467350489,0.8967392329215313,09 September 2019,"Marsh Harbor, Abaco, the bahamas",https://youtu.be/D8wvAgKNK5Q
2_0510_000,2,510,2_0510,B045,26.55513,-77.10663,data/raw/FRAME/2_0510.jpg,data/raw/MASK/2_0510_B0XX_0_Level0.jpg,data/raw/JSON/2_0510.json,2_0510_B0XX_0_Level0.jpg,0,0,No or very minor damage,1,1,1104,536,1279,711,176,176,0.023688151041666668,0.9439935971210665,0.8534457880994915,09 September 2019,"Marsh Harbor, Abaco, the bahamas",https://youtu.be/D8wvAgKNK5Q
2_0510_001,2,510,2_0510,B038,26.55421,-77.10627,data/raw/FRAME/2_0510.jpg,data/raw/MASK/2_0510_B0XX_0_Level1.jpg,data/raw/JSON/2_0510.json,2_0510_B0XX_0_Level1.jpg,1,1,Minor damage,2,1,904,168,1183,279,280,112,0.02314236111111111,0.811873659332802,0.3091391988622156,09 September 2019,"Marsh Harbor, Abaco, the bahamas",https://youtu.be/D8wvAgKNK5Q
2_0510_002,2,510,2_0510,B039,26.55462,-77.10587,data/raw/FRAME/2_0510.jpg,data/raw/MASK/2_0510_B0XX_0_Level2.jpg,data/raw/JSON/2_0510.json,2_0510_B0XX_0_Level2.jpg,2,2,Moderate damage,1,1,464,232,591,303,128,72,0.006953125,0.4099656922986892,0.3713290244832848,09 September 2019,"Marsh Harbor, Abaco, the bahamas",https://youtu.be/D8wvAgKNK5Q
2_0510_003,2,510,2_0510,B040,26.55429,-77.10577,data/raw/FRAME/2_0510.jpg,data/raw/MASK/2_0510_B0XX_0_Level3.jpg,data/raw/JSON/2_0510.json,2_0510_B0XX_0_Level3.jpg,3,3,Severe damage,1,1,520,184,751,247,232,64,0.012163628472222222,0.4935403657448706,0.29818143522648427,09 September 2019,"Marsh Harbor, Abaco, the bahamas",https://youtu.be/D8wvAgKNK5Q
2_0510_004,2,510,2_0510,B041,26.55512,-77.1063,data/raw/FRAME/2_0510.jpg,data/raw/MASK/2_0510_B0XX_1_Level1.jpg,data/raw/JSON/2_0510.json,2_0510_B0XX_1_Level1.jpg,1,1,Minor damage,2,0,448,400,703,575,256,176,0.04036349826388889,0.44948413011774513,0.6733505380969023,09 September 2019,"Marsh Harbor, Abaco, the bahamas",https://youtu.be/D8wvAgKNK5Q
2_0510_005,2,510,2_0510,B042,26.55484,-77.10616,data/raw/FRAME/2_0510.jpg,data/raw/MASK/2_0510_B0XX_1_Level2.jpg,data/raw/JSON/2_0510.json,2_0510_B0XX_1_Level2.jpg,2,2,Moderate damage,1,0,560,296,751,399,192,104,0.01326388888888889,0.5119435894551702,0.47892306573589294,09 September 2019,"Marsh Harbor, Abaco, the bahamas",https://youtu.be/D8wvAgKNK5Q
2_0510_006,2,510,2_0510,B043,26.55483,-77.10572,data/raw/FRAME/2_0510.jpg,data/raw/MASK/2_0510_B0XX_1_Level3.jpg,data/raw/JSON/2_0510.json,2_0510_B0XX_1_Level3.jpg,3,3,Severe damage,1,0,128,240,399,335,272,96,0.019455295138888887,0.2000520252370329,0.3953556268203507,09 September 2019,"Marsh Harbor, Abaco, the bahamas",https://youtu.be/D8wvAgKNK5Q
2_0510_007,2,510,2_0510,B047,26.55532,-77.10618,data/raw/FRAME/2_0510.jpg,data/raw/MASK/2_0510_B0XX_2_Level1.jpg,data/raw/JSON/2_0510.json,2_0510_B0XX_2_Level1.jpg,1,1,Minor damage,1,0,0,464,223,679,224,216,0.04233723958333333,0.07884504026987545,0.7930240885972857,09 September 2019,"Marsh Harbor, Abaco, the bahamas",https://youtu.be/D8wvAgKNK5Q
2_0510_008,2,510,2_0510,B046,26.55493,-77.10644,data/raw/FRAME/2_0510.jpg,data/raw/MASK/2_0510_B0XX_2_Level3.jpg,data/raw/JSON/2_0510.json,2_0510_B0XX_2_Level3.jpg,3,3,Severe damage,1,0,792,368,1199,495,408,128,0.04153428819444444,0.7763277045561419,0.6000204643224133,09 September 2019,"Marsh Harbor, Abaco, the bahamas",https://youtu.be/D8wvAgKNK5Q
2_0510_009,2,510,2_0510,B044,26.5552,-77.10656,data/raw/FRAME/2_0510.jpg,data/raw/MASK/2_0510_B0XX_3_Level1.jpg,data/raw/JSON/2_0510.json,2_0510_B0XX_3_Level1.jpg,1,1,Minor damage,1,0,824,560,1175,719,352,160,0.04527452256944445,0.7881189709406831,0.8934724718727115,09 September 2019,"Marsh Harbor, Abaco, the bahamas",https://youtu.be/D8wvAgKNK5Q
2_0510_010,2,510,2_0510,B052,26.55542,-77.10636,data/raw/FRAME/2_0510.jpg,data/raw/MASK/2_0510_B0XX_3_Level3.jpg,data/raw/JSON/2_0510.json,2_0510_B0XX_3_Level3.jpg,3,3,Severe damage,1,0,8,624,391,719,384,96,0.025960286458333332,0.16140412748171368,0.9511349123418089,09 September 2019,"Marsh Harbor, Abaco, the bahamas",https://youtu.be/D8wvAgKNK5Q
2_0513_000,2,513,2_0513,B053,26.5543,-77.10527,data/raw/FRAME/2_0513.jpg,data/raw/MASK/2_0513_B0XX_0_Level0.jpg,data/raw/JSON/2_0513.json,2_0513_B0XX_0_Level0.jpg,0,0,No or very minor damage,1,1,240,168,431,231,192,64,0.008213975694444445,0.2612670285667107,0.273298290033759,09 September 2019,"Marsh Harbor, Abaco, the bahamas",https://youtu.be/D8wvAgKNK5Q
2_0513_001,2,513,2_0513,B038,26.55421,-77.10627,data/raw/FRAME/2_0513.jpg,data/raw/MASK/2_0513_B0XX_0_Level1.jpg,data/raw/JSON/2_0513.json,2_0513_B0XX_0_Level1.jpg,1,1,Minor damage,2,1,912,168,1175,279,264,112,0.022641059027777778,0.8136136537908559,0.30927206140771274,09 September 2019,"Marsh Harbor, Abaco, the bahamas",https://youtu.be/D8wvAgKNK5Q
2_0513_002,2,513,2_0513,B054,26.5541,-77.10598,data/raw/FRAME/2_0513.jpg,data/raw/MASK/2_0513_B0XX_0_Level2.jpg,data/raw/JSON/2_0513.json,2_0513_B0XX_0_Level2.jpg,2,2,Moderate damage,1,1,776,184,927,247,152,64,0.007375217013888889,0.6676188713770781,0.2945255668350416,09 September 2019,"Marsh Harbor, Abaco, the bahamas",https://youtu.be/D8wvAgKNK5Q
2_0513_003,2,513,2_0513,B040,26.55429,-77.10577,data/raw/FRAME/2_0513.jpg,data/raw/MASK/2_0513_B0XX_0_Level3.jpg,data/raw/JSON/2_0513.json,2_0513_B0XX_0_Level3.jpg,3,3,Severe damage,1,1,512,184,751,247,240,64,0.012077907986111112,0.49324865521965683,0.3005053454316773,09 September 2019,"Marsh Harbor, Abaco, the bahamas",https://youtu.be/D8wvAgKNK5Q
2_0513_004,2,513,2_0513,B060,26.55521,-77.1059,data/raw/FRAME/2_0513.jpg,data/raw/MASK/2_0513_B0XX_0_Level4.jpg,data/raw/JSON/2_0513.json,2_0513_B0XX_0_Level4.jpg,4,4,Destruction,1,1,0,376,55,479,56,104,0.004953342013888889,0.0182898069550931,0.5955826335645612,09 September 2019,"Marsh Harbor, Abaco, the bahamas",https://youtu.be/D8wvAgKNK5Q
2_0513_005,2,513,2_0513,B041,26.55512,-77.1063,data/raw/FRAME/2_0513.jpg,data/raw/MASK/2_0513_B0XX_1_Level1.jpg,data/raw/JSON/2_0513.json,2_0513_B0XX_1_Level1.jpg,1,1,Minor damage,2,0,440,392,711,583,272,192,0.04261067708333333,0.45009782037815127,0.6729151458563224,09 September 2019,"Marsh Harbor, Abaco, the bahamas",https://youtu.be/D8wvAgKNK5Q
2_0513_006,2,513,2_0513,B039,26.55462,-77.10587,data/raw/FRAME/2_0513.jpg,data/raw/MASK/2_0513_B0XX_1_Level3.jpg,data/raw/JSON/2_0513.json,2_0513_B0XX_1_Level3.jpg,3,3,Severe damage,1,0,456,232,583,295,128,64,0.006344401041666667,0.4057751304087566,0.3707509073979059,09 September 2019,"Marsh Harbor, Abaco, the bahamas",https://youtu.be/D8wvAgKNK5Q
2_0513_007,2,513,2_0513,B047,26.55532,-77.10618,data/raw/FRAME/2_0513.jpg,data/raw/MASK/2_0513_B0XX_2_Level1.jpg,data/raw/JSON/2_0513.json,2_0513_B0XX_2_Level1.jpg,1,1,Minor damage,1,0,0,464,231,679,232,216,0.04285915798611111,0.07986820077723486,0.7949984317465139,09 September 2019,"Marsh Harbor, Abaco, the bahamas",https://youtu.be/D8wvAgKNK5Q
2_0513_008,2,513,2_0513,B043,26.55483,-77.10572,data/raw/FRAME/2_0513.jpg,data/raw/MASK/2_0513_B0XX_2_Level3.jpg,data/raw/JSON/2_0513.json,2_0513_B0XX_2_Level3.jpg,3,3,Severe damage,1,0,128,248,399,343,272,96,0.01764865451388889,0.20133866815247464,0.3975044403456638,09 September 2019,"Marsh Harbor, Abaco, the bahamas",https://youtu.be/D8wvAgKNK5Q
2_0513_009,2,513,2_0513,B042,26.55484,-77.10616,data/raw/FRAME/2_0513.jpg,data/raw/MASK/2_0513_B0XX_3_Level3.jpg,data/raw/JSON/2_0513.json,2_0513_B0XX_3_Level3.jpg,3,3,Severe damage,1,0,568,304,751,391,184,88,0.012018229166666667,0.5132452064147707,0.48309470426547896,09 September 2019,"Marsh Harbor, Abaco, the bahamas",https://youtu.be/D8wvAgKNK5Q
2_0513_010,2,513,2_0513,B046,26.55493,-77.10644,data/raw/FRAME/2_0513.jpg,data/raw/MASK/2_0513_B0XX_4_Level3.jpg,data/raw/JSON/2_0513.json,2_0513_B0XX_4_Level3.jpg,3,3,Severe damage,1,0,792,360,1207,495,416,136,0.04131944444444444,0.7767773847820378,0.596740889063959,09 September 2019,"Marsh Harbor, Abaco, the bahamas",https://youtu.be/D8wvAgKNK5Q
2_0513_011,2,513,2_0513,B052,26.55542,-77.10636,data/raw/FRAME/2_0513.jpg,data/raw/MASK/2_0513_B0XX_5_Level3.jpg,data/raw/JSON/2_0513.json,2_0513_B0XX_5_Level3.jpg,3,3,Severe damage,1,0,8,624,375,719,368,96,0.023946397569444444,0.15948134260727717,0.9528638084593269,09 September 2019,"Marsh Harbor, Abaco, the bahamas",https://youtu.be/D8wvAgKNK5Q
2_0542_000,2,542,2_0542,B053,26.5543,-77.10527,data/raw/FRAME/2_0542.jpg,data/raw/MASK/2_0542_B0XX_0_Level0.jpg,data/raw/JSON/2_0542.json,2_0542_B0XX_0_Level0.jpg,0,0,No or very minor damage,1,1,256,176,439,231,184,56,0.008404947916666667,0.269756567906016,0.27764007229537824,09 September 2019,"Marsh Harbor, Abaco, the bahamas",https://youtu.be/D8wvAgKNK5Q
2_0542_001,2,542,2_0542,B038,26.55421,-77.10627,data/raw/FRAME/2_0542.jpg,data/raw/MASK/2_0542_B0XX_0_Level1.jpg,data/raw/JSON/2_0542.json,2_0542_B0XX_0_Level1.jpg,1,1,Minor damage,2,1,912,168,1175,279,264,112,0.02338216145833333,0.8150199110167525,0.309405244378445,09 September 2019,"Marsh Harbor, Abaco, the bahamas",https://youtu.be/D8wvAgKNK5Q
2_0542_002,2,542,2_0542,B054,26.5541,-77.10598,data/raw/FRAME/2_0542.jpg,data/raw/MASK/2_0542_B0XX_0_Level2.jpg,data/raw/JSON/2_0542.json,2_0542_B0XX_0_Level2.jpg,2,2,Moderate damage,1,1,784,176,927,239,144,64,0.0073860677083333335,0.6698731544733363,0.2919239589964579,09 September 2019,"Marsh Harbor, Abaco, the bahamas",https://youtu.be/D8wvAgKNK5Q
2_0542_003,2,542,2_0542,B040,26.55429,-77.10577,data/raw/FRAME/2_0542.jpg,data/raw/MASK/2_0542_B0XX_0_Level3.jpg,data/raw/JSON/2_0542.json,2_0542_B0XX_0_Level3.jpg,3,3,Severe damage,1,1,520,184,759,255,240,72,0.013615451388888889,0.49887338868744024,0.3013497060177806,09 September 2019,"Marsh Harbor, Abaco, the bahamas",https://youtu.be/D8wvAgKNK5Q
2_0542_004,2,542,2_0542,B041,26.55512,-77.1063,data/raw/FRAME/2_0542.jpg,data/raw/MASK/2_0542_B0XX_1_Level1.jpg,data/raw/JSON/2_0542.json,2_0542_B0XX_1_Level1.jpg,1,1,Minor damage,2,0,448,392,719,591,272,200,0.044766710069444444,0.4581962795707395,0.6757342525039522,09 September 2019,"Marsh Harbor, Abaco, the bahamas",https://youtu.be/D8wvAgKNK5Q
2_0542_005,2,542,2_0542,B043,26.55483,-77.10572,data/raw/FRAME/2_0542.jpg,data/raw/MASK/2_0542_B0XX_1_Level3.jpg,data/raw/JSON/2_0542.json,2_0542_B0XX_1_Level3.jpg,3,3,Severe damage,1,0,136,240,407,343,272,104,0.018623046875,0.20395777799627104,0.3983468151773518,09 September 2019,"Marsh Harbor, Abaco, the bahamas",https://youtu.be/D8wvAgKNK5Q
2_0542_006,2,542,2_0542,B042,26.55484,-77.10616,data/raw/FRAME/2_0542.jpg,data/raw/MASK/2_0542_B0XX_2_Level3.jpg,data/raw/JSON/2_0542.json,2_0542_B0XX_2_Level3.jpg,3,3,Severe damage,1,0,576,304,759,391,184,88,0.012269965277777777,0.5185686433277326,0.48285788330778606,09 September 2019,"Marsh Harbor, Abaco, the bahamas",https://youtu.be/D8wvAgKNK5Q
2_0542_007,2,542,2_0542,B047,26.55532,-77.10618,data/raw/FRAME/2_0542.jpg,data/raw/MASK/2_0542_B0XX_3_Level1.jpg,data/raw/JSON/2_0542.json,2_0542_B0XX_3_Level1.jpg,1,1,Minor damage,1,0,0,464,239,679,240,216,0.04531141493055556,0.08522992423788885,0.7928967740819677,09 September 2019,"Marsh Harbor, Abaco, the bahamas",https://youtu.be/D8wvAgKNK5Q
2_0542_008,2,542,2_0542,B046,26.55493,-77.10644,data/raw/FRAME/2_0542.jpg,data/raw/MASK/2_0542_B0XX_3_Level3.jpg,data/raw/JSON/2_0542.json,2_0542_B0XX_3_Level3.jpg,3,3,Severe damage,1,0,800,360,1215,503,416,144,0.044832899305555556,0.7816522724659954,0.6005506410980417,09 September 2019,"Marsh Harbor, Abaco, the bahamas",https://youtu.be/D8wvAgKNK5Q
2_0542_009,2,542,2_0542,B052,26.55542,-77.10636,data/raw/FRAME/2_0542.jpg,data/raw/MASK/2_0542_B0XX_4_Level3.jpg,data/raw/JSON/2_0542.json,2_0542_B0XX_4_Level3.jpg,3,3,Severe damage,1,0,16,624,383,719,368,96,0.02587456597222222,0.16581652845340938,0.9493792925904182,09 September 2019,"Marsh Harbor, Abaco, the bahamas",https://youtu.be/D8wvAgKNK5Q
2_0545_000,2,545,2_0545,B053,26.5543,-77.10527,data/raw/FRAME/2_0545.jpg,data/raw/MASK/2_0545_B0XX_0_Level0.jpg,data/raw/JSON/2_0545.json,2_0545_B0XX_0_Level0.jpg,0,0,No or very minor damage,1,1,248,176,439,231,192,56,0.008089192708333333,0.2662289361167002,0.27609210820478425,09 September 2019,"Marsh Harbor, Abaco, the bahamas",https://youtu.be/D8wvAgKNK5Q
2_0545_001,2,545,2_0545,B038,26.55421,-77.10627,data/raw/FRAME/2_0545.jpg,data/raw/MASK/2_0545_B0XX_0_Level1.jpg,data/raw/JSON/2_0545.json,2_0545_B0XX_0_Level1.jpg,1,1,Minor damage,2,1,920,168,1175,279,256,112,0.02310763888888889,0.8195845904160406,0.31007074881041824,09 September 2019,"Marsh Harbor, Abaco, the bahamas",https://youtu.be/D8wvAgKNK5Q
2_0545_002,2,545,2_0545,B054,26.5541,-77.10598,data/raw/FRAME/2_0545.jpg,data/raw/MASK/2_0545_B0XX_0_Level2.jpg,data/raw/JSON/2_0545.json,2_0545_B0XX_0_Level2.jpg,2,2,Moderate damage,1,1,784,184,927,247,144,64,0.0072048611111111115,0.6706567676957832,0.2936694695448461,09 September 2019,"Marsh Harbor, Abaco, the bahamas",https://youtu.be/D8wvAgKNK5Q
2_0545_003,2,545,2_0545,B040,26.55429,-77.10577,data/raw/FRAME/2_0545.jpg,data/raw/MASK/2_0545_B0XX_0_Level3.jpg,data/raw/JSON/2_0545.json,2_0545_B0XX_0_Level3.jpg,3,3,Severe damage,1,1,512,184,759,255,248,72,0.013108723958333334,0.49686458850674614,0.30022429618593016,09 September 2019,"Marsh Harbor, Abaco, the bahamas",https://youtu.be/D8wvAgKNK5Q
2_0545_004,2,545,2_0545,B041,26.55512,-77.1063,data/raw/FRAME/2_0545.jpg,data/raw/MASK/2_0545_B0XX_1_Level1.jpg,data/raw/JSON/2_0545.json,2_0545_B0XX_1_Level1.jpg,1,1,Minor damage,2,0,448,392,719,591,272,200,0.044775390625,0.45908470783351507,0.6757938190826231,09 September 2019,"Marsh Harbor, Abaco, the bahamas",https://youtu.be/D8wvAgKNK5Q
2_0545_005,2,545,2_0545,B039,26.55462,-77.10587,data/raw/FRAME/2_0545.jpg,data/raw/MASK/2_0545_B0XX_1_Level2.jpg,data/raw/JSON/2_0545.json,2_0545_B0XX_1_Level2.jpg,2,2,Moderate damage,1,0,464,240,591,303,128,64,0.006242404513888889,0.4121913295237268,0.3736671205361454,09 September 2019,"Marsh Harbor, Abaco, the bahamas",https://youtu.be/D8wvAgKNK5Q
2_0545_006,2,545,2_0545,B043,26.55483,-77.10572,data/raw/FRAME/2_0545.jpg,data/raw/MASK/2_0545_B0XX_1_Level3.jpg,data/raw/JSON/2_0545.json,2_0545_B0XX_1_Level3.jpg,3,3,Severe damage,1,0,136,248,407,335,272,88,0.016692708333333334,0.20942918576118044,0.3997844080429884,09 September 2019,"Marsh Harbor, Abaco, the bahamas",https://youtu.be/D8wvAgKNK5Q
2_0545_007,2,545,2_0545,B042,26.55484,-77.10616,data/raw/FRAME/2_0545.jpg,data/raw/MASK/2_0545_B0XX_2_Level2.jpg,data/raw/JSON/2_0545.json,2_0545_B0XX_2_Level2.jpg,2,2,Moderate damage,1,0,576,304,759,391,184,88,0.012584635416666667,0.5213182633859286,0.48199018987948117,09 September 2019,"Marsh Harbor, Abaco, the bahamas",https://youtu.be/D8wvAgKNK5Q
2_0545_008,2,545,2_0545,B047,26.55532,-77.10618,data/raw/FRAME/2_0545.jpg,data/raw/MASK/2_0545_B0XX_3_Level1.jpg,data/raw/JSON/2_0545.json,2_0545_B0XX_3_Level1.jpg,1,1,Minor damage,1,0,0,464,239,679,240,216,0.043866102430555554,0.08344875485442897,0.7950725999950529,09 September 2019,"Marsh Harbor, Abaco, the bahamas",https://youtu.be/D8wvAgKNK5Q
2_0545_009,2,545,2_0545,B046,26.55493,-77.10644,data/raw/FRAME/2_0545.jpg,data/raw/MASK/2_0545_B0XX_3_Level3.jpg,data/raw/JSON/2_0545.json,2_0545_B0XX_3_Level3.jpg,3,3,Severe damage,1,0,800,368,1207,503,408,136,0.03846354166666666,0.7781781588524035,0.5986280373128714,09 September 2019,"Marsh Harbor, Abaco, the bahamas",https://youtu.be/D8wvAgKNK5Q
2_0545_010,2,545,2_0545,B060,26.55521,-77.1059,data/raw/FRAME/2_0545.jpg,data/raw/MASK/2_0545_B0XX_4_Level3.jpg,data/raw/JSON/2_0545.json,2_0545_B0XX_4_Level3.jpg,3,3,Severe damage,1,0,0,368,63,479,64,112,0.005779079861111111,0.020556732303792714,0.5941309926148454,09 September 2019,"Marsh Harbor, Abaco, the bahamas",https://youtu.be/D8wvAgKNK5Q
2_0545_011,2,545,2_0545,B052,26.55542,-77.10636,data/raw/FRAME/2_0545.jpg,data/raw/MASK/2_0545_B0XX_5_Level3.jpg,data/raw/JSON/2_0545.json,2_0545_B0XX_5_Level3.jpg,3,3,Severe damage,1,0,16,624,407,719,392,96,0.026713324652777776,0.16871902798651447,0.9501799648871017,09 September 2019,"Marsh Harbor, Abaco, the bahamas",https://youtu.be/D8wvAgKNK5Q
2_0561_000,2,561,2_0561,B053,26.5543,-77.10527,data/raw/FRAME/2_0561.jpg,data/raw/MASK/2_0561_B0XX_0_Level0.jpg,data/raw/JSON/2_0561.json,2_0561_B0XX_0_Level0.jpg,0,0,No or very minor damage,1,1,464,176,663,231,200,56,0.00870876736111111,0.43886188247570396,0.2805370393443531,09 September 2019,"Marsh Harbor, Abaco, the bahamas",https://youtu.be/D8wvAgKNK5Q
2_0561_001,2,561,2_0561,B046,26.55493,-77.10644,data/raw/FRAME/2_0561.jpg,data/raw/MASK/2_0561_B0XX_0_Level1.jpg,data/raw/JSON/2_0561.json,2_0561_B0XX_0_Level1.jpg,1,1,Minor damage,1,1,1056,448,1279,599,224,152,0.027544487847222222,0.9245958797025804,0.723370592869805,09 September 2019,"Marsh Harbor, Abaco, the bahamas",https://youtu.be/D8wvAgKNK5Q
2_0561_002,2,561,2_0561,B047,26.55532,-77.10618,data/raw/FRAME/2_0561.jpg,data/raw/MASK/2_0561_B0XX_0_Level2.jpg,data/raw/JSON/2_0561.json,2_0561_B0XX_0_Level2.jpg,2,2,Moderate damage,1,1,40,520,391,719,352,200,0.06245442708333333,0.16896248946714618,0.8747208371459126,09 September 2019,"Marsh Harbor, Abaco, the bahamas",https://youtu.be/D8wvAgKNK5Q
2_0561_003,2,561,2_0561,B039,26.55462,-77.10587,data/raw/FRAME/2_0561.jpg,data/raw/MASK/2_0561_B0XX_0_Level3.jpg,data/raw/JSON/2_0561.json,2_0561_B0XX_0_Level3.jpg,3,3,Severe damage,1,1,680,256,823,319,144,64,0.007631293402777778,0.5848481044717759,0.3986904987598149,09 September 2019,"Marsh Harbor, Abaco, the bahamas",https://youtu.be/D8wvAgKNK5Q
2_0561_004,2,561,2_0561,B040,26.55429,-77.10577,data/raw/FRAME/2_0561.jpg,data/raw/MASK/2_0561_B0XX_0_Level4.jpg,data/raw/JSON/2_0561.json,2_0561_B0XX_0_Level4.jpg,4,4,Destruction,1,1,736,192,999,263,264,72,0.014312065972222222,0.6757667385329795,0.3202685114986101,09 September 2019,"Marsh Harbor, Abaco, the bahamas",https://youtu.be/D8wvAgKNK5Q
2_0561_005,2,561,2_0561,B041,26.55512,-77.1063,data/raw/FRAME/2_0561.jpg,data/raw/MASK/2_0561_B0XX_1_Level1.jpg,data/raw/JSON/2_0561.json,2_0561_B0XX_1_Level1.jpg,1,1,Minor damage,2,0,648,464,967,703,320,240,0.063876953125,0.6293110417834514,0.8012046285443575,09 September 2019,"Marsh Harbor, Abaco, the bahamas",https://youtu.be/D8wvAgKNK5Q
2_0561_006,2,561,2_0561,B042,26.55484,-77.10616,data/raw/FRAME/2_0561.jpg,data/raw/MASK/2_0561_B0XX_1_Level3.jpg,data/raw/JSON/2_0561.json,2_0561_B0XX_1_Level3.jpg,3,3,Severe damage,1,0,792,336,1007,447,216,112,0.016432291666666668,0.7021270284436081,0.541272212684158,09 September 2019,"Marsh Harbor, Abaco, the bahamas",https://youtu.be/D8wvAgKNK5Q
2_0561_007,2,561,2_0561,B043,26.55483,-77.10572,data/raw/FRAME/2_0561.jpg,data/raw/MASK/2_0561_B0XX_2_Level4.jpg,data/raw/JSON/2_0561.json,2_0561_B0XX_2_Level4.jpg,4,4,Destruction,1,0,328,264,615,359,288,96,0.02029839409722222,0.3603903702491046,0.4247047302554599,09 September 2019,"Marsh Harbor, Abaco, the bahamas",https://youtu.be/D8wvAgKNK5Q
2_0561_008,2,561,2_0561,B060,26.55521,-77.1059,data/raw/FRAME/2_0561.jpg,data/raw/MASK/2_0561_B0XX_4_Level4.jpg,data/raw/JSON/2_0561.json,2_0561_B0XX_4_Level4.jpg,4,4,Destruction,1,0,80,392,231,519,152,128,0.018364800347222224,0.11937463072378138,0.6348903659937634,09 September 2019,"Marsh Harbor, Abaco, the bahamas",https://youtu.be/D8wvAgKNK5Q
2_0565_000,2,565,2_0565,B053,26.5543,-77.10527,data/raw/FRAME/2_0565.jpg,data/raw/MASK/2_0565_B0XX_0_Level0.jpg,data/raw/JSON/2_0565.json,2_0565_B0XX_0_Level0.jpg,0,0,No or very minor damage,1,1,544,176,735,239,192,64,0.008917100694444444,0.4965509209965928,0.28803118493280333,09 September 2019,"Marsh Harbor, Abaco, the bahamas",https://youtu.be/D8wvAgKNK5Q
2_0565_001,2,565,2_0565,B041,26.55512,-77.1063,data/raw/FRAME/2_0565.jpg,data/raw/MASK/2_0565_B0XX_0_Level1.jpg,data/raw/JSON/2_0565.json,2_0565_B0XX_0_Level1.jpg,1,1,Minor damage,2,1,720,504,1063,719,344,216,0.06801106770833333,0.6952373776504093,0.8552563236667962,09 September 2019,"Marsh Harbor, Abaco, the bahamas",https://youtu.be/D8wvAgKNK5Q
2_0565_002,2,565,2_0565,B039,26.55462,-77.10587,data/raw/FRAME/2_0565.jpg,data/raw/MASK/2_0565_B0XX_0_Level2.jpg,data/raw/JSON/2_0565.json,2_0565_B0XX_0_Level2.jpg,2,2,Moderate damage,1,1,760,264,903,335,144,72,0.007943793402777777,0.645296813106133,0.4163621772981833,09 September 2019,"Marsh Harbor, Abaco, the bahamas",https://youtu.be/D8wvAgKNK5Q
2_0565_003,2,565,2_0565,B040,26.55429,-77.10577,data/raw/FRAME/2_0565.jpg,data/raw/MASK/2_0565_B0XX_0_Level3.jpg,data/raw/JSON/2_0565.json,2_0565_B0XX_0_Level3.jpg,3,3,Severe damage,1,1,824,200,1095,271,272,72,0.016333550347222222,0.7494382349033415,0.3314787749950176,09 September 2019,"Marsh Harbor, Abaco, the bahamas",https://youtu.be/D8wvAgKNK5Q
2_0565_004,2,565,2_0565,B047,26.55532,-77.10618,data/raw/FRAME/2_0565.jpg,data/raw/MASK/2_0565_B0XX_1_Level1.jpg,data/raw/JSON/2_0565.json,2_0565_B0XX_1_Level1.jpg,1,1,Minor damage,1,0,72,552,423,719,352,168,0.050487196180555555,0.20026361247823937,0.900035163255413,09 September 2019,"Marsh Harbor, Abaco, the bahamas",https://youtu.be/D8wvAgKNK5Q
2_0565_005,2,565,2_0565,B042,26.55484,-77.10616,data/raw/FRAME/2_0565.jpg,data/raw/MASK/2_0565_B0XX_1_Level2.jpg,data/raw/JSON/2_0565.json,2_0565_B0XX_1_Level2.jpg,2,2,Moderate damage,1,0,880,352,1103,479,224,128,0.018998480902777778,0.7731866914872352,0.5728573717643625,09 September 2019,"Marsh Harbor, Abaco, the bahamas",https://youtu.be/D8wvAgKNK5Q
2_0565_006,2,565,2_0565,B043,26.55483,-77.10572,data/raw/FRAME/2_0565.jpg,data/raw/MASK/2_0565_B0XX_1_Level3.jpg,data/raw/JSON/2_0565.json,2_0565_B0XX_1_Level3.jpg,3,3,Severe damage,1,0,400,272,695,375,296,104,0.021333550347222223,0.41833869239865723,0.4358963599681264,09 September 2019,"Marsh Harbor, Abaco, the bahamas",https://youtu.be/D8wvAgKNK5Q
2_0565_007,2,565,2_0565,B060,26.55521,-77.1059,data/raw/FRAME/2_0565.jpg,data/raw/MASK/2_0565_B0XX_2_Level3.jpg,data/raw/JSON/2_0565.json,2_0565_B0XX_2_Level3.jpg,3,3,Severe damage,1,0,128,408,287,535,160,128,0.01918402777777778,0.15958458533653846,0.6582963329562594,09 September 2019,"Marsh Harbor, Abaco, the bahamas",https://youtu.be/D8wvAgKNK5Q
2_0568_000,2,568,2_0568,B060,26.55521,-77.1059,data/raw/FRAME/2_0568.jpg,data/raw/MASK/2_0568_B0XX_0_Level4.jpg,data/raw/JSON/2_0568.json,2_0568_B0XX_0_Level4.jpg,4,4,Destruction,1,0,160,416,319,559,160,144,0.020995008680555555,0.18630089087291332,0.6808112391682601,09 September 2019,"Marsh Harbor, Abaco, the bahamas",https://youtu.be/D8wvAgKNK5Q
2_0574_000,2,574,2_0574,B053,26.5543,-77.10527,data/raw/FRAME/2_0574.jpg,data/raw/MASK/2_0574_B0XX_0_Level0.jpg,data/raw/JSON/2_0574.json,2_0574_B0XX_0_Level0.jpg,0,0,No or very minor damage,1,0,704,192,919,247,216,56,0.009524739583333334,0.6297972381237184,0.3017499556973241,09 September 2019,"Marsh Harbor, Abaco, the bahamas",https://youtu.be/D8wvAgKNK5Q
2_0574_001,2,574,2_0574,B039,26.55462,-77.10587,data/raw/FRAME/2_0574.jpg,data/raw/MASK/2_0574_B0XX_0_Level2.jpg,data/raw/JSON/2_0574.json,2_0574_B0XX_0_Level2.jpg,2,2,Moderate damage,1,0,944,288,1102,367,159,80,0.010050998263888888,0.7948848915038325,0.4572233317739633,09 September 2019,"Marsh Harbor, Abaco, the bahamas",https://youtu.be/D8wvAgKNK5Q
2_0574_002,2,574,2_0574,B040,26.55429,-77.10577,data/raw/FRAME/2_0574.jpg,data/raw/MASK/2_0574_B0XX_0_Level3.jpg,data/raw/JSON/2_0574.json,2_0574_B0XX_0_Level3.jpg,3,3,Severe damage,1,0,1008,224,1279,303,272,80,0.017442491319444444,0.8994183514774494,0.365144548125108,09 September 2019,"Marsh Harbor, Abaco, the bahamas",https://youtu.be/D8wvAgKNK5Q
2_0574_003,2,574,2_0574,B060,26.55521,-77.1059,data/raw/FRAME/2_0574.jpg,data/raw/MASK/2_0574_B0XX_0_Level4.jpg,data/raw/JSON/2_0574.json,2_0574_B0XX_0_Level4.jpg,4,4,Destruction,1,0,240,440,415,591,176,152,0.0243359375,0.255679006153023,0.7188479058914453,09 September 2019,"Marsh Harbor, Abaco, the bahamas",https://youtu.be/D8wvAgKNK5Q
2_0574_004,2,574,2_0574,B043,26.55483,-77.10572,data/raw/FRAME/2_0574.jpg,data/raw/MASK/2_0574_B0XX_1_Level3.jpg,data/raw/JSON/2_0574.json,2_0574_B0XX_1_Level3.jpg,3,3,Severe damage,1,0,544,296,855,399,312,104,0.02506076388888889,0.5451460412517319,0.4705389100565755,09 September 2019,"Marsh Harbor, Abaco, the bahamas",https://youtu.be/D8wvAgKNK5Q
2_0574_005,2,574,2_0574,B042,26.55484,-77.10616,data/raw/FRAME/2_0574.jpg,data/raw/MASK/2_0574_B0XX_2_Level3.jpg,data/raw/JSON/2_0574.json,2_0574_B0XX_2_Level3.jpg,3,3,Severe damage,1,0,1072,400,1279,543,208,144,0.02202799479166667,0.9261763967907986,0.6529716653257366,09 September 2019,"Marsh Harbor, Abaco, the bahamas",https://youtu.be/D8wvAgKNK5Q
2_0577_000,2,577,2_0577,B053,26.5543,-77.10527,data/raw/FRAME/2_0577.jpg,data/raw/MASK/2_0577_B0XX_0_Level0.jpg,data/raw/JSON/2_0577.json,2_0577_B0XX_0_Level0.jpg,0,0,No or very minor damage,1,0,776,192,983,247,208,56,0.010645616319444445,0.6856061595403119,0.3061117623076139,09 September 2019,"Marsh Harbor, Abaco, the bahamas",https://youtu.be/D8wvAgKNK5Q
2_0577_001,2,577,2_0577,B039,26.55462,-77.10587,data/raw/FRAME/2_0577.jpg,data/raw/MASK/2_0577_B0XX_0_Level2.jpg,data/raw/JSON/2_0577.json,2_0577_B0XX_0_Level2.jpg,2,2,Moderate damage,1,0,1008,296,1183,375,176,80,0.011769748263888888,0.85436742302019,0.4689033322065497,09 September 2019,"Marsh Harbor, Abaco, the bahamas",https://youtu.be/D8wvAgKNK5Q
2_0577_002,2,577,2_0577,B043,26.55483,-77.10572,data/raw/FRAME/2_0577.jpg,data/raw/MASK/2_0577_B0XX_0_Level3.jpg,data/raw/JSON/2_0577.json,2_0577_B0XX_0_Level3.jpg,3,3,Severe damage,1,0,608,296,927,399,320,104,0.02660698784722222,0.5976794125443498,0.4800336672874498,09 September 2019,"Marsh Harbor, Abaco, the bahamas",https://youtu.be/D8wvAgKNK5Q
2_0577_003,2,577,2_0577,B060,26.55521,-77.1059,data/raw/FRAME/2_0577.jpg,data/raw/MASK/2_0577_B0XX_0_Level4.jpg,data/raw/JSON/2_0577.json,2_0577_B0XX_0_Level4.jpg,4,4,Destruction,1,0,288,448,463,615,176,168,0.02695855034722222,0.292626251509358,0.739274278303258,09 September 2019,"Marsh Harbor, Abaco, the bahamas",https://youtu.be/D8wvAgKNK5Q
2_0577_004,2,577,2_0577,B061,26.55506,-77.1055,data/raw/FRAME/2_0577.jpg,data/raw/MASK/2_0577_B0XX_0_Level5.jpg,data/raw/JSON/2_0577.json,2_0577_B0XX_0_Level5.jpg,5,5,Destroyed or under construction,1,0,232,304,391,399,160,96,0.012980685763888888,0.24768929459583716,0.4910093157606323,09 September 2019,"Marsh Harbor, Abaco, the bahamas",https://youtu.be/D8wvAgKNK5Q
2_0577_005,2,577,2_0577,B062,26.55472,-77.10488,data/raw/FRAME/2_0577.jpg,data/raw/MASK/2_0577_B0XX_1_Level0.jpg,data/raw/JSON/2_0577.json,2_0577_B0XX_1_Level0.jpg,0,0,No or very minor damage,1,0,288,192,495,247,208,56,0.009640842013888888,0.30354679586381544,0.30534186831738885,09 September 2019,"Marsh Harbor, Abaco, the bahamas",https://youtu.be/D8wvAgKNK5Q
2_0577_006,2,577,2_0577,B042,26.55484,-77.10616,data/raw/FRAME/2_0577.jpg,data/raw/MASK/2_0577_B0XX_1_Level2.jpg,data/raw/JSON/2_0577.json,2_0577_B0XX_1_Level2.jpg,2,2,Moderate damage,1,0,1160,416,1279,551,120,136,0.011999782986111112,0.9601812579121077,0.6619469059890888,09 September 2019,"Marsh Harbor, Abaco, the bahamas",https://youtu.be/D8wvAgKNK5Q
2_0577_007,2,577,2_0577,B040,26.55429,-77.10577,data/raw/FRAME/2_0577.jpg,data/raw/MASK/2_0577_B0XX_2_Level0.jpg,data/raw/JSON/2_0577.json,2_0577_B0XX_2_Level0.jpg,0,0,No or very minor damage,1,0,1080,232,1279,319,200,88,0.014747178819444444,0.9251811285961298,0.37483414269246806,09 September 2019,"Marsh Harbor, Abaco, the bahamas",https://youtu.be/D8wvAgKNK5Q
2_0580_000,2,580,2_0580,B062,26.55472,-77.10488,data/raw/FRAME/2_0580.jpg,data/raw/MASK/2_0580_B0XX_0_Level0.jpg,data/raw/JSON/2_0580.json,2_0580_B0XX_0_Level0.jpg,0,0,No or very minor damage,1,0,352,192,559,247,208,56,0.010197482638888889,0.3595730973345393,0.30634990305265897,09 September 2019,"Marsh Harbor, Abaco, the bahamas",https://youtu.be/D8wvAgKNK5Q
2_0580_001,2,580,2_0580,B039,26.55462,-77.10587,data/raw/FRAME/2_0580.jpg,data/raw/MASK/2_0580_B0XX_0_Level2.jpg,data/raw/JSON/2_0580.json,2_0580_B0XX_0_Level2.jpg,2,2,Moderate damage,1,0,1096,312,1279,391,184,80,0.011698133680555556,0.9243025925238847,0.4885177369652372,09 September 2019,"Marsh Harbor, Abaco, the bahamas",https://youtu.be/D8wvAgKNK5Q
2_0580_002,2,580,2_0580,B063,26.55484,-77.10545,data/raw/FRAME/2_0580.jpg,data/raw/MASK/2_0580_B0XX_0_Level3.jpg,data/raw/JSON/2_0580.json,2_0580_B0XX_0_Level3.jpg,3,3,Severe damage,1,0,544,272,703,343,160,72,0.009029947916666666,0.48460509417808223,0.4278603901305776,09 September 2019,"Marsh Harbor, Abaco, the bahamas",https://youtu.be/D8wvAgKNK5Q
2_0580_003,2,580,2_0580,B064,26.55489,-77.10531,data/raw/FRAME/2_0580.jpg,data/raw/MASK/2_0580_B0XX_0_Level4.jpg,data/raw/JSON/2_0580.json,2_0580_B0XX_0_Level4.jpg,4,4,Destruction,1,0,408,264,535,327,128,64,0.006941189236111111,0.3733275851961857,0.4105253330554253,09 September 2019,"Marsh Harbor, Abaco, the bahamas",https://youtu.be/D8wvAgKNK5Q
2_0580_004,2,580,2_0580,B061,26.55506,-77.1055,data/raw/FRAME/2_0580.jpg,data/raw/MASK/2_0580_B0XX_0_Level5.jpg,data/raw/JSON/2_0580.json,2_0580_B0XX_0_Level5.jpg,5,5,Destroyed or under construction,1,0,304,304,463,407,160,104,0.012823350694444444,0.30204659999576916,0.4959536770651173,09 September 2019,"Marsh Harbor, Abaco, the bahamas",https://youtu.be/D8wvAgKNK5Q
2_0580_005,2,580,2_0580,B053,26.5543,-77.10527,data/raw/FRAME/2_0580.jpg,data/raw/MASK/2_0580_B0XX_1_Level0.jpg,data/raw/JSON/2_0580.json,2_0580_B0XX_1_Level0.jpg,0,0,No or very minor damage,1,0,848,200,1071,255,224,56,0.010618489583333333,0.748443487507664,0.31311439811976294,09 September 2019,"Marsh Harbor, Abaco, the bahamas",https://youtu.be/D8wvAgKNK5Q
2_0580_006,2,580,2_0580,B043,26.55483,-77.10572,data/raw/FRAME/2_0580.jpg,data/raw/MASK/2_0580_B0XX_1_Level3.jpg,data/raw/JSON/2_0580.json,2_0580_B0XX_1_Level3.jpg,3,3,Severe damage,1,0,680,312,1015,415,336,104,0.030679253472222223,0.6603853418776968,0.49836407417886874,09 September 2019,"Marsh Harbor, Abaco, the bahamas",https://youtu.be/D8wvAgKNK5Q
2_0580_007,2,580,2_0580,B060,26.55521,-77.1059,data/raw/FRAME/2_0580.jpg,data/raw/MASK/2_0580_B0XX_1_Level4.jpg,data/raw/JSON/2_0580.json,2_0580_B0XX_1_Level4.jpg,4,4,Destruction,1,0,344,456,527,631,184,176,0.029456380208333334,0.3402894714425167,0.7593294020620244,09 September 2019,"Marsh Harbor, Abaco, the bahamas",https://youtu.be/D8wvAgKNK5Q
2_0580_008,2,580,2_0580,B040,26.55429,-77.10577,data/raw/FRAME/2_0580.jpg,data/raw/MASK/2_0580_B0XX_2_Level0.jpg,data/raw/JSON/2_0580.json,2_0580_B0XX_2_Level0.jpg,0,0,No or very minor damage,1,0,1168,240,1279,319,112,80,0.007532552083333333,0.9617544250576202,0.3872124987995775,09 September 2019,"Marsh Harbor, Abaco, the bahamas",https://youtu.be/D8wvAgKNK5Q
2_0593_000,2,593,2_0593,B062,26.55472,-77.10488,data/raw/FRAME/2_0593.jpg,data/raw/MASK/2_0593_B0XX_0_Level0.jpg,data/raw/JSON/2_0593.json,2_0593_B0XX_0_Level0.jpg,0,0,No or very minor damage,1,1,696,200,911,263,216,64,0.012036675347222222,0.6260137305057244,0.31782680769654537,09 September 2019,"Marsh Harbor, Abaco, the bahamas",https://youtu.be/D8wvAgKNK5Q
2_0593_001,2,593,2_0593,B065,26.55531,-77.10531,data/raw/FRAME/2_0593.jpg,data/raw/MASK/2_0593_B0XX_0_Level1.jpg,data/raw/JSON/2_0593.json,2_0593_B0XX_0_Level1.jpg,1,1,Minor damage,1,1,176,224,431,399,256,176,0.02750434027777778,0.23524541507219504,0.43419352611645884,09 September 2019,"Marsh Harbor, Abaco, the bahamas",https://youtu.be/D8wvAgKNK5Q
2_0593_002,2,593,2_0593,B066,26.55546,-77.10513,data/raw/FRAME/2_0593.jpg,data/raw/MASK/2_0593_B0XX_0_Level3.jpg,data/raw/JSON/2_0593.json,2_0593_B0XX_0_Level3.jpg,3,3,Severe damage,1,1,0,288,127,367,128,80,0.008712022569444445,0.04555391004483746,0.45005916054303147,09 September 2019,"Marsh Harbor, Abaco, the bahamas",https://youtu.be/D8wvAgKNK5Q
2_0593_003,2,593,2_0593,B061,26.55506,-77.1055,data/raw/FRAME/2_0593.jpg,data/raw/MASK/2_0593_B0XX_0_Level4.jpg,data/raw/JSON/2_0593.json,2_0593_B0XX_0_Level4.jpg,4,4,Destruction,1,1,616,272,879,431,264,160,0.02490668402777778,0.581700561448985,0.4961606183381255,09 September 2019,"Marsh Harbor, Abaco, the bahamas",https://youtu.be/D8wvAgKNK5Q
2_0593_004,2,593,2_0593,B043,26.55483,-77.10572,data/raw/FRAME/2_0593.jpg,data/raw/MASK/2_0593_B0XX_1_Level3.jpg,data/raw/JSON/2_0593.json,2_0593_B0XX_1_Level3.jpg,3,3,Severe damage,1,1,1040,352,1279,471,240,120,0.026529947916666668,0.9071234023517383,0.5722022267666439,09 September 2019,"Marsh Harbor, Abaco, the bahamas",https://youtu.be/D8wvAgKNK5Q
2_0593_005,2,593,2_0593,B063,26.55484,-77.10545,data/raw/FRAME/2_0593.jpg,data/raw/MASK/2_0593_B0XX_1_Level4.jpg,data/raw/JSON/2_0593.json,2_0593_B0XX_1_Level4.jpg,4,4,Destruction,1,1,880,280,1063,375,184,96,0.012870008680555555,0.7623077997217773,0.45530004964917703,09 September 2019,"Marsh Harbor, Abaco, the bahamas",https://youtu.be/D8wvAgKNK5Q
2_0593_006,2,593,2_0593,B060,26.55521,-77.1059,data/raw/FRAME/2_0593.jpg,data/raw/MASK/2_0593_B0XX_2_Level4.jpg,data/raw/JSON/2_0593.json,2_0593_B0XX_2_Level4.jpg,4,4,Destruction,1,1,624,520,847,719,224,200,0.040540364583333335,0.5753190072801242,0.8713045117142195,09 September 2019,"Marsh Harbor, Abaco, the bahamas",https://youtu.be/D8wvAgKNK5Q
2_0597_000,2,597,2_0597,B062,26.55472,-77.10488,data/raw/FRAME/2_0597.jpg,data/raw/MASK/2_0597_B0XX_0_Level0.jpg,data/raw/JSON/2_0597.json,2_0597_B0XX_0_Level0.jpg,0,0,No or very minor damage,1,1,816,208,1039,271,224,64,0.011957465277777777,0.7266000028357531,0.3272765426497278,09 September 2019,"Marsh Harbor, Abaco, the bahamas",https://youtu.be/D8wvAgKNK5Q
2_0597_001,2,597,2_0597,B065,26.55531,-77.10531,data/raw/FRAME/2_0597.jpg,data/raw/MASK/2_0597_B0XX_0_Level1.jpg,data/raw/JSON/2_0597.json,2_0597_B0XX_0_Level1.jpg,1,1,Minor damage,1,1,280,232,551,399,272,168,0.02818359375,0.32259137141949645,0.43983850303294747,09 September 2019,"Marsh Harbor, Abaco, the bahamas",https://youtu.be/D8wvAgKNK5Q
2_0597_002,2,597,2_0597,B066,26.55546,-77.10513,data/raw/FRAME/2_0597.jpg,data/raw/MASK/2_0597_B0XX_0_Level2.jpg,data/raw/JSON/2_0597.json,2_0597_B0XX_0_Level2.jpg,2,2,Moderate damage,1,1,16,272,239,367,224,96,0.015260416666666667,0.09906671066197384,0.4452520620022753,09 September 2019,"Marsh Harbor, Abaco, the bahamas",https://youtu.be/D8wvAgKNK5Q
2_0597_003,2,597,2_0597,B061,26.55506,-77.1055,data/raw/FRAME/2_0597.jpg,data/raw/MASK/2_0597_B0XX_0_Level4.jpg,data/raw/JSON/2_0597.json,2_0597_B0XX_0_Level4.jpg,4,4,Destruction,1,1,728,288,1023,455,296,168,0.02818576388888889,0.6793318832768709,0.5176243883242652,09 September 2019,"Marsh Harbor, Abaco, the bahamas",https://youtu.be/D8wvAgKNK5Q
2_0597_004,2,597,2_0597,B043,26.55483,-77.10572,data/raw/FRAME/2_0597.jpg,data/raw/MASK/2_0597_B0XX_1_Level2.jpg,data/raw/JSON/2_0597.json,2_0597_B0XX_1_Level2.jpg,2,2,Moderate damage,1,1,1184,384,1279,519,96,136,0.011380208333333334,0.9674802452803204,0.6215338693957115,09 September 2019,"Marsh Harbor, Abaco, the bahamas",https://youtu.be/D8wvAgKNK5Q
2_0597_005,2,597,2_0597,B060,26.55521,-77.1059,data/raw/FRAME/2_0597.jpg,data/raw/MASK/2_0597_B0XX_4_Level4.jpg,data/raw/JSON/2_0597.json,2_0597_B0XX_4_Level4.jpg,4,4,Destruction,1,1,729,560,975,719,247,160,0.03446072048611111,0.6720129038225384,0.8998414710090928,09 September 2019,"Marsh Harbor, Abaco, the bahamas",https://youtu.be/D8wvAgKNK5Q
2_0606_000,2,606,2_0606,B062,26.55472,-77.10488,data/raw/FRAME/2_0606.jpg,data/raw/MASK/2_0606_B0XX_0_Level0.jpg,data/raw/JSON/2_0606.json,2_0606_B0XX_0_Level0.jpg,0,0,No or very minor damage,1,1,888,288,1135,351,248,64,0.014327256944444445,0.7927296534194184,0.4442323874920058,09 September 2019,"Marsh Harbor, Abaco, the bahamas",https://youtu.be/D8wvAgKNK5Q
2_0606_001,2,606,2_0606,B067,26.55523,-77.10502,data/raw/FRAME/2_0606.jpg,data/raw/MASK/2_0606_B0XX_0_Level1.jpg,data/raw/JSON/2_0606.json,2_0606_B0XX_0_Level1.jpg,1,1,Minor damage,1,1,392,312,607,415,216,104,0.016118706597222223,0.3910254859474924,0.5057902314970643,09 September 2019,"Marsh Harbor, Abaco, the bahamas",https://youtu.be/D8wvAgKNK5Q
2_0606_002,2,606,2_0606,B066,26.55546,-77.10513,data/raw/FRAME/2_0606.jpg,data/raw/MASK/2_0606_B0XX_0_Level2.jpg,data/raw/JSON/2_0606.json,2_0606_B0XX_0_Level2.jpg,2,2,Moderate damage,1,1,48,360,279,455,232,96,0.016806640625,0.12761581808057332,0.5693784477873186,09 September 2019,"Marsh Harbor, Abaco, the bahamas",https://youtu.be/D8wvAgKNK5Q
2_0606_003,2,606,2_0606,B061,26.55506,-77.1055,data/raw/FRAME/2_0606.jpg,data/raw/MASK/2_0606_B0XX_0_Level4.jpg,data/raw/JSON/2_0606.json,2_0606_B0XX_0_Level4.jpg,4,4,Destruction,1,1,800,384,1111,567,312,184,0.03397569444444445,0.7460141579107051,0.6637226409470277,09 September 2019,"Marsh Harbor, Abaco, the bahamas",https://youtu.be/D8wvAgKNK5Q
2_0606_004,2,606,2_0606,B065,26.55531,-77.10531,data/raw/FRAME/2_0606.jpg,data/raw/MASK/2_0606_B0XX_1_Level0.jpg,data/raw/JSON/2_0606.json,2_0606_B0XX_1_Level0.jpg,0,0,No or very minor damage,1,1,328,392,519,503,192,112,0.01625217013888889,0.33319003288155963,0.6247515800952509,09 September 2019,"Marsh Harbor, Abaco, the bahamas",https://youtu.be/D8wvAgKNK5Q
2_0609_000,2,609,2_0609,B062,26.55472,-77.10488,data/raw/FRAME/2_0609.jpg,data/raw/MASK/2_0609_B0XX_0_Level0.jpg,data/raw/JSON/2_0609.json,2_0609_B0XX_0_Level0.jpg,0,0,No or very minor damage,1,1,896,288,1143,359,248,72,0.014710286458333333,0.794691971859556,0.4495979936564136,09 September 2019,"Marsh Harbor, Abaco, the bahamas",https://youtu.be/D8wvAgKNK5Q
2_0609_001,2,609,2_0609,B067,26.55523,-77.10502,data/raw/FRAME/2_0609.jpg,data/raw/MASK/2_0609_B0XX_0_Level1.jpg,data/raw/JSON/2_0609.json,2_0609_B0XX_0_Level1.jpg,1,1,Minor damage,1,1,376,320,607,423,232,104,0.016995442708333332,0.3894666171870012,0.5148407960728397,09 September 2019,"Marsh Harbor, Abaco, the bahamas",https://youtu.be/D8wvAgKNK5Q
2_0609_002,2,609,2_0609,B066,26.55546,-77.10513,data/raw/FRAME/2_0609.jpg,data/raw/MASK/2_0609_B0XX_0_Level3.jpg,data/raw/JSON/2_0609.json,2_0609_B0XX_0_Level3.jpg,3,3,Severe damage,1,1,40,360,271,463,232,104,0.018071831597222223,0.11701398791654158,0.5731355282030755,09 September 2019,"Marsh Harbor, Abaco, the bahamas",https://youtu.be/D8wvAgKNK5Q
2_0609_003,2,609,2_0609,B063,26.55484,-77.10545,data/raw/FRAME/2_0609.jpg,data/raw/MASK/2_0609_B0XX_0_Level4.jpg,data/raw/JSON/2_0609.json,2_0609_B0XX_0_Level4.jpg,4,4,Destruction,1,1,1136,416,1279,517,144,102,0.012924262152777777,0.9453494275249769,0.6469396869373781,09 September 2019,"Marsh Harbor, Abaco, the bahamas",https://youtu.be/D8wvAgKNK5Q
2_0609_004,2,609,2_0609,B061,26.55506,-77.1055,data/raw/FRAME/2_0609.jpg,data/raw/MASK/2_0609_B0XX_0_Level5.jpg,data/raw/JSON/2_0609.json,2_0609_B0XX_0_Level5.jpg,5,5,Destroyed or under construction,1,1,808,384,1119,583,312,200,0.037582465277777775,0.7515421319219887,0.6786599684336143,09 September 2019,"Marsh Harbor, Abaco, the bahamas",https://youtu.be/D8wvAgKNK5Q
2_0609_005,2,609,2_0609,B065,26.55531,-77.10531,data/raw/FRAME/2_0609.jpg,data/raw/MASK/2_0609_B0XX_1_Level0.jpg,data/raw/JSON/2_0609.json,2_0609_B0XX_1_Level0.jpg,0,0,No or very minor damage,1,1,320,400,519,511,200,112,0.017413194444444443,0.3274300146435693,0.6351179101584137,09 September 2019,"Marsh Harbor, Abaco, the bahamas",https://youtu.be/D8wvAgKNK5Q
2_0612_000,2,612,2_0612,B062,26.55472,-77.10488,data/raw/FRAME/2_0612.jpg,data/raw/MASK/2_0612_B0XX_0_Level0.jpg,data/raw/JSON/2_0612.json,2_0612_B0XX_0_Level0.jpg,0,0,No or very minor damage,1,1,896,288,1151,359,256,72,0.014512803819444444,0.7999209112149532,0.4513673935617861,09 September 2019,"Marsh Harbor, Abaco, the bahamas",https://youtu.be/D8wvAgKNK5Q
2_0612_001,2,612,2_0612,B067,26.55523,-77.10502,data/raw/FRAME/2_0612.jpg,data/raw/MASK/2_0612_B0XX_0_Level1.jpg,data/raw/JSON/2_0612.json,2_0612_B0XX_0_Level1.jpg,1,1,Minor damage,1,1,376,320,599,431,224,112,0.017860243055555555,0.38261433968712033,0.5231638990144458,09 September 2019,"Marsh Harbor, Abaco, the bahamas",https://youtu.be/D8wvAgKNK5Q
2_0612_002,2,612,2_0612,B043,26.55483,-77.10572,data/raw/FRAME/2_0612.jpg,data/raw/MASK/2_0612_B0XX_0_Level3.jpg,data/raw/JSON/2_0612.json,2_0612_B0XX_0_Level3.jpg,3,3,Severe damage,1,1,632,240,767,287,136,48,0.0049717881944444445,0.5491788520296813,0.3670631456423687,09 September 2019,"Marsh Harbor, Abaco, the bahamas",https://youtu.be/D8wvAgKNK5Q
2_0612_003,2,612,2_0612,B061,26.55506,-77.1055,data/raw/FRAME/2_0612.jpg,data/raw/MASK/2_0612_B0XX_0_Level5.jpg,data/raw/JSON/2_0612.json,2_0612_B0XX_0_Level5.jpg,5,5,Destroyed or under construction,1,1,808,394,1135,599,328,206,0.039013671875,0.7548106139618969,0.6942985444768924,09 September 2019,"Marsh Harbor, Abaco, the bahamas",https://youtu.be/D8wvAgKNK5Q
2_0612_004,2,612,2_0612,B065,26.55531,-77.10531,data/raw/FRAME/2_0612.jpg,data/raw/MASK/2_0612_B0XX_1_Level0.jpg,data/raw/JSON/2_0612.json,2_0612_B0XX_1_Level0.jpg,0,0,No or very minor damage,1,1,304,408,511,527,208,120,0.019032118055555554,0.3197111958380844,0.6511598885088052,09 September 2019,"Marsh Harbor, Abaco, the bahamas",https://youtu.be/D8wvAgKNK5Q
2_0612_005,2,612,2_0612,B066,26.55546,-77.10513,data/raw/FRAME/2_0612.jpg,data/raw/MASK/2_0612_B0XX_1_Level3.jpg,data/raw/JSON/2_0612.json,2_0612_B0XX_1_Level3.jpg,3,3,Severe damage,1,1,16,376,255,471,240,96,0.018932291666666667,0.10605446362047226,0.5857970827602017,09 September 2019,"Marsh Harbor, Abaco, the bahamas",https://youtu.be/D8wvAgKNK5Q
2_0625_000,2,625,2_0625,B062,26.55472,-77.10488,data/raw/FRAME/2_0625.jpg,data/raw/MASK/2_0625_B0XX_0_Level0.jpg,data/raw/JSON/2_0625.json,2_0625_B0XX_0_Level0.jpg,0,0,No or very minor damage,1,1,920,312,1191,383,272,72,0.017935112847222223,0.823641166661625,0.48076436364369696,09 September 2019,"Marsh Harbor, Abaco, the bahamas",https://youtu.be/D8wvAgKNK5Q
2_0625_001,2,625,2_0625,B067,26.55523,-77.10502,data/raw/FRAME/2_0625.jpg,data/raw/MASK/2_0625_B0XX_0_Level1.jpg,data/raw/JSON/2_0625.json,2_0625_B0XX_0_Level1.jpg,1,1,Minor damage,1,1,336,344,591,471,256,128,0.022879774305555555,0.3601944862705112,0.5659319769831483,09 September 2019,"Marsh Harbor, Abaco, the bahamas",https://youtu.be/D8wvAgKNK5Q
2_0625_002,2,625,2_0625,B066,26.55546,-77.10513,data/raw/FRAME/2_0625.jpg,data/raw/MASK/2_0625_B0XX_0_Level2.jpg,data/raw/JSON/2_0625.json,2_0625_B0XX_0_Level2.jpg,2,2,Moderate damage,1,1,0,408,207,519,208,112,0.018700086805555554,0.07423094428165254,0.646771885033461,09 September 2019,"Marsh Harbor, Abaco, the bahamas",https://youtu.be/D8wvAgKNK5Q
2_0625_003,2,625,2_0625,B043,26.55483,-77.10572,data/raw/FRAME/2_0625.jpg,data/raw/MASK/2_0625_B0XX_0_Level3.jpg,data/raw/JSON/2_0625.json,2_0625_B0XX_0_Level3.jpg,3,3,Severe damage,1,1,624,248,775,303,152,56,0.006440972222222222,0.5483365534450809,0.38411037174303686,09 September 2019,"Marsh Harbor, Abaco, the bahamas",https://youtu.be/D8wvAgKNK5Q
2_0625_004,2,625,2_0625,B061,26.55506,-77.1055,data/raw/FRAME/2_0625.jpg,data/raw/MASK/2_0625_B0XX_0_Level5.jpg,data/raw/JSON/2_0625.json,2_0625_B0XX_0_Level5.jpg,5,5,Destroyed or under construction,1,1,824,432,1183,703,360,272,0.05677842881944444,0.7802194612723833,0.7939573897478038,09 September 2019,"Marsh Harbor, Abaco, the bahamas",https://youtu.be/D8wvAgKNK5Q
2_0625_005,2,625,2_0625,B065,26.55531,-77.10531,data/raw/FRAME/2_0625.jpg,data/raw/MASK/2_0625_B0XX_1_Level0.jpg,data/raw/JSON/2_0625.json,2_0625_B0XX_1_Level0.jpg,0,0,No or very minor damage,1,1,240,448,487,583,248,136,0.025257161458333333,0.282716643575203,0.7259133956743185,09 September 2019,"Marsh Harbor, Abaco, the bahamas",https://youtu.be/D8wvAgKNK5Q
2_0625_006,2,625,2_0625,B068,26.55527,-77.10462,data/raw/FRAME/2_0625.jpg,data/raw/MASK/2_0625_B0XX_1_Level3.jpg,data/raw/JSON/2_0625.json,2_0625_B0XX_1_Level3.jpg,3,3,Severe damage,1,1,280,288,447,351,168,64,0.0074370659722222225,0.28925479190983366,0.44656384755049766,09 September 2019,"Marsh Harbor, Abaco, the bahamas",https://youtu.be/D8wvAgKNK5Q
2_0635_000,2,635,2_0635,B067,26.55523,-77.10502,data/raw/FRAME/2_0635.jpg,data/raw/MASK/2_0635_B0XX_0_Level1.jpg,data/raw/JSON/2_0635.json,2_0635_B0XX_0_Level1.jpg,1,1,Minor damage,1,1,280,384,567,535,288,152,0.029975043402777776,0.3298379242081448,0.6404574660633484,09 September 2019,"Marsh Harbor, Abaco, the bahamas",https://youtu.be/D8wvAgKNK5Q
2_0635_001,2,635,2_0635,B064,26.55489,-77.10531,data/raw/FRAME/2_0635.jpg,data/raw/MASK/2_0635_B0XX_0_Level5.jpg,data/raw/JSON/2_0635.json,2_0635_B0XX_0_Level5.jpg,5,5,Destroyed or under construction,1,1,1040,504,1263,647,224,144,0.026090494791666665,0.9033333008421709,0.7918929206811303,09 September 2019,"Marsh Harbor, Abaco, the bahamas",https://youtu.be/D8wvAgKNK5Q
2_0635_002,2,635,2_0635,B065,26.55531,-77.10531,data/raw/FRAME/2_0635.jpg,data/raw/MASK/2_0635_B0XX_1_Level1.jpg,data/raw/JSON/2_0635.json,2_0635_B0XX_1_Level1.jpg,1,1,Minor damage,1,1,136,528,447,703,312,176,0.03760091145833333,0.22949282439471327,0.8624517437964325,09 September 2019,"Marsh Harbor, Abaco, the bahamas",https://youtu.be/D8wvAgKNK5Q
2_0638_000,2,638,2_0638,B065,26.55531,-77.10531,data/raw/FRAME/2_0638.jpg,data/raw/MASK/2_0638_B0XX_0_Level0.jpg,data/raw/JSON/2_0638.json,2_0638_B0XX_0_Level0.jpg,0,0,No or very minor damage,1,1,96,568,431,719,336,152,0.03929470486111111,0.21054670241481194,0.9075670167461325,09 September 2019,"Marsh Harbor, Abaco, the bahamas",https://youtu.be/D8wvAgKNK5Q
2_0638_001,2,638,2_0638,B062,26.55472,-77.10488,data/raw/FRAME/2_0638.jpg,data/raw/MASK/2_0638_B0XX_0_Level1.jpg,data/raw/JSON/2_0638.json,2_0638_B0XX_0_Level1.jpg,1,1,Minor damage,1,1,944,352,1255,439,312,88,0.023447265625,0.8620813014831784,0.5472670852165507,09 September 2019,"Marsh Harbor, Abaco, the bahamas",https://youtu.be/D8wvAgKNK5Q
2_0638_002,2,638,2_0638,B043,26.55483,-77.10572,data/raw/FRAME/2_0638.jpg,data/raw/MASK/2_0638_B0XX_0_Level3.jpg,data/raw/JSON/2_0638.json,2_0638_B0XX_0_Level3.jpg,3,3,Severe damage,1,1,616,272,783,327,168,56,0.007276475694444445,0.5462377441843126,0.419480896046658,09 September 2019,"Marsh Harbor, Abaco, the bahamas",https://youtu.be/D8wvAgKNK5Q
2_0638_003,2,638,2_0638,B064,26.55489,-77.10531,data/raw/FRAME/2_0638.jpg,data/raw/MASK/2_0638_B0XX_0_Level4.jpg,data/raw/JSON/2_0638.json,2_0638_B0XX_0_Level4.jpg,4,4,Destruction,1,1,1064,536,1279,687,216,152,0.026726345486111112,0.9231525123320207,0.8403334889637719,09 September 2019,"Marsh Harbor, Abaco, the bahamas",https://youtu.be/D8wvAgKNK5Q
2_0638_004,2,638,2_0638,B067,26.55523,-77.10502,data/raw/FRAME/2_0638.jpg,data/raw/MASK/2_0638_B0XX_1_Level1.jpg,data/raw/JSON/2_0638.json,2_0638_B0XX_1_Level1.jpg,1,1,Minor damage,1,1,264,408,567,567,304,160,0.03418402777777778,0.3223282410566912,0.6703845807939732,09 September 2019,"Marsh Harbor, Abaco, the bahamas",https://youtu.be/D8wvAgKNK5Q
2_0638_005,2,638,2_0638,B068,26.55527,-77.10462,data/raw/FRAME/2_0638.jpg,data/raw/MASK/2_0638_B0XX_1_Level3.jpg,data/raw/JSON/2_0638.json,2_0638_B0XX_1_Level3.jpg,3,3,Severe damage,1,1,232,328,407,399,176,72,0.010709635416666667,0.25078940286220874,0.5086060452549814,09 September 2019,"Marsh Harbor, Abaco, the bahamas",https://youtu.be/D8wvAgKNK5Q
2_0641_000,2,641,2_0641,B062,26.55472,-77.10488,data/raw/FRAME/2_0641.jpg,data/raw/MASK/2_0641_B0XX_0_Level1.jpg,data/raw/JSON/2_0641.json,2_0641_B0XX_0_Level1.jpg,1,1,Minor damage,1,1,952,360,1279,455,328,96,0.02551323784722222,0.8752931556479394,0.5672412306194682,09 September 2019,"Marsh Harbor, Abaco, the bahamas",https://youtu.be/D8wvAgKNK5Q
2_0641_001,2,641,2_0641,B069,26.55457,-77.1046,data/raw/FRAME/2_0641.jpg,data/raw/MASK/2_0641_B0XX_0_Level2.jpg,data/raw/JSON/2_0641.json,2_0641_B0XX_0_Level2.jpg,2,2,Moderate damage,1,1,992,312,1191,375,200,64,0.011229383680555555,0.8517777985795728,0.47746507982521125,09 September 2019,"Marsh Harbor, Abaco, the bahamas",https://youtu.be/D8wvAgKNK5Q
2_0641_002,2,641,2_0641,B043,26.55483,-77.10572,data/raw/FRAME/2_0641.jpg,data/raw/MASK/2_0641_B0XX_0_Level3.jpg,data/raw/JSON/2_0641.json,2_0641_B0XX_0_Level3.jpg,3,3,Severe damage,1,1,616,280,783,335,168,56,0.007290581597222222,0.5442087038621819,0.4283737245952606,09 September 2019,"Marsh Harbor, Abaco, the bahamas",https://youtu.be/D8wvAgKNK5Q
2_0641_003,2,641,2_0641,B064,26.55489,-77.10531,data/raw/FRAME/2_0641.jpg,data/raw/MASK/2_0641_B0XX_0_Level5.jpg,data/raw/JSON/2_0641.json,2_0641_B0XX_0_Level5.jpg,5,5,Destroyed or under construction,1,1,1032,560,1279,719,248,160,0.03271701388888889,0.9147005432890024,0.8888820715780784,09 September 2019,"Marsh Harbor, Abaco, the bahamas",https://youtu.be/D8wvAgKNK5Q
2_0641_004,2,641,2_0641,B068,26.55527,-77.10462,data/raw/FRAME/2_0641.jpg,data/raw/MASK/2_0641_B0XX_1_Level3.jpg,data/raw/JSON/2_0641.json,2_0641_B0XX_1_Level3.jpg,3,3,Severe damage,1,1,208,336,391,423,184,88,0.012061631944444444,0.2318373431315221,0.5261252548878493,09 September 2019,"Marsh Harbor, Abaco, the bahamas",https://youtu.be/D8wvAgKNK5Q
2_0641_005,2,641,2_0641,B067,26.55523,-77.10502,data/raw/FRAME/2_0641.jpg,data/raw/MASK/2_0641_B0XX_2_Level1.jpg,data/raw/JSON/2_0641.json,2_0641_B0XX_2_Level1.jpg,1,1,Minor damage,1,1,240,424,567,599,328,176,0.0408984375,0.30976514827416957,0.7071258858348958,09 September 2019,"Marsh Harbor, Abaco, the bahamas",https://youtu.be/D8wvAgKNK5Q
2_0641_006,2,641,2_0641,B065,26.55531,-77.10531,data/raw/FRAME/2_0641.jpg,data/raw/MASK/2_0641_B0XX_4_Level1.jpg,data/raw/JSON/2_0641.json,2_0641_B0XX_4_Level1.jpg,1,1,Minor damage,1,1,48,600,407,719,360,120,0.030068359375,0.1962030533903504,0.9339021507704521,09 September 2019,"Marsh Harbor, Abaco, the bahamas",https://youtu.be/D8wvAgKNK5Q
2_0644_000,2,644,2_0644,B062,26.55472,-77.10488,data/raw/FRAME/2_0644.jpg,data/raw/MASK/2_0644_B0XX_0_Level1.jpg,data/raw/JSON/2_0644.json,2_0644_B0XX_0_Level1.jpg,1,1,Minor damage,1,1,968,320,1279,471,312,152,0.03739040798611111,0.8749135521561856,0.5539372877912883,09 September 2019,"Marsh Harbor, Abaco, the bahamas",https://youtu.be/D8wvAgKNK5Q
2_0644_001,2,644,2_0644,B043,26.55483,-77.10572,data/raw/FRAME/2_0644.jpg,data/raw/MASK/2_0644_B0XX_0_Level3.jpg,data/raw/JSON/2_0644.json,2_0644_B0XX_0_Level3.jpg,3,3,Severe damage,1,1,616,288,791,343,176,56,0.007383897569444444,0.5489052167523879,0.43720691485019186,09 September 2019,"Marsh Harbor, Abaco, the bahamas",https://youtu.be/D8wvAgKNK5Q
2_0644_002,2,644,2_0644,B064,26.55489,-77.10531,data/raw/FRAME/2_0644.jpg,data/raw/MASK/2_0644_B0XX_0_Level5.jpg,data/raw/JSON/2_0644.json,2_0644_B0XX_0_Level5.jpg,5,5,Destroyed or under construction,1,1,1048,600,1279,719,232,120,0.011998697916666667,0.9042187358699584,0.8961264845963707,09 September 2019,"Marsh Harbor, Abaco, the bahamas",https://youtu.be/D8wvAgKNK5Q
2_0644_003,2,644,2_0644,B067,26.55523,-77.10502,data/raw/FRAME/2_0644.jpg,data/raw/MASK/2_0644_B0XX_1_Level1.jpg,data/raw/JSON/2_0644.json,2_0644_B0XX_1_Level1.jpg,1,1,Minor damage,1,1,200,440,551,631,352,192,0.04715277777777778,0.29336895724986195,0.7393095570487646,09 September 2019,"Marsh Harbor, Abaco, the bahamas",https://youtu.be/D8wvAgKNK5Q
2_0644_004,2,644,2_0644,B068,26.55527,-77.10462,data/raw/FRAME/2_0644.jpg,data/raw/MASK/2_0644_B0XX_1_Level3.jpg,data/raw/JSON/2_0644.json,2_0644_B0XX_1_Level3.jpg,3,3,Severe damage,1,1,176,352,383,431,208,80,0.012376302083333334,0.21909870627301423,0.5431610068774719,09 September 2019,"Marsh Harbor, Abaco, the bahamas",https://youtu.be/D8wvAgKNK5Q
2_0657_000,2,657,2_0657,B062,26.55472,-77.10488,data/raw/FRAME/2_0657.jpg,data/raw/MASK/2_0657_B0XX_0_Level1.jpg,data/raw/JSON/2_0657.json,2_0657_B0XX_0_Level1.jpg,1,1,Minor damage,1,1,1024,432,1279,543,256,112,0.025442708333333335,0.9000807638178097,0.6765957887903257,09 September 2019,"Marsh Harbor, Abaco, the bahamas",https://youtu.be/D8wvAgKNK5Q
2_0657_001,2,657,2_0657,B069,26.55457,-77.1046,data/raw/FRAME/2_0657.jpg,data/raw/MASK/2_0657_B0XX_0_Level2.jpg,data/raw/JSON/2_0657.json,2_0657_B0XX_0_Level2.jpg,2,2,Moderate damage,1,1,1048,344,1279,439,232,96,0.01748589409722222,0.9131482702451132,0.5403757713655325,09 September 2019,"Marsh Harbor, Abaco, the bahamas",https://youtu.be/D8wvAgKNK5Q
2_0657_002,2,657,2_0657,B043,26.55483,-77.10572,data/raw/FRAME/2_0657.jpg,data/raw/MASK/2_0657_B0XX_0_Level3.jpg,data/raw/JSON/2_0657.json,2_0657_B0XX_0_Level3.jpg,3,3,Severe damage,1,1,600,312,799,367,200,56,0.010088975694444445,0.5458955386911164,0.47330668483066846,09 September 2019,"Marsh Harbor, Abaco, the bahamas",https://youtu.be/D8wvAgKNK5Q
2_0657_003,2,657,2_0657,B067,26.55523,-77.10502,data/raw/FRAME/2_0657.jpg,data/raw/MASK/2_0657_B0XX_1_Level1.jpg,data/raw/JSON/2_0657.json,2_0657_B0XX_1_Level1.jpg,1,1,Minor damage,1,1,32,544,511,719,480,176,0.06207465277777778,0.23015860161603272,0.8924169016765332,09 September 2019,"Marsh Harbor, Abaco, the bahamas",https://youtu.be/D8wvAgKNK5Q
2_0657_004,2,657,2_0657,B068,26.55527,-77.10462,data/raw/FRAME/2_0657.jpg,data/raw/MASK/2_0657_B0XX_1_Level3.jpg,data/raw/JSON/2_0657.json,2_0657_B0XX_1_Level3.jpg,3,3,Severe damage,1,1,88,392,327,495,240,104,0.019154730902777778,0.1624241895853396,0.6186689231292132,09 September 2019,"Marsh Harbor, Abaco, the bahamas",https://youtu.be/D8wvAgKNK5Q
2_0661_000,2,661,2_0661,B070,26.55496,-77.10313,data/raw/FRAME/2_0661.jpg,data/raw/MASK/2_0661_B0XX_0_Level1.jpg,data/raw/JSON/2_0661.json,2_0661_B0XX_0_Level1.jpg,1,1,Minor damage,1,1,1064,320,1279,383,216,64,0.011761067708333333,0.9164478388227696,0.485774107902533,09 September 2019,"Marsh Harbor, Abaco, the bahamas",https://youtu.be/D8wvAgKNK5Q
2_0661_001,2,661,2_0661,B069,26.55457,-77.1046,data/raw/FRAME/2_0661.jpg,data/raw/MASK/2_0661_B0XX_0_Level2.jpg,data/raw/JSON/2_0661.json,2_0661_B0XX_0_Level2.jpg,2,2,Moderate damage,1,1,1064,368,1279,455,216,88,0.015942925347222223,0.9216246682093514,0.5646579625974576,09 September 2019,"Marsh Harbor, Abaco, the bahamas",https://youtu.be/D8wvAgKNK5Q
2_0661_002,2,661,2_0661,B043,26.55483,-77.10572,data/raw/FRAME/2_0661.jpg,data/raw/MASK/2_0661_B0XX_0_Level3.jpg,data/raw/JSON/2_0661.json,2_0661_B0XX_0_Level3.jpg,3,3,Severe damage,1,1,600,320,799,383,200,64,0.010830078125,0.5475308555004508,0.48965311870331407,09 September 2019,"Marsh Harbor, Abaco, the bahamas",https://youtu.be/D8wvAgKNK5Q
2_0661_003,2,661,2_0661,B062,26.55472,-77.10488,data/raw/FRAME/2_0661.jpg,data/raw/MASK/2_0661_B0XX_1_Level1.jpg,data/raw/JSON/2_0661.json,2_0661_B0XX_1_Level1.jpg,1,1,Minor damage,1,1,1040,456,1279,567,240,112,0.02551323784722222,0.9087984572364224,0.7099054541931886,09 September 2019,"Marsh Harbor, Abaco, the bahamas",https://youtu.be/D8wvAgKNK5Q
2_0661_004,2,661,2_0661,B068,26.55527,-77.10462,data/raw/FRAME/2_0661.jpg,data/raw/MASK/2_0661_B0XX_1_Level3.jpg,data/raw/JSON/2_0661.json,2_0661_B0XX_1_Level3.jpg,3,3,Severe damage,1,1,48,408,303,519,256,112,0.021891276041666668,0.1385039498141264,0.6498825554178714,09 September 2019,"Marsh Harbor, Abaco, the bahamas",https://youtu.be/D8wvAgKNK5Q
2_0661_005,2,661,2_0661,B067,26.55523,-77.10502,data/raw/FRAME/2_0661.jpg,data/raw/MASK/2_0661_B0XX_2_Level1.jpg,data/raw/JSON/2_0661.json,2_0661_B0XX_2_Level1.jpg,1,1,Minor damage,1,1,24,584,495,719,472,136,0.04984049479166667,0.2281197954085298,0.9206429291939708,09 September 2019,"Marsh Harbor, Abaco, the bahamas",https://youtu.be/D8wvAgKNK5Q
2_0667_000,2,667,2_0667,B062,26.55472,-77.10488,data/raw/FRAME/2_0667.jpg,data/raw/MASK/2_0667_B0XX_0_Level1.jpg,data/raw/JSON/2_0667.json,2_0667_B0XX_0_Level1.jpg,1,1,Minor damage,1,1,1088,504,1279,631,192,128,0.022427300347222224,0.926001121849146,0.7861909408077583,09 September 2019,"Marsh Harbor, Abaco, the bahamas",https://youtu.be/D8wvAgKNK5Q
2_0667_001,2,667,2_0667,B043,26.55483,-77.10572,data/raw/FRAME/2_0667.jpg,data/raw/MASK/2_0667_B0XX_0_Level3.jpg,data/raw/JSON/2_0667.json,2_0667_B0XX_0_Level3.jpg,3,3,Severe damage,1,1,600,336,807,415,208,80,0.012266710069444445,0.5498151398717381,0.5221383114649368,09 September 2019,"Marsh Harbor, Abaco, the bahamas",https://youtu.be/D8wvAgKNK5Q
2_0667_002,2,667,2_0667,B068,26.55527,-77.10462,data/raw/FRAME/2_0667.jpg,data/raw/MASK/2_0667_B0XX_1_Level3.jpg,data/raw/JSON/2_0667.json,2_0667_B0XX_1_Level3.jpg,3,3,Severe damage,1,1,0,440,263,575,264,136,0.027819010416666668,0.10190936671152195,0.7092036235275763,09 September 2019,"Marsh Harbor, Abaco, the bahamas",https://youtu.be/D8wvAgKNK5Q
2_0670_000,2,670,2_0670,B070,26.55496,-77.10313,data/raw/FRAME/2_0670.jpg,data/raw/MASK/2_0670_B0XX_0_Level0.jpg,data/raw/JSON/2_0670.json,2_0670_B0XX_0_Level0.jpg,0,0,No or very minor damage,1,1,376,216,519,255,144,40,0.004601779513888889,0.3505474829049752,0.32405977363829286,09 September 2019,"Marsh Harbor, Abaco, the bahamas",https://youtu.be/D8wvAgKNK5Q
2_0670_001,2,670,2_0670,B062,26.55472,-77.10488,data/raw/FRAME/2_0670.jpg,data/raw/MASK/2_0670_B0XX_0_Level1.jpg,data/raw/JSON/2_0670.json,2_0670_B0XX_0_Level1.jpg,1,1,Minor damage,1,1,1112,536,1279,663,168,128,0.020766059027777777,0.935861816151113,0.8306305953251821,09 September 2019,"Marsh Harbor, Abaco, the bahamas",https://youtu.be/D8wvAgKNK5Q
2_0670_002,2,670,2_0670,B071,26.55518,-77.10405,data/raw/FRAME/2_0670.jpg,data/raw/MASK/2_0670_B0XX_0_Level2.jpg,data/raw/JSON/2_0670.json,2_0670_B0XX_0_Level2.jpg,2,2,Moderate damage,1,1,216,312,367,383,152,72,0.007588975694444444,0.2272310417858164,0.47948856956756586,09 September 2019,"Marsh Harbor, Abaco, the bahamas",https://youtu.be/D8wvAgKNK5Q
2_0670_003,2,670,2_0670,B072,26.55537,-77.10393,data/raw/FRAME/2_0670.jpg,data/raw/MASK/2_0670_B0XX_0_Level3.jpg,data/raw/JSON/2_0670.json,2_0670_B0XX_0_Level3.jpg,3,3,Severe damage,1,1,0,296,183,367,184,72,0.009710286458333333,0.06584342524304392,0.4585923628959163,09 September 2019,"Marsh Harbor, Abaco, the bahamas",https://youtu.be/D8wvAgKNK5Q
2_0670_004,2,670,2_0670,B068,26.55527,-77.10462,data/raw/FRAME/2_0670.jpg,data/raw/MASK/2_0670_B0XX_0_Level4.jpg,data/raw/JSON/2_0670.json,2_0670_B0XX_0_Level4.jpg,4,4,Destruction,1,1,0,464,247,607,248,144,0.028063151041666668,0.08905960010439624,0.7429319340800027,09 September 2019,"Marsh Harbor, Abaco, the bahamas",https://youtu.be/D8wvAgKNK5Q
2_0670_005,2,670,2_0670,B073,26.55485,-77.10428,data/raw/FRAME/2_0670.jpg,data/raw/MASK/2_0670_B0XX_1_Level3.jpg,data/raw/JSON/2_0670.json,2_0670_B0XX_1_Level3.jpg,3,3,Severe damage,1,1,600,352,807,423,208,72,0.012492404513888888,0.5472619267349952,0.5379879749461961,09 September 2019,"Marsh Harbor, Abaco, the bahamas",https://youtu.be/D8wvAgKNK5Q
2_0670_006,2,670,2_0670,B069,26.55457,-77.1046,data/raw/FRAME/2_0670.jpg,data/raw/MASK/2_0670_B0XX_2_Level3.jpg,data/raw/JSON/2_0670.json,2_0670_B0XX_2_Level3.jpg,3,3,Severe damage,1,1,1120,408,1279,503,160,96,0.013891059027777777,0.9408033778901734,0.6262110737905536,09 September 2019,"Marsh Harbor, Abaco, the bahamas",https://youtu.be/D8wvAgKNK5Q
2_0673_000,2,673,2_0673,B070,26.55496,-77.10313,data/raw/FRAME/2_0673.jpg,data/raw/MASK/2_0673_B0XX_0_Level0.jpg,data/raw/JSON/2_0673.json,2_0673_B0XX_0_Level0.jpg,0,0,No or very minor damage,1,1,360,216,511,255,152,40,0.0050021701388888885,0.340884625813449,0.328102856109906,09 September 2019,"Marsh Harbor, Abaco, the bahamas",https://youtu.be/D8wvAgKNK5Q
2_0673_001,2,673,2_0673,B072,26.55537,-77.10393,data/raw/FRAME/2_0673.jpg,data/raw/MASK/2_0673_B0XX_0_Level1.jpg,data/raw/JSON/2_0673.json,2_0673_B0XX_0_Level1.jpg,1,1,Minor damage,1,1,0,304,167,375,168,72,0.010077039930555556,0.058314629993539355,0.46669837167845135,09 September 2019,"Marsh Harbor, Abaco, the bahamas",https://youtu.be/D8wvAgKNK5Q
2_0673_002,2,673,2_0673,B071,26.55518,-77.10405,data/raw/FRAME/2_0673.jpg,data/raw/MASK/2_0673_B0XX_0_Level2.jpg,data/raw/JSON/2_0673.json,2_0673_B0XX_0_Level2.jpg,2,2,Moderate damage,1,1,200,320,351,391,152,72,0.007931857638888888,0.21474339517783858,0.49357729138166895,09 September 2019,"Marsh Harbor, Abaco, the bahamas",https://youtu.be/D8wvAgKNK5Q
2_0673_003,2,673,2_0673,B074,26.55459,-77.10354,data/raw/FRAME/2_0673.jpg,data/raw/MASK/2_0673_B0XX_0_Level3.jpg,data/raw/JSON/2_0673.json,2_0673_B0XX_0_Level3.jpg,3,3,Severe damage,1,1,736,240,823,287,88,48,0.0035145399305555555,0.6085206661006484,0.3657533189255943,09 September 2019,"Marsh Harbor, Abaco, the bahamas",https://youtu.be/D8wvAgKNK5Q
2_0673_004,2,673,2_0673,B075,26.55469,-77.10397,data/raw/FRAME/2_0673.jpg,data/raw/MASK/2_0673_B0XX_0_Level5.jpg,data/raw/JSON/2_0673.json,2_0673_B0XX_0_Level5.jpg,5,5,Destroyed or under construction,1,1,768,296,847,343,80,48,0.0030989583333333333,0.6293187587535014,0.44725577731092436,09 September 2019,"Marsh Harbor, Abaco, the bahamas",https://youtu.be/D8wvAgKNK5Q
2_0673_005,2,673,2_0673,B062,26.55472,-77.10488,data/raw/FRAME/2_0673.jpg,data/raw/MASK/2_0673_B0XX_1_Level1.jpg,data/raw/JSON/2_0673.json,2_0673_B0XX_1_Level1.jpg,1,1,Minor damage,1,1,1136,560,1279,703,144,144,0.01996636284722222,0.9455313230259226,0.8747996032824302,09 September 2019,"Marsh Harbor, Abaco, the bahamas",https://youtu.be/D8wvAgKNK5Q
2_0673_006,2,673,2_0673,B073,26.55485,-77.10428,data/raw/FRAME/2_0673.jpg,data/raw/MASK/2_0673_B0XX_1_Level3.jpg,data/raw/JSON/2_0673.json,2_0673_B0XX_1_Level3.jpg,3,3,Severe damage,1,1,592,360,815,431,224,72,0.013177083333333334,0.5437497426712781,0.5519570707070708,09 September 2019,"Marsh Harbor, Abaco, the bahamas",https://youtu.be/D8wvAgKNK5Q
2_0673_007,2,673,2_0673,B068,26.55527,-77.10462,data/raw/FRAME/2_0673.jpg,data/raw/MASK/2_0673_B0XX_2_Level3.jpg,data/raw/JSON/2_0673.json,2_0673_B0XX_2_Level3.jpg,3,3,Severe damage,1,1,0,488,223,647,224,160,0.027266710069444443,0.07692652786621036,0.7737526032339793,09 September 2019,"Marsh Harbor, Abaco, the bahamas",https://youtu.be/D8wvAgKNK5Q
2_0676_000,2,676,2_0676,B072,26.55537,-77.10393,data/raw/FRAME/2_0676.jpg,data/raw/MASK/2_0676_B0XX_0_Level1.jpg,data/raw/JSON/2_0676.json,2_0676_B0XX_0_Level1.jpg,1,1,Minor damage,1,1,0,312,143,391,144,80,0.009001736111111111,0.0491851306352459,0.47864516366655957,09 September 2019,"Marsh Harbor, Abaco, the bahamas",https://youtu.be/D8wvAgKNK5Q
2_0676_001,2,676,2_0676,B071,26.55518,-77.10405,data/raw/FRAME/2_0676.jpg,data/raw/MASK/2_0676_B0XX_0_Level2.jpg,data/raw/JSON/2_0676.json,2_0676_B0XX_0_Level2.jpg,2,2,Moderate damage,1,1,184,320,351,399,168,80,0.009096137152777777,0.2036996376595491,0.5038041605365357,09 September 2019,"Marsh Harbor, Abaco, the bahamas",https://youtu.be/D8wvAgKNK5Q
2_0676_002,2,676,2_0676,B073,26.55485,-77.10428,data/raw/FRAME/2_0676.jpg,data/raw/MASK/2_0676_B0XX_0_Level3.jpg,data/raw/JSON/2_0676.json,2_0676_B0XX_0_Level3.jpg,3,3,Severe damage,1,1,584,368,823,447,240,80,0.016251085069444445,0.5472755099485879,0.5715665872856899,09 September 2019,"Marsh Harbor, Abaco, the bahamas",https://youtu.be/D8wvAgKNK5Q
2_0676_003,2,676,2_0676,B062,26.55472,-77.10488,data/raw/FRAME/2_0676.jpg,data/raw/MASK/2_0676_B0XX_1_Level1.jpg,data/raw/JSON/2_0676.json,2_0676_B0XX_1_Level1.jpg,1,1,Minor damage,1,2,1160,592,1279,719,120,128,0.009520399305555555,0.9444383797298836,0.891522617328977,09 September 2019,"Marsh Harbor, Abaco, the bahamas",https://youtu.be/D8wvAgKNK5Q
2_0676_004,2,676,2_0676,B068,26.55527,-77.10462,data/raw/FRAME/2_0676.jpg,data/raw/MASK/2_0676_B0XX_1_Level3.jpg,data/raw/JSON/2_0676.json,2_0676_B0XX_1_Level3.jpg,3,3,Severe damage,1,2,0,512,191,671,192,160,0.025186631944444444,0.0657322317120455,0.8063840302908457,09 September 2019,"Marsh Harbor, Abaco, the bahamas",https://youtu.be/D8wvAgKNK5Q
2_0689_000,2,689,2_0689,B070,26.55496,-77.10313,data/raw/FRAME/2_0689.jpg,data/raw/MASK/2_0689_B0XX_0_Level0.jpg,data/raw/JSON/2_0689.json,2_0689_B0XX_0_Level0.jpg,0,0,No or very minor damage,1,2,328,232,487,287,160,56,0.0064876302083333335,0.32178000606288676,0.3566117987028674,09 September 2019,"Marsh Harbor, Abaco, the bahamas",https://youtu.be/D8wvAgKNK5Q
2_0689_001,2,689,2_0689,B071,26.55518,-77.10405,data/raw/FRAME/2_0689.jpg,data/raw/MASK/2_0689_B0XX_0_Level2.jpg,data/raw/JSON/2_0689.json,2_0689_B0XX_0_Level2.jpg,2,2,Moderate damage,1,2,96,368,279,455,184,88,0.011996527777777778,0.14649645837102027,0.5760152858176556,09 September 2019,"Marsh Harbor, Abaco, the bahamas",https://youtu.be/D8wvAgKNK5Q
2_0689_002,2,689,2_0689,B074,26.55459,-77.10354,data/raw/FRAME/2_0689.jpg,data/raw/MASK/2_0689_B0XX_0_Level3.jpg,data/raw/JSON/2_0689.json,2_0689_B0XX_0_Level3.jpg,3,3,Severe damage,1,2,744,264,831,319,88,56,0.004148220486111111,0.6154443499869212,0.4066316447234575,09 September 2019,"Marsh Harbor, Abaco, the bahamas",https://youtu.be/D8wvAgKNK5Q
2_0689_003,2,689,2_0689,B075,26.55469,-77.10397,data/raw/FRAME/2_0689.jpg,data/raw/MASK/2_0689_B0XX_0_Level5.jpg,data/raw/JSON/2_0689.json,2_0689_B0XX_0_Level5.jpg,5,5,Destroyed or under construction,1,2,776,344,871,391,96,48,0.004367404513888889,0.6439109083850931,0.5097936507936508,09 September 2019,"Marsh Harbor, Abaco, the bahamas",https://youtu.be/D8wvAgKNK5Q
2_0689_004,2,689,2_0689,B073,26.55485,-77.10428,data/raw/FRAME/2_0689.jpg,data/raw/MASK/2_0689_B0XX_1_Level3.jpg,data/raw/JSON/2_0689.json,2_0689_B0XX_1_Level3.jpg,3,3,Severe damage,1,2,560,424,847,519,288,96,0.022735460069444446,0.5482538300004773,0.658220647268755,09 September 2019,"Marsh Harbor, Abaco, the bahamas",https://youtu.be/D8wvAgKNK5Q
2_0693_000,2,693,2_0693,B070,26.55496,-77.10313,data/raw/FRAME/2_0693.jpg,data/raw/MASK/2_0693_B0XX_0_Level0.jpg,data/raw/JSON/2_0693.json,2_0693_B0XX_0_Level0.jpg,0,0,No or very minor damage,1,2,320,232,487,287,168,56,0.007096354166666667,0.3182456517584098,0.3606908341828067,09 September 2019,"Marsh Harbor, Abaco, the bahamas",https://youtu.be/D8wvAgKNK5Q
2_0693_001,2,693,2_0693,B071,26.55518,-77.10405,data/raw/FRAME/2_0693.jpg,data/raw/MASK/2_0693_B0XX_0_Level2.jpg,data/raw/JSON/2_0693.json,2_0693_B0XX_0_Level2.jpg,2,2,Moderate damage,1,2,72,376,263,471,192,96,0.013444010416666667,0.1303538640032284,0.5893312258990225,09 September 2019,"Marsh Harbor, Abaco, the bahamas",https://youtu.be/D8wvAgKNK5Q
2_0693_002,2,693,2_0693,B074,26.55459,-77.10354,data/raw/FRAME/2_0693.jpg,data/raw/MASK/2_0693_B0XX_0_Level3.jpg,data/raw/JSON/2_0693.json,2_0693_B0XX_0_Level3.jpg,3,3,Severe damage,1,2,744,272,847,327,104,56,0.004662543402777778,0.6193698001512684,0.4145902826261216,09 September 2019,"Marsh Harbor, Abaco, the bahamas",https://youtu.be/D8wvAgKNK5Q
2_0693_003,2,693,2_0693,B075,26.55469,-77.10397,data/raw/FRAME/2_0693.jpg,data/raw/MASK/2_0693_B0XX_0_Level5.jpg,data/raw/JSON/2_0693.json,2_0693_B0XX_0_Level5.jpg,5,5,Destroyed or under construction,1,2,776,344,871,399,96,56,0.004084201388888889,0.6444112812167907,0.5145213425433935,09 September 2019,"Marsh Harbor, Abaco, the bahamas",https://youtu.be/D8wvAgKNK5Q
2_0693_004,2,693,2_0693,B073,26.55485,-77.10428,data/raw/FRAME/2_0693.jpg,data/raw/MASK/2_0693_B0XX_1_Level3.jpg,data/raw/JSON/2_0693.json,2_0693_B0XX_1_Level3.jpg,3,3,Severe damage,1,2,552,440,855,543,304,104,0.026099175347222222,0.5490175666756746,0.682207982834204,09 September 2019,"Marsh Harbor, Abaco, the bahamas",https://youtu.be/D8wvAgKNK5Q
2_0696_000,2,696,2_0696,B073,26.55485,-77.10428,data/raw/FRAME/2_0696.jpg,data/raw/MASK/2_0696_B0XX_0_Level3.jpg,data/raw/JSON/2_0696.json,2_0696_B0XX_0_Level3.jpg,3,3,Severe damage,1,2,552,440,855,567,304,128,0.028541666666666667,0.546939807158607,0.7008741805217626,09 September 2019,"Marsh Harbor, Abaco, the bahamas",https://youtu.be/D8wvAgKNK5Q
2_0699_000,2,699,2_0699,B070,26.55496,-77.10313,data/raw/FRAME/2_0699.jpg,data/raw/MASK/2_0699_B0XX_0_Level0.jpg,data/raw/JSON/2_0699.json,2_0699_B0XX_0_Level0.jpg,0,0,No or very minor damage,1,2,312,232,479,287,168,56,0.0074609375,0.30676503872164046,0.3651705206515416,09 September 2019,"Marsh Harbor, Abaco, the bahamas",https://youtu.be/D8wvAgKNK5Q
2_0699_001,2,699,2_0699,B071,26.55518,-77.10405,data/raw/FRAME/2_0699.jpg,data/raw/MASK/2_0699_B0XX_0_Level2.jpg,data/raw/JSON/2_0699.json,2_0699_B0XX_0_Level2.jpg,2,2,Moderate damage,1,2,16,400,231,495,216,96,0.015718315972222223,0.09818839094643103,0.6193314042677222,09 September 2019,"Marsh Harbor, Abaco, the bahamas",https://youtu.be/D8wvAgKNK5Q
2_0699_002,2,699,2_0699,B074,26.55459,-77.10354,data/raw/FRAME/2_0699.jpg,data/raw/MASK/2_0699_B0XX_0_Level3.jpg,data/raw/JSON/2_0699.json,2_0699_B0XX_0_Level3.jpg,3,3,Severe damage,1,2,744,280,839,335,96,56,0.004556206597222222,0.6193861261609908,0.42685295440713394,09 September 2019,"Marsh Harbor, Abaco, the bahamas",https://youtu.be/D8wvAgKNK5Q
2_0699_003,2,699,2_0699,B075,26.55469,-77.10397,data/raw/FRAME/2_0699.jpg,data/raw/MASK/2_0699_B0XX_0_Level5.jpg,data/raw/JSON/2_0699.json,2_0699_B0XX_0_Level5.jpg,5,5,Destroyed or under construction,1,2,784,360,887,415,104,56,0.004919704861111111,0.6519339986766652,0.5398627040141156,09 September 2019,"Marsh Harbor, Abaco, the bahamas",https://youtu.be/D8wvAgKNK5Q
2_0699_004,2,699,2_0699,B073,26.55485,-77.10428,data/raw/FRAME/2_0699.jpg,data/raw/MASK/2_0699_B0XX_1_Level3.jpg,data/raw/JSON/2_0699.json,2_0699_B0XX_1_Level3.jpg,3,3,Severe damage,1,2,544,456,863,583,320,128,0.029905598958333335,0.5449608368709409,0.7228067337501864,09 September 2019,"Marsh Harbor, Abaco, the bahamas",https://youtu.be/D8wvAgKNK5Q
2_0702_000,2,702,2_0702,B070,26.55496,-77.10313,data/raw/FRAME/2_0702.jpg,data/raw/MASK/2_0702_B0XX_0_Level0.jpg,data/raw/JSON/2_0702.json,2_0702_B0XX_0_Level0.jpg,0,0,No or very minor damage,1,2,304,240,471,295,168,56,0.007083333333333333,0.30417492436427696,0.37006718920206977,09 September 2019,"Marsh Harbor, Abaco, the bahamas",https://youtu.be/D8wvAgKNK5Q
2_0702_001,2,702,2_0702,B074,26.55459,-77.10354,data/raw/FRAME/2_0702.jpg,data/raw/MASK/2_0702_B0XX_0_Level3.jpg,data/raw/JSON/2_0702.json,2_0702_B0XX_0_Level3.jpg,3,3,Severe damage,1,2,752,288,855,343,104,56,0.005381944444444444,0.6254854460685484,0.43640596998207887,09 September 2019,"Marsh Harbor, Abaco, the bahamas",https://youtu.be/D8wvAgKNK5Q
2_0702_002,2,702,2_0702,B075,26.55469,-77.10397,data/raw/FRAME/2_0702.jpg,data/raw/MASK/2_0702_B0XX_0_Level5.jpg,data/raw/JSON/2_0702.json,2_0702_B0XX_0_Level5.jpg,5,5,Destroyed or under construction,1,2,784,368,895,423,112,56,0.0051768663194444444,0.6563557823307483,0.5537253429283402,09 September 2019,"Marsh Harbor, Abaco, the bahamas",https://youtu.be/D8wvAgKNK5Q
2_0702_003,2,702,2_0702,B071,26.55518,-77.10405,data/raw/FRAME/2_0702.jpg,data/raw/MASK/2_0702_B0XX_1_Level3.jpg,data/raw/JSON/2_0702.json,2_0702_B0XX_1_Level3.jpg,3,3,Severe damage,1,2,0,408,215,503,216,96,0.015989583333333335,0.08176728123303476,0.6363017817287973,09 September 2019,"Marsh Harbor, Abaco, the bahamas",https://youtu.be/D8wvAgKNK5Q
2_0702_004,2,702,2_0702,B073,26.55485,-77.10428,data/raw/FRAME/2_0702.jpg,data/raw/MASK/2_0702_B0XX_2_Level3.jpg,data/raw/JSON/2_0702.json,2_0702_B0XX_2_Level3.jpg,3,3,Severe damage,1,2,536,480,863,599,328,120,0.03167643229166667,0.546596385477683,0.7501014798068031,09 September 2019,"Marsh Harbor, Abaco, the bahamas",https://youtu.be/D8wvAgKNK5Q
2_0705_000,2,705,2_0705,B070,26.55496,-77.10313,data/raw/FRAME/2_0705.jpg,data/raw/MASK/2_0705_B0XX_0_Level0.jpg,data/raw/JSON/2_0705.json,2_0705_B0XX_0_Level0.jpg,0,0,No or very minor damage,1,2,296,248,479,303,184,56,0.007671440972222222,0.30541051538189534,0.37731180260883235,09 September 2019,"Marsh Harbor, Abaco, the bahamas",https://youtu.be/D8wvAgKNK5Q
2_0705_001,2,705,2_0705,B071,26.55518,-77.10405,data/raw/FRAME/2_0705.jpg,data/raw/MASK/2_0705_B0XX_0_Level2.jpg,data/raw/JSON/2_0705.json,2_0705_B0XX_0_Level2.jpg,2,2,Moderate damage,1,2,0,416,207,527,208,112,0.01661892361111111,0.07399033282188561,0.65662696599054,09 September 2019,"Marsh Harbor, Abaco, the bahamas",https://youtu.be/D8wvAgKNK5Q
2_0705_002,2,705,2_0705,B074,26.55459,-77.10354,data/raw/FRAME/2_0705.jpg,data/raw/MASK/2_0705_B0XX_0_Level3.jpg,data/raw/JSON/2_0705.json,2_0705_B0XX_0_Level3.jpg,3,3,Severe damage,1,2,752,288,847,351,96,64,0.005289713541666667,0.6270782051282051,0.444,09 September 2019,"Marsh Harbor, Abaco, the bahamas",https://youtu.be/D8wvAgKNK5Q
2_0705_003,2,705,2_0705,B075,26.55469,-77.10397,data/raw/FRAME/2_0705.jpg,data/raw/MASK/2_0705_B0XX_0_Level5.jpg,data/raw/JSON/2_0705.json,2_0705_B0XX_0_Level5.jpg,5,5,Destroyed or under construction,1,2,792,376,902,439,111,64,0.005769314236111111,0.6618971283148392,0.5679348734666583,09 September 2019,"Marsh Harbor, Abaco, the bahamas",https://youtu.be/D8wvAgKNK5Q
2_0705_004,2,705,2_0705,B073,26.55485,-77.10428,data/raw/FRAME/2_0705.jpg,data/raw/MASK/2_0705_B0XX_1_Level3.jpg,data/raw/JSON/2_0705.json,2_0705_B0XX_1_Level3.jpg,3,3,Severe damage,1,2,544,496,879,631,336,136,0.03626627604166666,0.553252812434551,0.7850126908615823,09 September 2019,"Marsh Harbor, Abaco, the bahamas",https://youtu.be/D8wvAgKNK5Q
2_0708_000,2,708,2_0708,B070,26.55496,-77.10313,data/raw/FRAME/2_0708.jpg,data/raw/MASK/2_0708_B0XX_0_Level0.jpg,data/raw/JSON/2_0708.json,2_0708_B0XX_0_Level0.jpg,0,0,No or very minor damage,1,2,288,248,471,303,184,56,0.008325737847222223,0.30333953065945524,0.38111867732452903,09 September 2019,"Marsh Harbor, Abaco, the bahamas",https://youtu.be/D8wvAgKNK5Q
2_0708_001,2,708,2_0708,B071,26.55518,-77.10405,data/raw/FRAME/2_0708.jpg,data/raw/MASK/2_0708_B0XX_0_Level2.jpg,data/raw/JSON/2_0708.json,2_0708_B0XX_0_Level2.jpg,2,2,Moderate damage,1,2,0,432,183,543,184,112,0.015817057291666665,0.06229274927968718,0.6778993543862859,09 September 2019,"Marsh Harbor, Abaco, the bahamas",https://youtu.be/D8wvAgKNK5Q
2_0708_002,2,708,2_0708,B074,26.55459,-77.10354,data/raw/FRAME/2_0708.jpg,data/raw/MASK/2_0708_B0XX_0_Level3.jpg,data/raw/JSON/2_0708.json,2_0708_B0XX_0_Level3.jpg,3,3,Severe damage,1,2,752,296,855,359,104,64,0.005555555555555556,0.6292379760742188,0.45291965060763884,09 September 2019,"Marsh Harbor, Abaco, the bahamas",https://youtu.be/D8wvAgKNK5Q
2_0708_003,2,708,2_0708,B075,26.55469,-77.10397,data/raw/FRAME/2_0708.jpg,data/raw/MASK/2_0708_B0XX_0_Level5.jpg,data/raw/JSON/2_0708.json,2_0708_B0XX_0_Level5.jpg,5,5,Destroyed or under construction,1,2,792,392,911,455,120,64,0.00638671875,0.6671338769962623,0.5849798957979385,09 September 2019,"Marsh Harbor, Abaco, the bahamas",https://youtu.be/D8wvAgKNK5Q
2_0708_004,2,708,2_0708,B073,26.55485,-77.10428,data/raw/FRAME/2_0708.jpg,data/raw/MASK/2_0708_B0XX_1_Level3.jpg,data/raw/JSON/2_0708.json,2_0708_B0XX_1_Level3.jpg,3,3,Severe damage,1,2,520,504,903,671,384,168,0.044895833333333336,0.5539255282349671,0.8173455357910114,09 September 2019,"Marsh Harbor, Abaco, the bahamas",https://youtu.be/D8wvAgKNK5Q
2_0721_000,2,721,2_0721,B070,26.55496,-77.10313,data/raw/FRAME/2_0721.jpg,data/raw/MASK/2_0721_B0XX_0_Level0.jpg,data/raw/JSON/2_0721.json,2_0721_B0XX_0_Level0.jpg,0,0,No or very minor damage,1,2,240,312,447,391,208,80,0.01140625,0.2725061239535769,0.48959786698799257,09 September 2019,"Marsh Harbor, Abaco, the bahamas",https://youtu.be/D8wvAgKNK5Q
2_0721_001,2,721,2_0721,B076,26.55482,-77.10275,data/raw/FRAME/2_0721.jpg,data/raw/MASK/2_0721_B0XX_0_Level2.jpg,data/raw/JSON/2_0721.json,2_0721_B0XX_0_Level2.jpg,2,2,Moderate damage,1,2,384,288,551,335,168,48,0.006593967013888889,0.36332881664472605,0.42813659883348876,09 September 2019,"Marsh Harbor, Abaco, the bahamas",https://youtu.be/D8wvAgKNK5Q
2_0721_002,2,721,2_0721,B077,26.55437,-77.1032,data/raw/FRAME/2_0721.jpg,data/raw/MASK/2_0721_B0XX_0_Level3.jpg,data/raw/JSON/2_0721.json,2_0721_B0XX_0_Level3.jpg,3,3,Severe damage,1,2,856,320,1015,391,160,72,0.007813585069444445,0.7378757073670323,0.4939113394744557,09 September 2019,"Marsh Harbor, Abaco, the bahamas",https://youtu.be/D8wvAgKNK5Q
2_0721_003,2,721,2_0721,B075,26.55469,-77.10397,data/raw/FRAME/2_0721.jpg,data/raw/MASK/2_0721_B0XX_0_Level5.jpg,data/raw/JSON/2_0721.json,2_0721_B0XX_0_Level5.jpg,5,5,Destroyed or under construction,1,2,816,512,943,591,128,80,0.00794921875,0.6882876484438984,0.7630514984681652,09 September 2019,"Marsh Harbor, Abaco, the bahamas",https://youtu.be/D8wvAgKNK5Q
2_0721_004,2,721,2_0721,B074,26.55459,-77.10354,data/raw/FRAME/2_0721.jpg,data/raw/MASK/2_0721_B0XX_1_Level3.jpg,data/raw/JSON/2_0721.json,2_0721_B0XX_1_Level3.jpg,3,3,Severe damage,1,2,768,384,879,447,112,64,0.007090928819444444,0.6422857689364958,0.575740669897135,09 September 2019,"Marsh Harbor, Abaco, the bahamas",https://youtu.be/D8wvAgKNK5Q
2_0725_000,2,725,2_0725,B070,26.55496,-77.10313,data/raw/FRAME/2_0725.jpg,data/raw/MASK/2_0725_B0XX_0_Level0.jpg,data/raw/JSON/2_0725.json,2_0725_B0XX_0_Level0.jpg,0,0,No or very minor damage,1,2,224,344,431,407,208,64,0.010115017361111112,0.2564990747693628,0.5258103590073661,09 September 2019,"Marsh Harbor, Abaco, the bahamas",https://youtu.be/D8wvAgKNK5Q
2_0725_001,2,725,2_0725,B076,26.55482,-77.10275,data/raw/FRAME/2_0725.jpg,data/raw/MASK/2_0725_B0XX_0_Level2.jpg,data/raw/JSON/2_0725.json,2_0725_B0XX_0_Level2.jpg,2,2,Moderate damage,1,2,368,304,543,359,176,56,0.007515190972222223,0.3554653660121282,0.4649330622132384,09 September 2019,"Marsh Harbor, Abaco, the bahamas",https://youtu.be/D8wvAgKNK5Q
2_0725_002,2,725,2_0725,B074,26.55459,-77.10354,data/raw/FRAME/2_0725.jpg,data/raw/MASK/2_0725_B0XX_0_Level3.jpg,data/raw/JSON/2_0725.json,2_0725_B0XX_0_Level3.jpg,3,3,Severe damage,1,2,768,408,903,487,136,80,0.008556857638888889,0.6500488405084961,0.6239047045396906,09 September 2019,"Marsh Harbor, Abaco, the bahamas",https://youtu.be/D8wvAgKNK5Q
2_0725_003,2,725,2_0725,B078,26.55503,-77.1026,data/raw/FRAME/2_0725.jpg,data/raw/MASK/2_0725_B0XX_0_Level4.jpg,data/raw/JSON/2_0725.json,2_0725_B0XX_0_Level4.jpg,4,4,Destruction,1,2,200,296,351,351,152,56,0.006295572916666666,0.21434338374698378,0.44939508407062695,09 September 2019,"Marsh Harbor, Abaco, the bahamas",https://youtu.be/D8wvAgKNK5Q
2_0725_004,2,725,2_0725,B075,26.55469,-77.10397,data/raw/FRAME/2_0725.jpg,data/raw/MASK/2_0725_B0XX_0_Level5.jpg,data/raw/JSON/2_0725.json,2_0725_B0XX_0_Level5.jpg,5,5,Destroyed or under construction,1,2,824,560,959,655,136,96,0.010040147569444444,0.6988182042310602,0.8429381762071161,09 September 2019,"Marsh Harbor, Abaco, the bahamas",https://youtu.be/D8wvAgKNK5Q
2_0725_005,2,725,2_0725,B077,26.55437,-77.1032,data/raw/FRAME/2_0725.jpg,data/raw/MASK/2_0725_B0XX_1_Level4.jpg,data/raw/JSON/2_0725.json,2_0725_B0XX_1_Level4.jpg,4,4,Destruction,1,2,864,352,1031,415,168,64,0.009164496527777777,0.7429026129232773,0.5318633738521851,09 September 2019,"Marsh Harbor, Abaco, the bahamas",https://youtu.be/D8wvAgKNK5Q
2_0728_000,2,728,2_0728,B070,26.55496,-77.10313,data/raw/FRAME/2_0728.jpg,data/raw/MASK/2_0728_B0XX_0_Level0.jpg,data/raw/JSON/2_0728.json,2_0728_B0XX_0_Level0.jpg,0,0,No or very minor damage,1,2,208,368,423,439,216,72,0.011666666666666667,0.2443948654901414,0.5624733899636243,09 September 2019,"Marsh Harbor, Abaco, the bahamas",https://youtu.be/D8wvAgKNK5Q
2_0728_001,2,728,2_0728,B077,26.55437,-77.1032,data/raw/FRAME/2_0728.jpg,data/raw/MASK/2_0728_B0XX_0_Level4.jpg,data/raw/JSON/2_0728.json,2_0728_B0XX_0_Level4.jpg,4,4,Destruction,1,2,864,368,1039,439,176,72,0.009800347222222222,0.7427374543290522,0.5656579076862513,09 September 2019,"Marsh Harbor, Abaco, the bahamas",https://youtu.be/D8wvAgKNK5Q
2_0731_000,2,731,2_0731,B070,26.55496,-77.10313,data/raw/FRAME/2_0731.jpg,data/raw/MASK/2_0731_B0XX_0_Level0.jpg,data/raw/JSON/2_0731.json,2_0731_B0XX_0_Level0.jpg,0,0,No or very minor damage,1,2,168,376,391,463,224,88,0.013977864583333333,0.22098707256249028,0.5812150675360969,09 September 2019,"Marsh Harbor, Abaco, the bahamas",https://youtu.be/D8wvAgKNK5Q
2_0731_001,2,731,2_0731,B074,26.55459,-77.10354,data/raw/FRAME/2_0731.jpg,data/raw/MASK/2_0731_B0XX_0_Level3.jpg,data/raw/JSON/2_0731.json,2_0731_B0XX_0_Level3.jpg,3,3,Severe damage,1,2,752,448,871,535,120,88,0.008846571180555556,0.6320607636759475,0.6792530356923832,09 September 2019,"Marsh Harbor, Abaco, the bahamas",https://youtu.be/D8wvAgKNK5Q
2_0731_002,2,731,2_0731,B077,26.55437,-77.1032,data/raw/FRAME/2_0731.jpg,data/raw/MASK/2_0731_B0XX_0_Level4.jpg,data/raw/JSON/2_0731.json,2_0731_B0XX_0_Level4.jpg,4,4,Destruction,1,2,840,384,1023,455,184,72,0.009664713541666667,0.7317131188952509,0.5757526851539987,09 September 2019,"Marsh Harbor, Abaco, the bahamas",https://youtu.be/D8wvAgKNK5Q
2_0731_003,2,731,2_0731,B075,26.55469,-77.10397,data/raw/FRAME/2_0731.jpg,data/raw/MASK/2_0731_B0XX_0_Level5.jpg,data/raw/JSON/2_0731.json,2_0731_B0XX_0_Level5.jpg,5,5,Destroyed or under construction,1,2,816,624,967,719,152,96,0.012903645833333333,0.6962753978514968,0.938608354823037,09 September 2019,"Marsh Harbor, Abaco, the bahamas",https://youtu.be/D8wvAgKNK5Q
2_0734_000,2,734,2_0734,B070,26.55496,-77.10313,data/raw/FRAME/2_0734.jpg,data/raw/MASK/2_0734_B0XX_0_Level0.jpg,data/raw/JSON/2_0734.json,2_0734_B0XX_0_Level0.jpg,0,0,No or very minor damage,1,2,112,384,343,455,232,72,0.012759331597222222,0.17836650384811634,0.584273983993348,09 September 2019,"Marsh Harbor, Abaco, the bahamas",https://youtu.be/D8wvAgKNK5Q
2_0734_001,2,734,2_0734,B076,26.55482,-77.10275,data/raw/FRAME/2_0734.jpg,data/raw/MASK/2_0734_B0XX_0_Level2.jpg,data/raw/JSON/2_0734.json,2_0734_B0XX_0_Level2.jpg,2,2,Moderate damage,1,2,272,336,470,399,199,64,0.008908420138888888,0.2917540537454324,0.5085131614562187,09 September 2019,"Marsh Harbor, Abaco, the bahamas",https://youtu.be/D8wvAgKNK5Q
2_0734_002,2,734,2_0734,B074,26.55459,-77.10354,data/raw/FRAME/2_0734.jpg,data/raw/MASK/2_0734_B0XX_0_Level3.jpg,data/raw/JSON/2_0734.json,2_0734_B0XX_0_Level3.jpg,3,3,Severe damage,1,2,704,464,831,543,128,80,0.00864040798611111,0.6009202718824563,0.6943854912302734,09 September 2019,"Marsh Harbor, Abaco, the bahamas",https://youtu.be/D8wvAgKNK5Q
2_0734_003,2,734,2_0734,B078,26.55503,-77.1026,data/raw/FRAME/2_0734.jpg,data/raw/MASK/2_0734_B0XX_0_Level4.jpg,data/raw/JSON/2_0734.json,2_0734_B0XX_0_Level4.jpg,4,4,Destruction,1,2,96,304,359,383,264,80,0.013557942708333333,0.17397896658663464,0.47413532079498466,09 September 2019,"Marsh Harbor, Abaco, the bahamas",https://youtu.be/D8wvAgKNK5Q
2_0734_004,2,734,2_0734,B077,26.55437,-77.1032,data/raw/FRAME/2_0734.jpg,data/raw/MASK/2_0734_B0XX_1_Level5.jpg,data/raw/JSON/2_0734.json,2_0734_B0XX_1_Level5.jpg,5,5,Destroyed or under construction,1,2,808,384,983,455,176,72,0.01067165798611111,0.702611051093035,0.5791324916680788,09 September 2019,"Marsh Harbor, Abaco, the bahamas",https://youtu.be/D8wvAgKNK5Q
2_0734_005,2,734,2_0734,B075,26.55469,-77.10397,data/raw/FRAME/2_0734.jpg,data/raw/MASK/2_0734_B0XX_2_Level5.jpg,data/raw/JSON/2_0734.json,2_0734_B0XX_2_Level5.jpg,5,5,Destroyed or under construction,1,2,776,648,927,719,152,72,0.009925130208333334,0.6661269576090522,0.955307903016168,09 September 2019,"Marsh Harbor, Abaco, the bahamas",https://youtu.be/D8wvAgKNK5Q
2_0737_000,2,737,2_0737,B070,26.55496,-77.10313,data/raw/FRAME/2_0737.jpg,data/raw/MASK/2_0737_B0XX_0_Level0.jpg,data/raw/JSON/2_0737.json,2_0737_B0XX_0_Level0.jpg,0,0,No or very minor damage,1,2,168,384,399,455,232,72,0.013815104166666667,0.22263244187873074,0.5836655016232066,09 September 2019,"Marsh Harbor, Abaco, the bahamas",https://youtu.be/D8wvAgKNK5Q
2_0737_001,2,737,2_0737,B076,26.55482,-77.10275,data/raw/FRAME/2_0737.jpg,data/raw/MASK/2_0737_B0XX_0_Level2.jpg,data/raw/JSON/2_0737.json,2_0737_B0XX_0_Level2.jpg,2,2,Moderate damage,1,2,336,336,519,391,184,56,0.008452690972222222,0.33535893372913994,0.5087152332049636,09 September 2019,"Marsh Harbor, Abaco, the bahamas",https://youtu.be/D8wvAgKNK5Q
2_0737_002,2,737,2_0737,B074,26.55459,-77.10354,data/raw/FRAME/2_0737.jpg,data/raw/MASK/2_0737_B0XX_0_Level3.jpg,data/raw/JSON/2_0737.json,2_0737_B0XX_0_Level3.jpg,3,3,Severe damage,1,2,768,472,903,551,136,80,0.009490017361111111,0.6548207752115253,0.7060743641537719,09 September 2019,"Marsh Harbor, Abaco, the bahamas",https://youtu.be/D8wvAgKNK5Q
2_0737_003,2,737,2_0737,B078,26.55503,-77.1026,data/raw/FRAME/2_0737.jpg,data/raw/MASK/2_0737_B0XX_0_Level4.jpg,data/raw/JSON/2_0737.json,2_0737_B0XX_0_Level4.jpg,4,4,Destruction,1,2,152,320,311,383,160,64,0.0076996527777777775,0.1833775190248027,0.48813964048603287,09 September 2019,"Marsh Harbor, Abaco, the bahamas",https://youtu.be/D8wvAgKNK5Q
2_0737_004,2,737,2_0737,B077,26.55437,-77.1032,data/raw/FRAME/2_0737.jpg,data/raw/MASK/2_0737_B0XX_0_Level5.jpg,data/raw/JSON/2_0737.json,2_0737_B0XX_0_Level5.jpg,5,5,Destroyed or under construction,1,2,864,384,1063,463,200,80,0.01285915798611111,0.7564444719854865,0.5870621560299647,09 September 2019,"Marsh Harbor, Abaco, the bahamas",https://youtu.be/D8wvAgKNK5Q
2_0737_005,2,737,2_0737,B075,26.55469,-77.10397,data/raw/FRAME/2_0737.jpg,data/raw/MASK/2_0737_B0XX_3_Level5.jpg,data/raw/JSON/2_0737.json,2_0737_B0XX_3_Level5.jpg,5,5,Destroyed or under construction,1,2,856,672,1015,719,160,48,0.007305772569444444,0.7272373477647409,0.9682129478357014,09 September 2019,"Marsh Harbor, Abaco, the bahamas",https://youtu.be/D8wvAgKNK5Q
2_0740_000,2,740,2_0740,B070,26.55496,-77.10313,data/raw/FRAME/2_0740.jpg,data/raw/MASK/2_0740_B0XX_0_Level0.jpg,data/raw/JSON/2_0740.json,2_0740_B0XX_0_Level0.jpg,0,0,No or very minor damage,1,1,312,376,543,455,232,80,0.013475477430555556,0.3345199392060553,0.5781567893281799,09 September 2019,"Marsh Harbor, Abaco, the bahamas",https://youtu.be/D8wvAgKNK5Q
2_0740_001,2,740,2_0740,B076,26.55482,-77.10275,data/raw/FRAME/2_0740.jpg,data/raw/MASK/2_0740_B0XX_0_Level1.jpg,data/raw/JSON/2_0740.json,2_0740_B0XX_0_Level1.jpg,1,1,Minor damage,1,1,480,336,671,399,192,64,0.008976779513888889,0.4492900474434909,0.5068344816471252,09 September 2019,"Marsh Harbor, Abaco, the bahamas",https://youtu.be/D8wvAgKNK5Q
2_0740_002,2,740,2_0740,B079,26.55525,-77.10238,data/raw/FRAME/2_0740.jpg,data/raw/MASK/2_0740_B0XX_0_Level3.jpg,data/raw/JSON/2_0740.json,2_0740_B0XX_0_Level3.jpg,3,3,Severe damage,1,1,152,304,271,359,120,56,0.005109592013888889,0.16650297303036737,0.46363494254500837,09 September 2019,"Marsh Harbor, Abaco, the bahamas",https://youtu.be/D8wvAgKNK5Q
2_0740_003,2,740,2_0740,B078,26.55503,-77.1026,data/raw/FRAME/2_0740.jpg,data/raw/MASK/2_0740_B0XX_0_Level4.jpg,data/raw/JSON/2_0740.json,2_0740_B0XX_0_Level4.jpg,4,4,Destruction,1,1,304,320,463,375,160,56,0.0074793836805555555,0.29809680110256787,0.48147536953753406,09 September 2019,"Marsh Harbor, Abaco, the bahamas",https://youtu.be/D8wvAgKNK5Q
2_0740_004,2,740,2_0740,B077,26.55437,-77.1032,data/raw/FRAME/2_0740.jpg,data/raw/MASK/2_0740_B0XX_0_Level5.jpg,data/raw/JSON/2_0740.json,2_0740_B0XX_0_Level5.jpg,5,5,Destroyed or under construction,1,1,1032,392,1239,471,208,80,0.013064236111111112,0.8876477496885382,0.597155315614618,09 September 2019,"Marsh Harbor, Abaco, the bahamas",https://youtu.be/D8wvAgKNK5Q
2_0740_005,2,740,2_0740,B074,26.55459,-77.10354,data/raw/FRAME/2_0740.jpg,data/raw/MASK/2_0740_B0XX_1_Level3.jpg,data/raw/JSON/2_0740.json,2_0740_B0XX_1_Level3.jpg,3,3,Severe damage,1,1,928,472,1055,567,128,96,0.010483940972222222,0.7749961996739805,0.7213912175993008,09 September 2019,"Marsh Harbor, Abaco, the bahamas",https://youtu.be/D8wvAgKNK5Q
2_0753_000,2,753,2_0753,B070,26.55496,-77.10313,data/raw/FRAME/2_0753.jpg,data/raw/MASK/2_0753_B0XX_0_Level0.jpg,data/raw/JSON/2_0753.json,2_0753_B0XX_0_Level0.jpg,0,0,No or very minor damage,1,1,240,408,519,511,280,104,0.019912109375,0.30054007615388806,0.6418025206013599,09 September 2019,"Marsh Harbor, Abaco, the bahamas",https://youtu.be/D8wvAgKNK5Q
2_0753_001,2,753,2_0753,B076,26.55482,-77.10275,data/raw/FRAME/2_0753.jpg,data/raw/MASK/2_0753_B0XX_0_Level2.jpg,data/raw/JSON/2_0753.json,2_0753_B0XX_0_Level2.jpg,2,2,Moderate damage,1,1,448,352,663,431,216,80,0.013288845486111112,0.4368072283008083,0.5460553831777397,09 September 2019,"Marsh Harbor, Abaco, the bahamas",https://youtu.be/D8wvAgKNK5Q
2_0753_002,2,753,2_0753,B074,26.55459,-77.10354,data/raw/FRAME/2_0753.jpg,data/raw/MASK/2_0753_B0XX_0_Level3.jpg,data/raw/JSON/2_0753.json,2_0753_B0XX_0_Level3.jpg,3,3,Severe damage,1,1,984,552,1151,679,168,128,0.01782443576388889,0.8347375890302551,0.8529051933469964,09 September 2019,"Marsh Harbor, Abaco, the bahamas",https://youtu.be/D8wvAgKNK5Q
2_0753_003,2,753,2_0753,B077,26.55437,-77.1032,data/raw/FRAME/2_0753.jpg,data/raw/MASK/2_0753_B0XX_0_Level5.jpg,data/raw/JSON/2_0753.json,2_0753_B0XX_0_Level5.jpg,5,5,Destroyed or under construction,1,1,1088,432,1279,527,192,96,0.01576171875,0.9312292398113728,0.6593568811479799,09 September 2019,"Marsh Harbor, Abaco, the bahamas",https://youtu.be/D8wvAgKNK5Q
2_0757_000,2,757,2_0757,B070,26.55496,-77.10313,data/raw/FRAME/2_0757.jpg,data/raw/MASK/2_0757_B0XX_0_Level0.jpg,data/raw/JSON/2_0757.json,2_0757_B0XX_0_Level0.jpg,0,0,No or very minor damage,1,1,216,432,503,535,288,104,0.020095486111111113,0.28328365449514037,0.6750887928965683,09 September 2019,"Marsh Harbor, Abaco, the bahamas",https://youtu.be/D8wvAgKNK5Q
2_0757_001,2,757,2_0757,B076,26.55482,-77.10275,data/raw/FRAME/2_0757.jpg,data/raw/MASK/2_0757_B0XX_0_Level2.jpg,data/raw/JSON/2_0757.json,2_0757_B0XX_0_Level2.jpg,2,2,Moderate damage,1,1,440,368,663,439,224,72,0.012112630208333334,0.4305856260637821,0.5642143688972499,09 September 2019,"Marsh Harbor, Abaco, the bahamas",https://youtu.be/D8wvAgKNK5Q
2_0757_002,2,757,2_0757,B079,26.55525,-77.10238,data/raw/FRAME/2_0757.jpg,data/raw/MASK/2_0757_B0XX_0_Level3.jpg,data/raw/JSON/2_0757.json,2_0757_B0XX_0_Level3.jpg,3,3,Severe damage,1,1,72,328,215,391,144,64,0.007136501736111111,0.11096850292686636,0.5039696416806041,09 September 2019,"Marsh Harbor, Abaco, the bahamas",https://youtu.be/D8wvAgKNK5Q
2_0757_003,2,757,2_0757,B078,26.55503,-77.1026,data/raw/FRAME/2_0757.jpg,data/raw/MASK/2_0757_B0XX_0_Level4.jpg,data/raw/JSON/2_0757.json,2_0757_B0XX_0_Level4.jpg,4,4,Destruction,1,1,232,344,423,415,192,72,0.009583333333333333,0.2575752590013587,0.5314358771135266,09 September 2019,"Marsh Harbor, Abaco, the bahamas",https://youtu.be/D8wvAgKNK5Q
2_0757_004,2,757,2_0757,B077,26.55437,-77.1032,data/raw/FRAME/2_0757.jpg,data/raw/MASK/2_0757_B0XX_0_Level5.jpg,data/raw/JSON/2_0757.json,2_0757_B0XX_0_Level5.jpg,5,5,Destroyed or under construction,1,1,1104,448,1279,551,176,104,0.014201388888888888,0.940124660948961,0.6862538415172508,09 September 2019,"Marsh Harbor, Abaco, the bahamas",https://youtu.be/D8wvAgKNK5Q
2_0757_005,2,757,2_0757,B080,26.55453,-77.10338,data/raw/FRAME/2_0757.jpg,data/raw/MASK/2_0757_B0XX_1_Level2.jpg,data/raw/JSON/2_0757.json,2_0757_B0XX_1_Level2.jpg,2,2,Moderate damage,1,1,984,520,1215,615,232,96,0.016418185763888888,0.8649098394851629,0.7945658838734313,09 September 2019,"Marsh Harbor, Abaco, the bahamas",https://youtu.be/D8wvAgKNK5Q
2_0757_006,2,757,2_0757,B074,26.55459,-77.10354,data/raw/FRAME/2_0757.jpg,data/raw/MASK/2_0757_B0XX_1_Level3.jpg,data/raw/JSON/2_0757.json,2_0757_B0XX_1_Level3.jpg,3,3,Severe damage,1,1,1008,592,1231,719,224,128,0.022488064236111112,0.8693316495778045,0.907192869588527,09 September 2019,"Marsh Harbor, Abaco, the bahamas",https://youtu.be/D8wvAgKNK5Q
2_0760_000,2,760,2_0760,B070,26.55496,-77.10313,data/raw/FRAME/2_0760.jpg,data/raw/MASK/2_0760_B0XX_0_Level0.jpg,data/raw/JSON/2_0760.json,2_0760_B0XX_0_Level0.jpg,0,0,No or very minor damage,1,1,192,448,495,551,304,104,0.021885850694444445,0.2707319038175508,0.6967246460640114,09 September 2019,"Marsh Harbor, Abaco, the bahamas",https://youtu.be/D8wvAgKNK5Q
2_0760_001,2,760,2_0760,B074,26.55459,-77.10354,data/raw/FRAME/2_0760.jpg,data/raw/MASK/2_0760_B0XX_0_Level3.jpg,data/raw/JSON/2_0760.json,2_0760_B0XX_0_Level3.jpg,3,3,Severe damage,1,1,1024,624,1239,719,216,96,0.018238932291666666,0.8803082611993576,0.9371113193328972,09 September 2019,"Marsh Harbor, Abaco, the bahamas",https://youtu.be/D8wvAgKNK5Q
2_0763_000,2,763,2_0763,B070,26.55496,-77.10313,data/raw/FRAME/2_0763.jpg,data/raw/MASK/2_0763_B0XX_0_Level0.jpg,data/raw/JSON/2_0763.json,2_0763_B0XX_0_Level0.jpg,0,0,No or very minor damage,1,1,176,456,479,575,304,120,0.026590711805555556,0.2552367915000408,0.7269397743863181,09 September 2019,"Marsh Harbor, Abaco, the bahamas",https://youtu.be/D8wvAgKNK5Q
2_0763_001,2,763,2_0763,B076,26.55482,-77.10275,data/raw/FRAME/2_0763.jpg,data/raw/MASK/2_0763_B0XX_0_Level2.jpg,data/raw/JSON/2_0763.json,2_0763_B0XX_0_Level2.jpg,2,2,Moderate damage,1,1,424,392,663,471,240,80,0.013306206597222222,0.42031460236075996,0.597516920818723,09 September 2019,"Marsh Harbor, Abaco, the bahamas",https://youtu.be/D8wvAgKNK5Q
2_0763_002,2,763,2_0763,B077,26.55437,-77.1032,data/raw/FRAME/2_0763.jpg,data/raw/MASK/2_0763_B0XX_1_Level5.jpg,data/raw/JSON/2_0763.json,2_0763_B0XX_1_Level5.jpg,5,5,Destroyed or under construction,1,1,1144,480,1279,575,136,96,0.010897352430555556,0.9500584206661357,0.7315230619447487,09 September 2019,"Marsh Harbor, Abaco, the bahamas",https://youtu.be/D8wvAgKNK5Q
2_0766_000,2,766,2_0766,B070,26.55496,-77.10313,data/raw/FRAME/2_0766.jpg,data/raw/MASK/2_0766_B0XX_0_Level0.jpg,data/raw/JSON/2_0766.json,2_0766_B0XX_0_Level0.jpg,0,0,No or very minor damage,1,1,136,488,471,607,336,120,0.027925347222222223,0.23887875325419644,0.7596150981763548,09 September 2019,"Marsh Harbor, Abaco, the bahamas",https://youtu.be/D8wvAgKNK5Q
2_0766_001,2,766,2_0766,B076,26.55482,-77.10275,data/raw/FRAME/2_0766.jpg,data/raw/MASK/2_0766_B0XX_0_Level2.jpg,data/raw/JSON/2_0766.json,2_0766_B0XX_0_Level2.jpg,2,2,Moderate damage,1,1,408,400,663,487,256,88,0.016259765625,0.41887204913246584,0.615935194453713,09 September 2019,"Marsh Harbor, Abaco, the bahamas",https://youtu.be/D8wvAgKNK5Q
2_0766_002,2,766,2_0766,B079,26.55525,-77.10238,data/raw/FRAME/2_0766.jpg,data/raw/MASK/2_0766_B0XX_0_Level3.jpg,data/raw/JSON/2_0766.json,2_0766_B0XX_0_Level3.jpg,3,3,Severe damage,1,1,8,360,159,423,152,64,0.00790798611111111,0.06744948888583974,0.5468906269057202,09 September 2019,"Marsh Harbor, Abaco, the bahamas",https://youtu.be/D8wvAgKNK5Q
2_0766_003,2,766,2_0766,B081,26.55489,-77.10226,data/raw/FRAME/2_0766.jpg,data/raw/MASK/2_0766_B0XX_0_Level4.jpg,data/raw/JSON/2_0766.json,2_0766_B0XX_0_Level4.jpg,4,4,Destruction,2,1,344,336,543,415,200,80,0.010575086805555555,0.34661487725733636,0.5199003294799006,09 September 2019,"Marsh Harbor, Abaco, the bahamas",https://youtu.be/D8wvAgKNK5Q
2_0766_004,2,766,2_0766,B077,26.55437,-77.1032,data/raw/FRAME/2_0766.jpg,data/raw/MASK/2_0766_B0XX_0_Level5.jpg,data/raw/JSON/2_0766.json,2_0766_B0XX_0_Level5.jpg,5,5,Destroyed or under construction,1,1,1168,504,1279,591,112,88,0.009610460069444444,0.9584313607880773,0.7594256896616612,09 September 2019,"Marsh Harbor, Abaco, the bahamas",https://youtu.be/D8wvAgKNK5Q
2_0766_005,2,766,2_0766,B078,26.55503,-77.1026,data/raw/FRAME/2_0766.jpg,data/raw/MASK/2_0766_B0XX_1_Level4.jpg,data/raw/JSON/2_0766.json,2_0766_B0XX_1_Level4.jpg,4,4,Destruction,1,1,184,376,391,455,208,80,0.011647135416666666,0.22656162660704302,0.5764261536550525,09 September 2019,"Marsh Harbor, Abaco, the bahamas",https://youtu.be/D8wvAgKNK5Q
2_0769_000,2,769,2_0769,B070,26.55496,-77.10313,data/raw/FRAME/2_0769.jpg,data/raw/MASK/2_0769_B0XX_0_Level0.jpg,data/raw/JSON/2_0769.json,2_0769_B0XX_0_Level0.jpg,0,0,No or very minor damage,1,1,104,504,455,639,352,136,0.032380642361111114,0.22265572640908787,0.7952487266269017,09 September 2019,"Marsh Harbor, Abaco, the bahamas",https://youtu.be/D8wvAgKNK5Q
2_0769_001,2,769,2_0769,B076,26.55482,-77.10275,data/raw/FRAME/2_0769.jpg,data/raw/MASK/2_0769_B0XX_0_Level1.jpg,data/raw/JSON/2_0769.json,2_0769_B0XX_0_Level1.jpg,1,1,Minor damage,1,1,400,416,655,503,256,88,0.01708767361111111,0.4122064111315723,0.6384166948889454,09 September 2019,"Marsh Harbor, Abaco, the bahamas",https://youtu.be/D8wvAgKNK5Q
2_0769_002,2,769,2_0769,B082,26.55508,-77.10213,data/raw/FRAME/2_0769.jpg,data/raw/MASK/2_0769_B0XX_0_Level3.jpg,data/raw/JSON/2_0769.json,2_0769_B0XX_0_Level3.jpg,3,3,Severe damage,1,1,216,344,335,391,120,48,0.004869791666666666,0.2162661193738859,0.5126469969300852,09 September 2019,"Marsh Harbor, Abaco, the bahamas",https://youtu.be/D8wvAgKNK5Q
2_0769_003,2,769,2_0769,B083,26.55533,-77.10186,data/raw/FRAME/2_0769.jpg,data/raw/MASK/2_0769_B0XX_0_Level4.jpg,data/raw/JSON/2_0769.json,2_0769_B0XX_0_Level4.jpg,4,4,Destruction,1,1,24,312,215,375,192,64,0.00919162326388889,0.09434071021721166,0.48005154842009995,09 September 2019,"Marsh Harbor, Abaco, the bahamas",https://youtu.be/D8wvAgKNK5Q
2_0769_004,2,769,2_0769,B077,26.55437,-77.1032,data/raw/FRAME/2_0769.jpg,data/raw/MASK/2_0769_B0XX_0_Level5.jpg,data/raw/JSON/2_0769.json,2_0769_B0XX_0_Level5.jpg,5,5,Destroyed or under construction,1,1,1192,520,1279,623,88,104,0.0077235243055555555,0.9691496250702445,0.7942389794261809,09 September 2019,"Marsh Harbor, Abaco, the bahamas",https://youtu.be/D8wvAgKNK5Q
2_0769_005,2,769,2_0769,B079,26.55525,-77.10238,data/raw/FRAME/2_0769.jpg,data/raw/MASK/2_0769_B0XX_1_Level3.jpg,data/raw/JSON/2_0769.json,2_0769_B0XX_1_Level3.jpg,3,3,Severe damage,1,1,0,368,143,439,144,72,0.008501519097222222,0.05334696075303127,0.5579392682407998,09 September 2019,"Marsh Harbor, Abaco, the bahamas",https://youtu.be/D8wvAgKNK5Q
2_0769_006,2,769,2_0769,B081,26.55489,-77.10226,data/raw/FRAME/2_0769.jpg,data/raw/MASK/2_0769_B0XX_1_Level4.jpg,data/raw/JSON/2_0769.json,2_0769_B0XX_1_Level4.jpg,4,4,Destruction,2,1,336,352,527,423,192,72,0.010977647569444445,0.3389827301818721,0.5337254126717407,09 September 2019,"Marsh Harbor, Abaco, the bahamas",https://youtu.be/D8wvAgKNK5Q
2_0769_007,2,769,2_0769,B084,26.5545,-77.10313,data/raw/FRAME/2_0769.jpg,data/raw/MASK/2_0769_B0XX_1_Level5.jpg,data/raw/JSON/2_0769.json,2_0769_B0XX_1_Level5.jpg,5,5,Destroyed or under construction,1,1,864,672,951,719,88,48,0.003286675347222222,0.7083262834268735,0.9709507171417043,09 September 2019,"Marsh Harbor, Abaco, the bahamas",https://youtu.be/D8wvAgKNK5Q
2_0769_008,2,769,2_0769,B078,26.55503,-77.1026,data/raw/FRAME/2_0769.jpg,data/raw/MASK/2_0769_B0XX_2_Level4.jpg,data/raw/JSON/2_0769.json,2_0769_B0XX_2_Level4.jpg,4,4,Destruction,1,1,168,384,383,469,216,86,0.013875868055555556,0.21563886798170157,0.5935760087582108,09 September 2019,"Marsh Harbor, Abaco, the bahamas",https://youtu.be/D8wvAgKNK5Q
2_0772_000,2,772,2_0772,B070,26.55496,-77.10313,data/raw/FRAME/2_0772.jpg,data/raw/MASK/2_0772_B0XX_0_Level0.jpg,data/raw/JSON/2_0772.json,2_0772_B0XX_0_Level0.jpg,0,0,No or very minor damage,1,1,64,520,439,671,376,152,0.04015190972222222,0.19709102394335748,0.8321966694291308,09 September 2019,"Marsh Harbor, Abaco, the bahamas",https://youtu.be/D8wvAgKNK5Q
2_0772_001,2,772,2_0772,B076,26.55482,-77.10275,data/raw/FRAME/2_0772.jpg,data/raw/MASK/2_0772_B0XX_0_Level1.jpg,data/raw/JSON/2_0772.json,2_0772_B0XX_0_Level1.jpg,1,1,Minor damage,1,1,384,424,655,519,272,96,0.018858506944444443,0.40572996080264667,0.6583221455056898,09 September 2019,"Marsh Harbor, Abaco, the bahamas",https://youtu.be/D8wvAgKNK5Q
2_0772_002,2,772,2_0772,B083,26.55533,-77.10186,data/raw/FRAME/2_0772.jpg,data/raw/MASK/2_0772_B0XX_0_Level3.jpg,data/raw/JSON/2_0772.json,2_0772_B0XX_0_Level3.jpg,3,3,Severe damage,1,1,16,320,199,383,184,64,0.009840494791666666,0.08435174082037711,0.4855597824089389,09 September 2019,"Marsh Harbor, Abaco, the bahamas",https://youtu.be/D8wvAgKNK5Q
2_0772_003,2,772,2_0772,B081,26.55489,-77.10226,data/raw/FRAME/2_0772.jpg,data/raw/MASK/2_0772_B0XX_0_Level4.jpg,data/raw/JSON/2_0772.json,2_0772_B0XX_0_Level4.jpg,4,4,Destruction,2,1,328,352,519,423,192,72,0.011091579861111112,0.3319779030522403,0.5401893247679298,09 September 2019,"Marsh Harbor, Abaco, the bahamas",https://youtu.be/D8wvAgKNK5Q
2_0772_004,2,772,2_0772,B079,26.55525,-77.10238,data/raw/FRAME/2_0772.jpg,data/raw/MASK/2_0772_B0XX_1_Level3.jpg,data/raw/JSON/2_0772.json,2_0772_B0XX_1_Level3.jpg,3,3,Severe damage,1,1,16,384,127,447,112,64,0.006067708333333333,0.05252900348712446,0.5755551084883167,09 September 2019,"Marsh Harbor, Abaco, the bahamas",https://youtu.be/D8wvAgKNK5Q
2_0772_005,2,772,2_0772,B078,26.55503,-77.1026,data/raw/FRAME/2_0772.jpg,data/raw/MASK/2_0772_B0XX_1_Level4.jpg,data/raw/JSON/2_0772.json,2_0772_B0XX_1_Level4.jpg,4,4,Destruction,1,1,144,400,367,479,224,80,0.014581163194444444,0.19904759357791338,0.6095637785053992,09 September 2019,"Marsh Harbor, Abaco, the bahamas",https://youtu.be/D8wvAgKNK5Q
2_0785_000,2,785,2_0785,B085,26.55477,-77.1021,data/raw/FRAME/2_0785.jpg,data/raw/MASK/2_0785_B0XX_0_Level1.jpg,data/raw/JSON/2_0785.json,2_0785_B0XX_0_Level1.jpg,1,1,Minor damage,1,1,440,368,551,423,112,56,0.0047905815972222225,0.390882644394111,0.5468264753995218,09 September 2019,"Marsh Harbor, Abaco, the bahamas",https://youtu.be/D8wvAgKNK5Q
2_0785_001,2,785,2_0785,B079,26.55525,-77.10238,data/raw/FRAME/2_0785.jpg,data/raw/MASK/2_0785_B0XX_0_Level3.jpg,data/raw/JSON/2_0785.json,2_0785_B0XX_0_Level3.jpg,3,3,Severe damage,1,1,0,336,127,407,128,72,0.007213541666666667,0.04662457223977136,0.519501688059901,09 September 2019,"Marsh Harbor, Abaco, the bahamas",https://youtu.be/D8wvAgKNK5Q
2_0785_002,2,785,2_0785,B081,26.55489,-77.10226,data/raw/FRAME/2_0785.jpg,data/raw/MASK/2_0785_B0XX_0_Level4.jpg,data/raw/JSON/2_0785.json,2_0785_B0XX_0_Level4.jpg,4,4,Destruction,2,1,264,376,503,471,240,96,0.015592447916666667,0.29541302409533754,0.5864838977808706,09 September 2019,"Marsh Harbor, Abaco, the bahamas",https://youtu.be/D8wvAgKNK5Q
2_0785_003,2,785,2_0785,B076,26.55482,-77.10275,data/raw/FRAME/2_0785.jpg,data/raw/MASK/2_0785_B0XX_1_Level1.jpg,data/raw/JSON/2_0785.json,2_0785_B0XX_1_Level1.jpg,1,1,Minor damage,1,1,312,488,631,599,320,112,0.027864583333333335,0.3692666654497664,0.7544943103149879,09 September 2019,"Marsh Harbor, Abaco, the bahamas",https://youtu.be/D8wvAgKNK5Q
2_0785_004,2,785,2_0785,B082,26.55508,-77.10213,data/raw/FRAME/2_0785.jpg,data/raw/MASK/2_0785_B0XX_1_Level3.jpg,data/raw/JSON/2_0785.json,2_0785_B0XX_1_Level3.jpg,3,3,Severe damage,1,1,120,368,263,431,144,64,0.006474609375,0.1486198833165745,0.55966589389792,09 September 2019,"Marsh Harbor, Abaco, the bahamas",https://youtu.be/D8wvAgKNK5Q
2_0785_005,2,785,2_0785,B078,26.55503,-77.1026,data/raw/FRAME/2_0785.jpg,data/raw/MASK/2_0785_B0XX_2_Level4.jpg,data/raw/JSON/2_0785.json,2_0785_B0XX_2_Level4.jpg,4,4,Destruction,1,1,24,440,295,543,272,104,0.020941840277777776,0.1223352493523316,0.6833282239493379,09 September 2019,"Marsh Harbor, Abaco, the bahamas",https://youtu.be/D8wvAgKNK5Q
2_0789_000,2,789,2_0789,B082,26.55508,-77.10213,data/raw/FRAME/2_0789.jpg,data/raw/MASK/2_0789_B0XX_0_Level2.jpg,data/raw/JSON/2_0789.json,2_0789_B0XX_0_Level2.jpg,2,2,Moderate damage,1,1,96,376,247,439,152,64,0.007162543402777778,0.13246312111801242,0.5717852093117205,09 September 2019,"Marsh Harbor, Abaco, the bahamas",https://youtu.be/D8wvAgKNK5Q
2_0789_001,2,789,2_0789,B081,26.55489,-77.10226,data/raw/FRAME/2_0789.jpg,data/raw/MASK/2_0789_B0XX_0_Level4.jpg,data/raw/JSON/2_0789.json,2_0789_B0XX_0_Level4.jpg,4,4,Destruction,2,1,240,384,479,487,240,104,0.017768012152777776,0.28058721374045803,0.6028273960983884,09 September 2019,"Marsh Harbor, Abaco, the bahamas",https://youtu.be/D8wvAgKNK5Q
2_0789_002,2,789,2_0789,B076,26.55482,-77.10275,data/raw/FRAME/2_0789.jpg,data/raw/MASK/2_0789_B0XX_1_Level2.jpg,data/raw/JSON/2_0789.json,2_0789_B0XX_1_Level2.jpg,2,2,Moderate damage,1,1,280,504,631,631,352,128,0.03494357638888889,0.35705546088995155,0.7881527398252804,09 September 2019,"Marsh Harbor, Abaco, the bahamas",https://youtu.be/D8wvAgKNK5Q
2_0789_003,2,789,2_0789,B078,26.55503,-77.1026,data/raw/FRAME/2_0789.jpg,data/raw/MASK/2_0789_B0XX_4_Level4.jpg,data/raw/JSON/2_0789.json,2_0789_B0XX_4_Level4.jpg,4,4,Destruction,1,1,0,456,263,567,264,112,0.023668619791666668,0.09780710614083345,0.7103280026691524,09 September 2019,"Marsh Harbor, Abaco, the bahamas",https://youtu.be/D8wvAgKNK5Q
2_0792_000,2,792,2_0792,B076,26.55482,-77.10275,data/raw/FRAME/2_0792.jpg,data/raw/MASK/2_0792_B0XX_0_Level2.jpg,data/raw/JSON/2_0792.json,2_0792_B0XX_0_Level2.jpg,2,2,Moderate damage,1,1,248,520,639,671,392,152,0.04063802083333334,0.34634319428868954,0.8223044014857536,09 September 2019,"Marsh Harbor, Abaco, the bahamas",https://youtu.be/D8wvAgKNK5Q
2_0792_001,2,792,2_0792,B081,26.55489,-77.10226,data/raw/FRAME/2_0792.jpg,data/raw/MASK/2_0792_B0XX_0_Level4.jpg,data/raw/JSON/2_0792.json,2_0792_B0XX_0_Level4.jpg,4,4,Destruction,2,1,224,392,479,495,256,104,0.019662543402777777,0.2720659904254732,0.6143008572006696,09 September 2019,"Marsh Harbor, Abaco, the bahamas",https://youtu.be/D8wvAgKNK5Q
2_0792_002,2,792,2_0792,B078,26.55503,-77.1026,data/raw/FRAME/2_0792.jpg,data/raw/MASK/2_0792_B0XX_3_Level4.jpg,data/raw/JSON/2_0792.json,2_0792_B0XX_3_Level4.jpg,4,4,Destruction,1,1,0,472,239,591,240,120,0.023536241319444446,0.0843127982227652,0.7314647267940108,09 September 2019,"Marsh Harbor, Abaco, the bahamas",https://youtu.be/D8wvAgKNK5Q
2_0795_000,2,795,2_0795,B076,26.55482,-77.10275,data/raw/FRAME/2_0795.jpg,data/raw/MASK/2_0795_B0XX_0_Level2.jpg,data/raw/JSON/2_0795.json,2_0795_B0XX_0_Level2.jpg,2,2,Moderate damage,1,1,224,536,631,695,408,160,0.04379774305555555,0.3342835277103359,0.8526230056485977,09 September 2019,"Marsh Harbor, Abaco, the bahamas",https://youtu.be/D8wvAgKNK5Q
2_0795_001,2,795,2_0795,B081,26.55489,-77.10226,data/raw/FRAME/2_0795.jpg,data/raw/MASK/2_0795_B0XX_0_Level4.jpg,data/raw/JSON/2_0795.json,2_0795_B0XX_0_Level4.jpg,4,4,Destruction,2,1,200,392,463,511,264,120,0.021624348958333334,0.26055497014401124,0.6235308260993192,09 September 2019,"Marsh Harbor, Abaco, the bahamas",https://youtu.be/D8wvAgKNK5Q
2_0795_002,2,795,2_0795,B078,26.55503,-77.1026,data/raw/FRAME/2_0795.jpg,data/raw/MASK/2_0795_B0XX_2_Level4.jpg,data/raw/JSON/2_0795.json,2_0795_B0XX_2_Level4.jpg,4,4,Destruction,1,1,0,480,207,607,208,128,0.022470703125,0.07325996547394853,0.7535353657293394,09 September 2019,"Marsh Harbor, Abaco, the bahamas",https://youtu.be/D8wvAgKNK5Q
2_0798_000,2,798,2_0798,B086,26.55496,-77.10189,data/raw/FRAME/2_0798.jpg,data/raw/MASK/2_0798_B0XX_0_Level0.jpg,data/raw/JSON/2_0798.json,2_0798_B0XX_0_Level0.jpg,0,0,No or very minor damage,2,1,192,344,351,415,160,72,0.008598090277777777,0.21681935417718323,0.5313379886701441,09 September 2019,"Marsh Harbor, Abaco, the bahamas",https://youtu.be/D8wvAgKNK5Q
2_0798_001,2,798,2_0798,B076,26.55482,-77.10275,data/raw/FRAME/2_0798.jpg,data/raw/MASK/2_0798_B0XX_0_Level2.jpg,data/raw/JSON/2_0798.json,2_0798_B0XX_0_Level2.jpg,2,2,Moderate damage,1,1,192,552,631,719,440,168,0.05339192708333333,0.3203618302391985,0.8852933190171027,09 September 2019,"Marsh Harbor, Abaco, the bahamas",https://youtu.be/D8wvAgKNK5Q
2_0798_002,2,798,2_0798,B082,26.55508,-77.10213,data/raw/FRAME/2_0798.jpg,data/raw/MASK/2_0798_B0XX_0_Level3.jpg,data/raw/JSON/2_0798.json,2_0798_B0XX_0_Level3.jpg,3,3,Severe damage,1,1,24,392,191,463,168,72,0.009071180555555556,0.08310901988636363,0.5958137293992557,09 September 2019,"Marsh Harbor, Abaco, the bahamas",https://youtu.be/D8wvAgKNK5Q
2_0798_003,2,798,2_0798,B081,26.55489,-77.10226,data/raw/FRAME/2_0798.jpg,data/raw/MASK/2_0798_B0XX_0_Level4.jpg,data/raw/JSON/2_0798.json,2_0798_B0XX_0_Level4.jpg,4,4,Destruction,2,1,184,400,463,511,280,112,0.02354275173611111,0.25008555330229987,0.6305140751665617,09 September 2019,"Marsh Harbor, Abaco, the bahamas",https://youtu.be/D8wvAgKNK5Q
2_0798_004,2,798,2_0798,B078,26.55503,-77.1026,data/raw/FRAME/2_0798.jpg,data/raw/MASK/2_0798_B0XX_3_Level4.jpg,data/raw/JSON/2_0798.json,2_0798_B0XX_3_Level4.jpg,4,4,Destruction,1,1,0,496,183,631,184,136,0.019116753472222223,0.06063361157622885,0.7802313133033135,09 September 2019,"Marsh Harbor, Abaco, the bahamas",https://youtu.be/D8wvAgKNK5Q
2_0801_000,2,801,2_0801,B086,26.55496,-77.10189,data/raw/FRAME/2_0801.jpg,data/raw/MASK/2_0801_B0XX_0_Level0.jpg,data/raw/JSON/2_0801.json,2_0801_B0XX_0_Level0.jpg,0,0,No or very minor damage,2,1,184,352,343,415,160,64,0.008743489583333333,0.20662579113924048,0.5348044386530983,09 September 2019,"Marsh Harbor, Abaco, the bahamas",https://youtu.be/D8wvAgKNK5Q
2_0801_001,2,801,2_0801,B076,26.55482,-77.10275,data/raw/FRAME/2_0801.jpg,data/raw/MASK/2_0801_B0XX_0_Level1.jpg,data/raw/JSON/2_0801.json,2_0801_B0XX_0_Level1.jpg,1,1,Minor damage,1,1,168,568,623,719,456,152,0.05459092881944445,0.30073138826499174,0.9083219596333032,09 September 2019,"Marsh Harbor, Abaco, the bahamas",https://youtu.be/D8wvAgKNK5Q
2_0801_002,2,801,2_0801,B082,26.55508,-77.10213,data/raw/FRAME/2_0801.jpg,data/raw/MASK/2_0801_B0XX_0_Level3.jpg,data/raw/JSON/2_0801.json,2_0801_B0XX_0_Level3.jpg,3,3,Severe damage,1,1,0,400,175,471,176,72,0.009801432291666667,0.06445342770950958,0.6023509477594499,09 September 2019,"Marsh Harbor, Abaco, the bahamas",https://youtu.be/D8wvAgKNK5Q
2_0801_003,2,801,2_0801,B081,26.55489,-77.10226,data/raw/FRAME/2_0801.jpg,data/raw/MASK/2_0801_B0XX_0_Level4.jpg,data/raw/JSON/2_0801.json,2_0801_B0XX_0_Level4.jpg,4,4,Destruction,2,1,168,400,455,527,288,128,0.025828993055555555,0.2372243438602756,0.6418981870460614,09 September 2019,"Marsh Harbor, Abaco, the bahamas",https://youtu.be/D8wvAgKNK5Q
2_0801_004,2,801,2_0801,B078,26.55503,-77.1026,data/raw/FRAME/2_0801.jpg,data/raw/MASK/2_0801_B0XX_5_Level4.jpg,data/raw/JSON/2_0801.json,2_0801_B0XX_5_Level4.jpg,4,4,Destruction,1,1,0,504,159,639,160,136,0.016858723958333332,0.05235782929458711,0.7932515035792694,09 September 2019,"Marsh Harbor, Abaco, the bahamas",https://youtu.be/D8wvAgKNK5Q
2_0804_000,2,804,2_0804,B086,26.55496,-77.10189,data/raw/FRAME/2_0804.jpg,data/raw/MASK/2_0804_B0XX_0_Level0.jpg,data/raw/JSON/2_0804.json,2_0804_B0XX_0_Level0.jpg,0,0,No or very minor damage,2,1,136,352,335,431,200,80,0.0112890625,0.18804411163975393,0.543752402921953,09 September 2019,"Marsh Harbor, Abaco, the bahamas",https://youtu.be/D8wvAgKNK5Q
2_0804_001,2,804,2_0804,B085,26.55477,-77.1021,data/raw/FRAME/2_0804.jpg,data/raw/MASK/2_0804_B0XX_0_Level1.jpg,data/raw/JSON/2_0804.json,2_0804_B0XX_0_Level1.jpg,1,1,Minor damage,1,1,336,384,519,463,184,80,0.010057508680555556,0.3352217404790161,0.5889742990374126,09 September 2019,"Marsh Harbor, Abaco, the bahamas",https://youtu.be/D8wvAgKNK5Q
2_0804_002,2,804,2_0804,B081,26.55489,-77.10226,data/raw/FRAME/2_0804.jpg,data/raw/MASK/2_0804_B0XX_0_Level4.jpg,data/raw/JSON/2_0804.json,2_0804_B0XX_0_Level4.jpg,4,4,Destruction,2,1,144,416,439,535,296,120,0.027038845486111112,0.2239729222681488,0.6531144240673115,09 September 2019,"Marsh Harbor, Abaco, the bahamas",https://youtu.be/D8wvAgKNK5Q
2_0804_003,2,804,2_0804,B076,26.55482,-77.10275,data/raw/FRAME/2_0804.jpg,data/raw/MASK/2_0804_B0XX_1_Level1.jpg,data/raw/JSON/2_0804.json,2_0804_B0XX_1_Level1.jpg,1,1,Minor damage,1,1,120,592,615,719,496,128,0.048014322916666664,0.274582468220339,0.9269305712492154,09 September 2019,"Marsh Harbor, Abaco, the bahamas",https://youtu.be/D8wvAgKNK5Q
2_0817_000,2,817,2_0817,B081,26.55489,-77.10226,data/raw/FRAME/2_0817.jpg,data/raw/MASK/2_0817_B0XX_0_Level3.jpg,data/raw/JSON/2_0817.json,2_0817_B0XX_0_Level3.jpg,3,3,Severe damage,2,1,40,456,383,631,344,176,0.04167860243055556,0.15849776919372055,0.745565940312237,09 September 2019,"Marsh Harbor, Abaco, the bahamas",https://youtu.be/D8wvAgKNK5Q
2_0821_000,2,821,2_0821,B086,26.55496,-77.10189,data/raw/FRAME/2_0821.jpg,data/raw/MASK/2_0821_B0XX_0_Level0.jpg,data/raw/JSON/2_0821.json,2_0821_B0XX_0_Level0.jpg,0,0,No or very minor damage,2,1,40,384,279,479,240,96,0.015946180555555557,0.12677679087847032,0.5990242053771245,09 September 2019,"Marsh Harbor, Abaco, the bahamas",https://youtu.be/D8wvAgKNK5Q
2_0821_001,2,821,2_0821,B081,26.55489,-77.10226,data/raw/FRAME/2_0821.jpg,data/raw/MASK/2_0821_B0XX_0_Level4.jpg,data/raw/JSON/2_0821.json,2_0821_B0XX_0_Level4.jpg,4,4,Destruction,2,1,8,464,367,655,360,192,0.04707356770833333,0.13587090565428855,0.7681406183169547,09 September 2019,"Marsh Harbor, Abaco, the bahamas",https://youtu.be/D8wvAgKNK5Q
2_0824_000,2,824,2_0824,B081,26.55489,-77.10226,data/raw/FRAME/2_0824.jpg,data/raw/MASK/2_0824_B0XX_0_Level4.jpg,data/raw/JSON/2_0824.json,2_0824_B0XX_0_Level4.jpg,4,4,Destruction,2,1,0,480,351,671,352,192,0.050172526041666665,0.12084042961569239,0.7933914913096447,09 September 2019,"Marsh Harbor, Abaco, the bahamas",https://youtu.be/D8wvAgKNK5Q
2_0827_000,2,827,2_0827,B086,26.55496,-77.10189,data/raw/FRAME/2_0827.jpg,data/raw/MASK/2_0827_B0XX_0_Level0.jpg,data/raw/JSON/2_0827.json,2_0827_B0XX_0_Level0.jpg,0,0,No or very minor damage,2,1,0,392,247,503,248,112,0.020101996527777777,0.09496450933822735,0.6229597742512025,09 September 2019,"Marsh Harbor, Abaco, the bahamas",https://youtu.be/D8wvAgKNK5Q
2_0827_001,2,827,2_0827,B085,26.55477,-77.1021,data/raw/FRAME/2_0827.jpg,data/raw/MASK/2_0827_B0XX_0_Level1.jpg,data/raw/JSON/2_0827.json,2_0827_B0XX_0_Level1.jpg,1,1,Minor damage,1,1,288,456,455,551,168,96,0.012969835069444444,0.2915325258303355,0.7054643418202775,09 September 2019,"Marsh Harbor, Abaco, the bahamas",https://youtu.be/D8wvAgKNK5Q
2_0827_002,2,827,2_0827,B081,26.55489,-77.10226,data/raw/FRAME/2_0827.jpg,data/raw/MASK/2_0827_B0XX_0_Level4.jpg,data/raw/JSON/2_0827.json,2_0827_B0XX_0_Level4.jpg,4,4,Destruction,2,1,0,488,335,695,336,208,0.052965494791666665,0.10905443670231292,0.819552111573192,09 September 2019,"Marsh Harbor, Abaco, the bahamas",https://youtu.be/D8wvAgKNK5Q
2_0830_000,2,830,2_0830,B086,26.55496,-77.10189,data/raw/FRAME/2_0830.jpg,data/raw/MASK/2_0830_B0XX_0_Level0.jpg,data/raw/JSON/2_0830.json,2_0830_B0XX_0_Level0.jpg,0,0,No or very minor damage,2,1,0,400,231,511,232,112,0.01804470486111111,0.08625319452796151,0.6346059664595443,09 September 2019,"Marsh Harbor, Abaco, the bahamas",https://youtu.be/D8wvAgKNK5Q
2_0830_001,2,830,2_0830,B085,26.55477,-77.1021,data/raw/FRAME/2_0830.jpg,data/raw/MASK/2_0830_B0XX_0_Level1.jpg,data/raw/JSON/2_0830.json,2_0830_B0XX_0_Level1.jpg,1,1,Minor damage,1,1,208,432,447,567,240,136,0.024436848958333333,0.26432763448559127,0.6962599105032834,09 September 2019,"Marsh Harbor, Abaco, the bahamas",https://youtu.be/D8wvAgKNK5Q
2_0830_002,2,830,2_0830,B081,26.55489,-77.10226,data/raw/FRAME/2_0830.jpg,data/raw/MASK/2_0830_B0XX_0_Level4.jpg,data/raw/JSON/2_0830.json,2_0830_B0XX_0_Level4.jpg,4,4,Destruction,2,1,0,504,327,719,328,216,0.0462890625,0.10825790040436005,0.8410689821326248,09 September 2019,"Marsh Harbor, Abaco, the bahamas",https://youtu.be/D8wvAgKNK5Q
2_0836_000,2,836,2_0836,B086,26.55496,-77.10189,data/raw/FRAME/2_0836.jpg,data/raw/MASK/2_0836_B0XX_0_Level0.jpg,data/raw/JSON/2_0836.json,2_0836_B0XX_0_Level0.jpg,0,0,No or very minor damage,2,1,0,408,215,511,216,104,0.018931206597222222,0.08178358027167995,0.6386297707979085,09 September 2019,"Marsh Harbor, Abaco, the bahamas",https://youtu.be/D8wvAgKNK5Q
2_0836_001,2,836,2_0836,B085,26.55477,-77.1021,data/raw/FRAME/2_0836.jpg,data/raw/MASK/2_0836_B0XX_0_Level1.jpg,data/raw/JSON/2_0836.json,2_0836_B0XX_0_Level1.jpg,1,1,Minor damage,1,1,208,440,439,567,232,128,0.024037543402777778,0.26036089920101113,0.6987079126478982,09 September 2019,"Marsh Harbor, Abaco, the bahamas",https://youtu.be/D8wvAgKNK5Q
2_0836_002,2,836,2_0836,B081,26.55489,-77.10226,data/raw/FRAME/2_0836.jpg,data/raw/MASK/2_0836_B0XX_0_Level4.jpg,data/raw/JSON/2_0836.json,2_0836_B0XX_0_Level4.jpg,4,4,Destruction,2,1,0,496,311,719,312,224,0.047417534722222224,0.10724127574370709,0.8470352148487159,09 September 2019,"Marsh Harbor, Abaco, the bahamas",https://youtu.be/D8wvAgKNK5Q
2_0862_000,2,862,2_0862,B086,26.55496,-77.10189,data/raw/FRAME/2_0862.jpg,data/raw/MASK/2_0862_B0XX_0_Level0.jpg,data/raw/JSON/2_0862.json,2_0862_B0XX_0_Level0.jpg,0,0,No or very minor damage,2,1,0,424,167,535,168,112,0.01553927951388889,0.061185169506319394,0.6683983893117333,09 September 2019,"Marsh Harbor, Abaco, the bahamas",https://youtu.be/D8wvAgKNK5Q
2_0862_001,2,862,2_0862,B085,26.55477,-77.1021,data/raw/FRAME/2_0862.jpg,data/raw/MASK/2_0862_B0XX_0_Level1.jpg,data/raw/JSON/2_0862.json,2_0862_B0XX_0_Level1.jpg,1,1,Minor damage,1,1,192,504,407,623,216,120,0.019256727430555554,0.23834182361807627,0.7863180318426275,09 September 2019,"Marsh Harbor, Abaco, the bahamas",https://youtu.be/D8wvAgKNK5Q
2_0862_002,2,862,2_0862,B081,26.55489,-77.10226,data/raw/FRAME/2_0862.jpg,data/raw/MASK/2_0862_B0XX_0_Level3.jpg,data/raw/JSON/2_0862.json,2_0862_B0XX_0_Level3.jpg,3,3,Severe damage,2,1,0,576,247,719,248,144,0.016031901041666668,0.11616280668358714,0.9002788118067305,09 September 2019,"Marsh Harbor, Abaco, the bahamas",https://youtu.be/D8wvAgKNK5Q
2_0865_000,2,865,2_0865,B086,26.55496,-77.10189,data/raw/FRAME/2_0865.jpg,data/raw/MASK/2_0865_B0XX_0_Level0.jpg,data/raw/JSON/2_0865.json,2_0865_B0XX_0_Level0.jpg,0,0,No or very minor damage,2,1,0,424,167,527,168,104,0.0147265625,0.060054017462422636,0.6628107910076301,09 September 2019,"Marsh Harbor, Abaco, the bahamas",https://youtu.be/D8wvAgKNK5Q
2_0865_001,2,865,2_0865,B008,26.55467,-77.10075,data/raw/FRAME/2_0865.jpg,data/raw/MASK/2_0865_B0XX_0_Level1.jpg,data/raw/JSON/2_0865.json,2_0865_B0XX_0_Level1.jpg,1,1,Minor damage,1,1,424,288,551,327,128,40,0.004276258680555555,0.38426894347881246,0.4283360117285517,09 September 2019,"Marsh Harbor, Abaco, the bahamas",https://youtu.be/D8wvAgKNK5Q
2_0865_002,2,865,2_0865,B087,26.55452,-77.10058,data/raw/FRAME/2_0865.jpg,data/raw/MASK/2_0865_B0XX_0_Level2.jpg,data/raw/JSON/2_0865.json,2_0865_B0XX_0_Level2.jpg,2,2,Moderate damage,1,1,544,280,623,319,80,40,0.0028548177083333333,0.4567277769859369,0.41762848937877445,09 September 2019,"Marsh Harbor, Abaco, the bahamas",https://youtu.be/D8wvAgKNK5Q
2_0865_003,2,865,2_0865,B085,26.55477,-77.1021,data/raw/FRAME/2_0865.jpg,data/raw/MASK/2_0865_B0XX_1_Level1.jpg,data/raw/JSON/2_0865.json,2_0865_B0XX_1_Level1.jpg,1,1,Minor damage,1,1,152,464,399,615,248,152,0.031473524305555556,0.22660594467523962,0.7526221107510324,09 September 2019,"Marsh Harbor, Abaco, the bahamas",https://youtu.be/D8wvAgKNK5Q
2_0865_004,2,865,2_0865,B081,26.55489,-77.10226,data/raw/FRAME/2_0865.jpg,data/raw/MASK/2_0865_B0XX_1_Level2.jpg,data/raw/JSON/2_0865.json,2_0865_B0XX_1_Level2.jpg,2,2,Moderate damage,2,1,0,576,247,719,248,144,0.014938151041666667,0.11859819904481732,0.8996609242714058,09 September 2019,"Marsh Harbor, Abaco, the bahamas",https://youtu.be/D8wvAgKNK5Q
3_0002_000,3,2,3_0002,B001,26.55511,-77.10044,data/raw/FRAME/3_0002.jpg,data/raw/MASK/3_0002_B0XX_0_Level0.jpg,data/raw/JSON/3_0002.json,3_0002_B0XX_0_Level0.jpg,0,0,No or very minor damage,1,1,40,288,239,375,200,88,0.012942708333333334,0.11552839170439302,0.461274824875177,09 September 2019,"Marsh Harbor, Abaco, the bahamas",https://youtu.be/Ya5dP0xqLyw
3_0002_001,3,2,3_0002,B008,26.55467,-77.10075,data/raw/FRAME/3_0002.jpg,data/raw/MASK/3_0002_B0XX_0_Level1.jpg,data/raw/JSON/3_0002.json,3_0002_B0XX_0_Level1.jpg,1,1,Minor damage,1,1,376,312,535,375,160,64,0.007323133680555555,0.3565672923766484,0.47516031181574225,09 September 2019,"Marsh Harbor, Abaco, the bahamas",https://youtu.be/Ya5dP0xqLyw
3_0002_002,3,2,3_0002,B087,26.55452,-77.10058,data/raw/FRAME/3_0002.jpg,data/raw/MASK/3_0002_B0XX_0_Level2.jpg,data/raw/JSON/3_0002.json,3_0002_B0XX_0_Level2.jpg,2,2,Moderate damage,1,1,528,304,623,351,96,48,0.003962673611111111,0.44923757530120484,0.4564218997200925,09 September 2019,"Marsh Harbor, Abaco, the bahamas",https://youtu.be/Ya5dP0xqLyw
3_0002_003,3,2,3_0002,B088,26.55418,-77.10117,data/raw/FRAME/3_0002.jpg,data/raw/MASK/3_0002_B0XX_0_Level3.jpg,data/raw/JSON/3_0002.json,3_0002_B0XX_0_Level3.jpg,3,3,Severe damage,1,1,944,392,1023,439,80,48,0.002837456597222222,0.7680864603250478,0.576059592096877,09 September 2019,"Marsh Harbor, Abaco, the bahamas",https://youtu.be/Ya5dP0xqLyw
3_0002_004,3,2,3_0002,B089,26.55481,-77.10192,data/raw/FRAME/3_0002.jpg,data/raw/MASK/3_0002_B0XX_1_Level1.jpg,data/raw/JSON/3_0002.json,3_0002_B0XX_1_Level1.jpg,1,1,Minor damage,1,1,24,616,263,719,240,104,0.021736111111111112,0.10695621380790735,0.9346364566693292,09 September 2019,"Marsh Harbor, Abaco, the bahamas",https://youtu.be/Ya5dP0xqLyw
3_0002_005,3,2,3_0002,B090,26.5541,-77.10125,data/raw/FRAME/3_0002.jpg,data/raw/MASK/3_0002_B0XX_1_Level3.jpg,data/raw/JSON/3_0002.json,3_0002_B0XX_1_Level3.jpg,3,3,Severe damage,1,1,1040,400,1119,455,80,56,0.003224826388888889,0.8433769872981157,0.5929125542096605,09 September 2019,"Marsh Harbor, Abaco, the bahamas",https://youtu.be/Ya5dP0xqLyw
3_0004_000,3,4,3_0004,B001,26.55511,-77.10044,data/raw/FRAME/3_0004.jpg,data/raw/MASK/3_0004_B0XX_0_Level0.jpg,data/raw/JSON/3_0004.json,3_0004_B0XX_0_Level0.jpg,0,0,No or very minor damage,1,1,32,288,239,383,208,96,0.014249131944444444,0.10918111530992994,0.4672568281043761,09 September 2019,"Marsh Harbor, Abaco, the bahamas",https://youtu.be/Ya5dP0xqLyw
3_0004_001,3,4,3_0004,B008,26.55467,-77.10075,data/raw/FRAME/3_0004.jpg,data/raw/MASK/3_0004_B0XX_0_Level1.jpg,data/raw/JSON/3_0004.json,3_0004_B0XX_0_Level1.jpg,1,1,Minor damage,1,1,376,312,527,375,152,64,0.007009548611111111,0.35181888544891643,0.48035904712762295,09 September 2019,"Marsh Harbor, Abaco, the bahamas",https://youtu.be/Ya5dP0xqLyw
3_0004_002,3,4,3_0004,B087,26.55452,-77.10058,data/raw/FRAME/3_0004.jpg,data/raw/MASK/3_0004_B0XX_0_Level2.jpg,data/raw/JSON/3_0004.json,3_0004_B0XX_0_Level2.jpg,2,2,Moderate damage,1,1,520,312,623,359,104,48,0.004366319444444444,0.4466094060636183,0.4644825491495471,09 September 2019,"Marsh Harbor, Abaco, the bahamas",https://youtu.be/Ya5dP0xqLyw
3_0004_003,3,4,3_0004,B088,26.55418,-77.10117,data/raw/FRAME/3_0004.jpg,data/raw/MASK/3_0004_B0XX_0_Level3.jpg,data/raw/JSON/3_0004.json,3_0004_B0XX_0_Level3.jpg,3,3,Severe damage,1,1,952,400,1023,447,72,48,0.0030132378472222223,0.7712200666186532,0.588253711039091,09 September 2019,"Marsh Harbor, Abaco, the bahamas",https://youtu.be/Ya5dP0xqLyw
3_0004_004,3,4,3_0004,B089,26.55481,-77.10192,data/raw/FRAME/3_0004.jpg,data/raw/MASK/3_0004_B0XX_1_Level1.jpg,data/raw/JSON/3_0004.json,3_0004_B0XX_1_Level1.jpg,1,1,Minor damage,1,1,0,640,231,719,232,80,0.010361328125,0.10163956958843859,0.9377315542057924,09 September 2019,"Marsh Harbor, Abaco, the bahamas",https://youtu.be/Ya5dP0xqLyw
3_0004_005,3,4,3_0004,B090,26.5541,-77.10125,data/raw/FRAME/3_0004.jpg,data/raw/MASK/3_0004_B0XX_1_Level3.jpg,data/raw/JSON/3_0004.json,3_0004_B0XX_1_Level3.jpg,3,3,Severe damage,1,1,1048,416,1127,463,80,48,0.002975260416666667,0.8486620167760759,0.6077888200016209,09 September 2019,"Marsh Harbor, Abaco, the bahamas",https://youtu.be/Ya5dP0xqLyw
3_0005_000,3,5,3_0005,B001,26.55511,-77.10044,data/raw/FRAME/3_0005.jpg,data/raw/MASK/3_0005_B0XX_0_Level0.jpg,data/raw/JSON/3_0005.json,3_0005_B0XX_0_Level0.jpg,0,0,No or very minor damage,1,1,40,288,239,375,200,88,0.013092447916666666,0.10812497410077906,0.466467990865057,09 September 2019,"Marsh Harbor, Abaco, the bahamas",https://youtu.be/Ya5dP0xqLyw
3_0005_001,3,5,3_0005,B008,26.55467,-77.10075,data/raw/FRAME/3_0005.jpg,data/raw/MASK/3_0005_B0XX_0_Level1.jpg,data/raw/JSON/3_0005.json,3_0005_B0XX_0_Level1.jpg,1,1,Minor damage,1,1,376,312,527,383,152,72,0.008487413194444444,0.35169933361032985,0.4832347864996165,09 September 2019,"Marsh Harbor, Abaco, the bahamas",https://youtu.be/Ya5dP0xqLyw
3_0005_002,3,5,3_0005,B087,26.55452,-77.10058,data/raw/FRAME/3_0005.jpg,data/raw/MASK/3_0005_B0XX_0_Level2.jpg,data/raw/JSON/3_0005.json,3_0005_B0XX_0_Level2.jpg,2,2,Moderate damage,1,1,512,304,615,359,104,56,0.004689670138888889,0.44255697593706617,0.4629370404648054,09 September 2019,"Marsh Harbor, Abaco, the bahamas",https://youtu.be/Ya5dP0xqLyw
3_0005_003,3,5,3_0005,B088,26.55418,-77.10117,data/raw/FRAME/3_0005.jpg,data/raw/MASK/3_0005_B0XX_0_Level3.jpg,data/raw/JSON/3_0005.json,3_0005_B0XX_0_Level3.jpg,3,3,Severe damage,1,1,952,400,1031,455,80,56,0.0035362413194444443,0.7741453954433876,0.5940715454638437,09 September 2019,"Marsh Harbor, Abaco, the bahamas",https://youtu.be/Ya5dP0xqLyw
3_0005_004,3,5,3_0005,B090,26.5541,-77.10125,data/raw/FRAME/3_0005.jpg,data/raw/MASK/3_0005_B0XX_1_Level3.jpg,data/raw/JSON/3_0005.json,3_0005_B0XX_1_Level3.jpg,3,3,Severe damage,1,1,1056,408,1135,471,80,64,0.0038834635416666666,0.8530204404163173,0.6118507652665238,09 September 2019,"Marsh Harbor, Abaco, the bahamas",https://youtu.be/Ya5dP0xqLyw
3_0021_000,3,21,3_0021,B001,26.55511,-77.10044,data/raw/FRAME/3_0021.jpg,data/raw/MASK/3_0021_B0XX_0_Level0.jpg,data/raw/JSON/3_0021.json,3_0021_B0XX_0_Level0.jpg,0,0,No or very minor damage,1,1,0,352,111,415,112,64,0.005810546875,0.03759132819794585,0.5331427015250545,09 September 2019,"Marsh Harbor, Abaco, the bahamas",https://youtu.be/Ya5dP0xqLyw
3_0021_001,3,21,3_0021,B002,26.55516,-77.09986,data/raw/FRAME/3_0021.jpg,data/raw/MASK/3_0021_B0XX_0_Level1.jpg,data/raw/JSON/3_0021.json,3_0021_B0XX_0_Level1.jpg,1,1,Minor damage,1,1,0,304,175,359,176,56,0.008133680555555555,0.06628941685565634,0.46218131151428915,09 September 2019,"Marsh Harbor, Abaco, the bahamas",https://youtu.be/Ya5dP0xqLyw
3_0021_002,3,21,3_0021,B087,26.55452,-77.10058,data/raw/FRAME/3_0021.jpg,data/raw/MASK/3_0021_B0XX_0_Level2.jpg,data/raw/JSON/3_0021.json,3_0021_B0XX_0_Level2.jpg,2,2,Moderate damage,1,1,456,328,599,391,144,64,0.006780598958333333,0.41447631621059366,0.4963045198342846,09 September 2019,"Marsh Harbor, Abaco, the bahamas",https://youtu.be/Ya5dP0xqLyw
3_0021_003,3,21,3_0021,B088,26.55418,-77.10117,data/raw/FRAME/3_0021.jpg,data/raw/MASK/3_0021_B0XX_0_Level3.jpg,data/raw/JSON/3_0021.json,3_0021_B0XX_0_Level3.jpg,3,3,Severe damage,1,1,1000,464,1095,519,96,56,0.00408203125,0.8176182050770867,0.6835138667375509,09 September 2019,"Marsh Harbor, Abaco, the bahamas",https://youtu.be/Ya5dP0xqLyw
3_0021_004,3,21,3_0021,B008,26.55467,-77.10075,data/raw/FRAME/3_0021.jpg,data/raw/MASK/3_0021_B0XX_1_Level1.jpg,data/raw/JSON/3_0021.json,3_0021_B0XX_1_Level1.jpg,1,1,Minor damage,1,1,296,344,479,407,184,64,0.009801432291666667,0.3030136029004761,0.5236112648683223,09 September 2019,"Marsh Harbor, Abaco, the bahamas",https://youtu.be/Ya5dP0xqLyw
3_0021_005,3,21,3_0021,B090,26.5541,-77.10125,data/raw/FRAME/3_0021.jpg,data/raw/MASK/3_0021_B0XX_1_Level3.jpg,data/raw/JSON/3_0021.json,3_0021_B0XX_1_Level3.jpg,3,3,Severe damage,1,1,1136,472,1247,543,112,72,0.006663411458333333,0.929874893136297,0.7048650690260363,09 September 2019,"Marsh Harbor, Abaco, the bahamas",https://youtu.be/Ya5dP0xqLyw
3_0024_000,3,24,3_0024,B002,26.55516,-77.09986,data/raw/FRAME/3_0024.jpg,data/raw/MASK/3_0024_B0XX_0_Level0.jpg,data/raw/JSON/3_0024.json,3_0024_B0XX_0_Level0.jpg,0,0,No or very minor damage,1,1,0,304,151,367,152,64,0.007804904513888889,0.05628823161406923,0.46758692864976753,09 September 2019,"Marsh Harbor, Abaco, the bahamas",https://youtu.be/Ya5dP0xqLyw
3_0024_001,3,24,3_0024,B008,26.55467,-77.10075,data/raw/FRAME/3_0024.jpg,data/raw/MASK/3_0024_B0XX_0_Level1.jpg,data/raw/JSON/3_0024.json,3_0024_B0XX_0_Level1.jpg,1,1,Minor damage,1,1,272,352,479,431,208,80,0.011908637152777778,0.29425291856492025,0.5415783345988358,09 September 2019,"Marsh Harbor, Abaco, the bahamas",https://youtu.be/Ya5dP0xqLyw
3_0024_002,3,24,3_0024,B087,26.55452,-77.10058,data/raw/FRAME/3_0024.jpg,data/raw/MASK/3_0024_B0XX_0_Level2.jpg,data/raw/JSON/3_0024.json,3_0024_B0XX_0_Level2.jpg,2,2,Moderate damage,1,1,464,336,591,391,128,56,0.006396484375,0.4119085294741306,0.5062110074451042,09 September 2019,"Marsh Harbor, Abaco, the bahamas",https://youtu.be/Ya5dP0xqLyw
3_0024_003,3,24,3_0024,B088,26.55418,-77.10117,data/raw/FRAME/3_0024.jpg,data/raw/MASK/3_0024_B0XX_0_Level3.jpg,data/raw/JSON/3_0024.json,3_0024_B0XX_0_Level3.jpg,3,3,Severe damage,1,1,1016,472,1119,535,104,64,0.005389539930555556,0.8339902733038052,0.7020543923226629,09 September 2019,"Marsh Harbor, Abaco, the bahamas",https://youtu.be/Ya5dP0xqLyw
3_0024_004,3,24,3_0024,B090,26.5541,-77.10125,data/raw/FRAME/3_0024.jpg,data/raw/MASK/3_0024_B0XX_1_Level3.jpg,data/raw/JSON/3_0024.json,3_0024_B0XX_1_Level3.jpg,3,3,Severe damage,1,1,1160,496,1271,567,112,72,0.006780598958333333,0.9488805708913427,0.7384657100691666,09 September 2019,"Marsh Harbor, Abaco, the bahamas",https://youtu.be/Ya5dP0xqLyw
3_0028_000,3,28,3_0028,B008,26.55467,-77.10075,data/raw/FRAME/3_0028.jpg,data/raw/MASK/3_0028_B0XX_0_Level1.jpg,data/raw/JSON/3_0028.json,3_0028_B0XX_0_Level1.jpg,1,1,Minor damage,1,1,256,360,455,447,200,88,0.013465711805555556,0.2745647411361805,0.5608628793983347,09 September 2019,"Marsh Harbor, Abaco, the bahamas",https://youtu.be/Ya5dP0xqLyw
3_0028_001,3,28,3_0028,B087,26.55452,-77.10058,data/raw/FRAME/3_0028.jpg,data/raw/MASK/3_0028_B0XX_0_Level2.jpg,data/raw/JSON/3_0028.json,3_0028_B0XX_0_Level2.jpg,2,2,Moderate damage,1,1,424,352,583,415,160,64,0.007817925347222223,0.39675886970853574,0.5273845323463644,09 September 2019,"Marsh Harbor, Abaco, the bahamas",https://youtu.be/Ya5dP0xqLyw
3_0028_002,3,28,3_0028,B088,26.55418,-77.10117,data/raw/FRAME/3_0028.jpg,data/raw/MASK/3_0028_B0XX_0_Level3.jpg,data/raw/JSON/3_0028.json,3_0028_B0XX_0_Level3.jpg,3,3,Severe damage,1,1,1040,504,1151,575,112,72,0.006274956597222222,0.8565871952273906,0.7480399926989066,09 September 2019,"Marsh Harbor, Abaco, the bahamas",https://youtu.be/Ya5dP0xqLyw
3_0028_003,3,28,3_0028,B090,26.5541,-77.10125,data/raw/FRAME/3_0028.jpg,data/raw/MASK/3_0028_B0XX_1_Level3.jpg,data/raw/JSON/3_0028.json,3_0028_B0XX_1_Level3.jpg,3,3,Severe damage,1,1,1200,528,1279,599,80,72,0.0053125,0.9707535488153594,0.7819932371096587,09 September 2019,"Marsh Harbor, Abaco, the bahamas",https://youtu.be/Ya5dP0xqLyw
3_0031_000,3,31,3_0031,B008,26.55467,-77.10075,data/raw/FRAME/3_0031.jpg,data/raw/MASK/3_0031_B0XX_0_Level1.jpg,data/raw/JSON/3_0031.json,3_0031_B0XX_0_Level1.jpg,1,1,Minor damage,1,1,240,360,455,455,216,96,0.014692925347222222,0.2698795556088915,0.566332496369052,09 September 2019,"Marsh Harbor, Abaco, the bahamas",https://youtu.be/Ya5dP0xqLyw
3_0031_001,3,31,3_0031,B087,26.55452,-77.10058,data/raw/FRAME/3_0031.jpg,data/raw/MASK/3_0031_B0XX_0_Level2.jpg,data/raw/JSON/3_0031.json,3_0031_B0XX_0_Level2.jpg,2,2,Moderate damage,1,1,408,344,583,415,176,72,0.008819444444444444,0.39430133489173225,0.5281798515419948,09 September 2019,"Marsh Harbor, Abaco, the bahamas",https://youtu.be/Ya5dP0xqLyw
3_0031_002,3,31,3_0031,B088,26.55418,-77.10117,data/raw/FRAME/3_0031.jpg,data/raw/MASK/3_0031_B0XX_0_Level3.jpg,data/raw/JSON/3_0031.json,3_0031_B0XX_0_Level3.jpg,3,3,Severe damage,1,1,1064,512,1183,591,120,80,0.0070182291666666665,0.8756357017238713,0.7610529186422044,09 September 2019,"Marsh Harbor, Abaco, the bahamas",https://youtu.be/Ya5dP0xqLyw
3_0031_003,3,31,3_0031,B090,26.5541,-77.10125,data/raw/FRAME/3_0031.jpg,data/raw/MASK/3_0031_B0XX_1_Level3.jpg,data/raw/JSON/3_0031.json,3_0031_B0XX_1_Level3.jpg,3,3,Severe damage,1,1,1232,536,1279,615,48,80,0.003372395833333333,0.9821886060167311,0.7988568926068926,09 September 2019,"Marsh Harbor, Abaco, the bahamas",https://youtu.be/Ya5dP0xqLyw
3_0056_000,3,56,3_0056,B008,26.55467,-77.10075,data/raw/FRAME/3_0056.jpg,data/raw/MASK/3_0056_B0XX_0_Level0.jpg,data/raw/JSON/3_0056.json,3_0056_B0XX_0_Level0.jpg,0,0,No or very minor damage,1,1,0,592,159,719,160,128,0.009159071180555556,0.06847640978557043,0.8995433992812859,09 September 2019,"Marsh Harbor, Abaco, the bahamas",https://youtu.be/Ya5dP0xqLyw
3_0056_001,3,56,3_0056,B091,26.5539,-77.09918,data/raw/FRAME/3_0056.jpg,data/raw/MASK/3_0056_B0XX_0_Level1.jpg,data/raw/JSON/3_0056.json,3_0056_B0XX_0_Level1.jpg,1,1,Minor damage,1,1,800,304,903,343,104,40,0.0035047743055555557,0.6652063177244582,0.45124957000343996,09 September 2019,"Marsh Harbor, Abaco, the bahamas",https://youtu.be/Ya5dP0xqLyw
3_0056_002,3,56,3_0056,B087,26.55452,-77.10058,data/raw/FRAME/3_0056.jpg,data/raw/MASK/3_0056_B0XX_0_Level3.jpg,data/raw/JSON/3_0056.json,3_0056_B0XX_0_Level3.jpg,3,3,Severe damage,1,1,120,496,455,663,336,168,0.042358940972222224,0.22727834898048055,0.8042859236868919,09 September 2019,"Marsh Harbor, Abaco, the bahamas",https://youtu.be/Ya5dP0xqLyw
3_0056_003,3,56,3_0056,B092,26.55376,-77.09927,data/raw/FRAME/3_0056.jpg,data/raw/MASK/3_0056_B0XX_0_Level4.jpg,data/raw/JSON/3_0056.json,3_0056_B0XX_0_Level4.jpg,4,4,Destruction,1,1,952,312,1119,359,168,48,0.005926649305555556,0.8093960259520323,0.46719709914968066,09 September 2019,"Marsh Harbor, Abaco, the bahamas",https://youtu.be/Ya5dP0xqLyw
3_0059_000,3,59,3_0059,B087,26.55452,-77.10058,data/raw/FRAME/3_0059.jpg,data/raw/MASK/3_0059_B0XX_0_Level2.jpg,data/raw/JSON/3_0059.json,3_0059_B0XX_0_Level2.jpg,2,2,Moderate damage,1,1,16,552,415,719,400,168,0.053017578125,0.1785471157978756,0.8905056350327119,09 September 2019,"Marsh Harbor, Abaco, the bahamas",https://youtu.be/Ya5dP0xqLyw
3_0085_000,3,85,3_0085,B006,26.55441,-77.09877,data/raw/FRAME/3_0085.jpg,data/raw/MASK/3_0085_B0XX_0_Level1.jpg,data/raw/JSON/3_0085.json,3_0085_B0XX_0_Level1.jpg,1,1,Minor damage,1,1,56,352,167,407,112,56,0.005180121527777777,0.08887136049434437,0.5275112879951589,09 September 2019,"Marsh Harbor, Abaco, the bahamas",https://youtu.be/Ya5dP0xqLyw
3_0085_001,3,85,3_0085,B091,26.5539,-77.09918,data/raw/FRAME/3_0085.jpg,data/raw/MASK/3_0085_B0XX_0_Level2.jpg,data/raw/JSON/3_0085.json,3_0085_B0XX_0_Level2.jpg,2,2,Moderate damage,1,1,856,392,1031,463,176,72,0.011128472222222222,0.7386416335559672,0.5960336225949038,09 September 2019,"Marsh Harbor, Abaco, the bahamas",https://youtu.be/Ya5dP0xqLyw
3_0085_002,3,85,3_0085,B092,26.55376,-77.09927,data/raw/FRAME/3_0085.jpg,data/raw/MASK/3_0085_B0XX_0_Level3.jpg,data/raw/JSON/3_0085.json,3_0085_B0XX_0_Level3.jpg,3,3,Severe damage,1,1,1136,408,1279,503,144,96,0.011408420138888889,0.9492579834030815,0.6319034937543593,09 September 2019,"Marsh Harbor, Abaco, the bahamas",https://youtu.be/Ya5dP0xqLyw
3_0085_003,3,85,3_0085,B003,26.55452,-77.09913,data/raw/FRAME/3_0085.jpg,data/raw/MASK/3_0085_B0XX_1_Level2.jpg,data/raw/JSON/3_0085.json,3_0085_B0XX_1_Level2.jpg,2,2,Moderate damage,1,1,32,416,335,495,304,80,0.019114583333333334,0.1430054708787466,0.636077051165607,09 September 2019,"Marsh Harbor, Abaco, the bahamas",https://youtu.be/Ya5dP0xqLyw
3_0088_000,3,88,3_0088,B006,26.55441,-77.09877,data/raw/FRAME/3_0088.jpg,data/raw/MASK/3_0088_B0XX_0_Level1.jpg,data/raw/JSON/3_0088.json,3_0088_B0XX_0_Level1.jpg,1,1,Minor damage,1,1,32,360,143,415,112,56,0.0047819010416666665,0.06880353698661221,0.5401375337216046,09 September 2019,"Marsh Harbor, Abaco, the bahamas",https://youtu.be/Ya5dP0xqLyw
3_0088_001,3,88,3_0088,B091,26.5539,-77.09918,data/raw/FRAME/3_0088.jpg,data/raw/MASK/3_0088_B0XX_0_Level2.jpg,data/raw/JSON/3_0088.json,3_0088_B0XX_0_Level2.jpg,2,2,Moderate damage,1,1,880,408,1047,487,168,80,0.011420355902777778,0.7542691508313539,0.6209206914753232,09 September 2019,"Marsh Harbor, Abaco, the bahamas",https://youtu.be/Ya5dP0xqLyw
3_0088_002,3,88,3_0088,B092,26.55376,-77.09927,data/raw/FRAME/3_0088.jpg,data/raw/MASK/3_0088_B0XX_0_Level3.jpg,data/raw/JSON/3_0088.json,3_0088_B0XX_0_Level3.jpg,3,3,Severe damage,1,1,1168,432,1279,519,112,88,0.007826605902777778,0.9617223242756134,0.6645730317174238,09 September 2019,"Marsh Harbor, Abaco, the bahamas",https://youtu.be/Ya5dP0xqLyw
3_0088_003,3,88,3_0088,B003,26.55452,-77.09913,data/raw/FRAME/3_0088.jpg,data/raw/MASK/3_0088_B0XX_1_Level2.jpg,data/raw/JSON/3_0088.json,3_0088_B0XX_1_Level2.jpg,2,2,Moderate damage,1,1,8,440,303,519,296,80,0.016318359375,0.12677548789813153,0.6648331929575696,09 September 2019,"Marsh Harbor, Abaco, the bahamas",https://youtu.be/Ya5dP0xqLyw
3_0091_000,3,91,3_0091,B091,26.5539,-77.09918,data/raw/FRAME/3_0091.jpg,data/raw/MASK/3_0091_B0XX_0_Level2.jpg,data/raw/JSON/3_0091.json,3_0091_B0XX_0_Level2.jpg,2,2,Moderate damage,1,1,880,416,1079,503,200,88,0.01383029513888889,0.7626467372116743,0.6458855283574804,09 September 2019,"Marsh Harbor, Abaco, the bahamas",https://youtu.be/Ya5dP0xqLyw
3_0091_001,3,91,3_0091,B092,26.55376,-77.09927,data/raw/FRAME/3_0091.jpg,data/raw/MASK/3_0091_B0XX_0_Level3.jpg,data/raw/JSON/3_0091.json,3_0091_B0XX_0_Level3.jpg,3,3,Severe damage,1,1,1208,456,1279,543,72,88,0.0052549913194444445,0.9744852428763163,0.6968752150870673,09 September 2019,"Marsh Harbor, Abaco, the bahamas",https://youtu.be/Ya5dP0xqLyw
3_0091_002,3,91,3_0091,B003,26.55452,-77.09913,data/raw/FRAME/3_0091.jpg,data/raw/MASK/3_0091_B0XX_1_Level2.jpg,data/raw/JSON/3_0091.json,3_0091_B0XX_1_Level2.jpg,2,2,Moderate damage,1,1,0,456,287,543,288,88,0.02047309027777778,0.11305446887587449,0.6927197430099169,09 September 2019,"Marsh Harbor, Abaco, the bahamas",https://youtu.be/Ya5dP0xqLyw
3_0184_000,3,184,3_0184,B093,26.55317,-77.09614,data/raw/FRAME/3_0184.jpg,data/raw/MASK/3_0184_B0XX_0_Level4.jpg,data/raw/JSON/3_0184.json,3_0184_B0XX_0_Level4.jpg,4,4,Destruction,1,1,752,272,1247,367,496,96,0.03232964409722222,0.7865982390082229,0.45324653651805863,09 September 2019,"Marsh Harbor, Abaco, the bahamas",https://youtu.be/Ya5dP0xqLyw
3_0216_000,3,216,3_0216,B093,26.55317,-77.09614,data/raw/FRAME/3_0216.jpg,data/raw/MASK/3_0216_B0XX_0_Level4.jpg,data/raw/JSON/3_0216.json,3_0216_B0XX_0_Level4.jpg,4,4,Destruction,1,1,736,264,1271,351,536,88,0.033828125,0.7899382487730947,0.43629951280187035,09 September 2019,"Marsh Harbor, Abaco, the bahamas",https://youtu.be/Ya5dP0xqLyw
3_0248_000,3,248,3_0248,B093,26.55317,-77.09614,data/raw/FRAME/3_0248.jpg,data/raw/MASK/3_0248_B0XX_0_Level4.jpg,data/raw/JSON/3_0248.json,3_0248_B0XX_0_Level4.jpg,4,4,Destruction,1,1,760,264,1263,359,504,96,0.032490234375,0.8026983560431485,0.4416024242356774,09 September 2019,"Marsh Harbor, Abaco, the bahamas",https://youtu.be/Ya5dP0xqLyw
3_0277_000,3,277,3_0277,B094,26.55264,-77.09762,data/raw/FRAME/3_0277.jpg,data/raw/MASK/3_0277_B0XX_0_Level1.jpg,data/raw/JSON/3_0277.json,3_0277_B0XX_0_Level1.jpg,1,1,Minor damage,2,1,224,224,495,367,272,144,0.02782986111111111,0.283814649290393,0.42199402595827273,09 September 2019,"Marsh Harbor, Abaco, the bahamas",https://youtu.be/Ya5dP0xqLyw
3_0277_001,3,277,3_0277,B095,26.55251,-77.09826,data/raw/FRAME/3_0277.jpg,data/raw/MASK/3_0277_B0XX_0_Level2.jpg,data/raw/JSON/3_0277.json,3_0277_B0XX_0_Level2.jpg,2,2,Moderate damage,1,1,1056,272,1247,359,192,88,0.012862413194444445,0.9069911791378438,0.4406851648763661,09 September 2019,"Marsh Harbor, Abaco, the bahamas",https://youtu.be/Ya5dP0xqLyw
3_0277_002,3,277,3_0277,B096,26.55252,-77.09747,data/raw/FRAME/3_0277.jpg,data/raw/MASK/3_0277_B0XX_0_Level3.jpg,data/raw/JSON/3_0277.json,3_0277_B0XX_0_Level3.jpg,3,3,Severe damage,1,1,128,232,327,343,200,112,0.013768446180555555,0.17149376428402555,0.3889327807987671,09 September 2019,"Marsh Harbor, Abaco, the bahamas",https://youtu.be/Ya5dP0xqLyw
3_0277_003,3,277,3_0277,B097,26.55296,-77.09756,data/raw/FRAME/3_0277.jpg,data/raw/MASK/3_0277_B0XX_0_Level4.jpg,data/raw/JSON/3_0277.json,3_0277_B0XX_0_Level4.jpg,4,4,Destruction,1,1,0,368,223,511,224,144,0.024922960069444444,0.0738598763550873,0.6154244730820768,09 September 2019,"Marsh Harbor, Abaco, the bahamas",https://youtu.be/Ya5dP0xqLyw
3_0277_004,3,277,3_0277,B098,26.55231,-77.09822,data/raw/FRAME/3_0277.jpg,data/raw/MASK/3_0277_B0XX_1_Level1.jpg,data/raw/JSON/3_0277.json,3_0277_B0XX_1_Level1.jpg,1,1,Minor damage,1,1,984,256,1127,327,144,72,0.007575954861111111,0.8184262881337725,0.40563870587860845,09 September 2019,"Marsh Harbor, Abaco, the bahamas",https://youtu.be/Ya5dP0xqLyw
3_0280_000,3,280,3_0280,B099,26.55266,-77.09748,data/raw/FRAME/3_0280.jpg,data/raw/MASK/3_0280_B0XX_0_Level0.jpg,data/raw/JSON/3_0280.json,3_0280_B0XX_0_Level0.jpg,0,0,No or very minor damage,1,1,72,288,159,359,88,72,0.004831814236111111,0.09100553699752975,0.45113469072036333,09 September 2019,"Marsh Harbor, Abaco, the bahamas",https://youtu.be/Ya5dP0xqLyw
3_0280_001,3,280,3_0280,B094,26.55264,-77.09762,data/raw/FRAME/3_0280.jpg,data/raw/MASK/3_0280_B0XX_0_Level1.jpg,data/raw/JSON/3_0280.json,3_0280_B0XX_0_Level1.jpg,1,1,Minor damage,2,1,168,232,463,383,296,152,0.030235460069444445,0.24853913399425803,0.4269647805889507,09 September 2019,"Marsh Harbor, Abaco, the bahamas",https://youtu.be/Ya5dP0xqLyw
3_0280_002,3,280,3_0280,B096,26.55252,-77.09747,data/raw/FRAME/3_0280.jpg,data/raw/MASK/3_0280_B0XX_0_Level2.jpg,data/raw/JSON/3_0280.json,3_0280_B0XX_0_Level2.jpg,2,2,Moderate damage,1,1,64,232,295,303,232,72,0.013485243055555556,0.14203078482056647,0.3699703626220363,09 September 2019,"Marsh Harbor, Abaco, the bahamas",https://youtu.be/Ya5dP0xqLyw
3_0280_003,3,280,3_0280,B098,26.55231,-77.09822,data/raw/FRAME/3_0280.jpg,data/raw/MASK/3_0280_B0XX_0_Level4.jpg,data/raw/JSON/3_0280.json,3_0280_B0XX_0_Level4.jpg,4,4,Destruction,1,1,1008,248,1191,327,184,80,0.011348741319444444,0.8540096298642318,0.3959776800416441,09 September 2019,"Marsh Harbor, Abaco, the bahamas",https://youtu.be/Ya5dP0xqLyw
3_0280_004,3,280,3_0280,B097,26.55296,-77.09756,data/raw/FRAME/3_0280.jpg,data/raw/MASK/3_0280_B0XX_0_Level5.jpg,data/raw/JSON/3_0280.json,3_0280_B0XX_0_Level5.jpg,5,5,Destroyed or under construction,1,1,0,424,135,559,136,136,0.014500868055555555,0.04217738654220293,0.6829892289401045,09 September 2019,"Marsh Harbor, Abaco, the bahamas",https://youtu.be/Ya5dP0xqLyw
3_0280_005,3,280,3_0280,B095,26.55251,-77.09826,data/raw/FRAME/3_0280.jpg,data/raw/MASK/3_0280_B0XX_1_Level1.jpg,data/raw/JSON/3_0280.json,3_0280_B0XX_1_Level1.jpg,1,1,Minor damage,1,1,1088,272,1279,367,192,96,0.014864366319444445,0.9313196332761515,0.44465705120406196,09 September 2019,"Marsh Harbor, Abaco, the bahamas",https://youtu.be/Ya5dP0xqLyw
3_0283_000,3,283,3_0283,B094,26.55264,-77.09762,data/raw/FRAME/3_0283.jpg,data/raw/MASK/3_0283_B0XX_0_Level1.jpg,data/raw/JSON/3_0283.json,3_0283_B0XX_0_Level1.jpg,1,1,Minor damage,2,1,120,144,431,311,312,168,0.03703884548611111,0.22241813296469898,0.32281004345490943,09 September 2019,"Marsh Harbor, Abaco, the bahamas",https://youtu.be/Ya5dP0xqLyw
3_0283_001,3,283,3_0283,B095,26.55251,-77.09826,data/raw/FRAME/3_0283.jpg,data/raw/MASK/3_0283_B0XX_0_Level2.jpg,data/raw/JSON/3_0283.json,3_0283_B0XX_0_Level2.jpg,2,2,Moderate damage,1,1,1112,184,1279,287,168,104,0.013544921875,0.9443555109949532,0.3372959447070238,09 September 2019,"Marsh Harbor, Abaco, the bahamas",https://youtu.be/Ya5dP0xqLyw
3_0283_002,3,283,3_0283,B100,26.55194,-77.09751,data/raw/FRAME/3_0283.jpg,data/raw/MASK/3_0283_B0XX_0_Level3.jpg,data/raw/JSON/3_0283.json,3_0283_B0XX_0_Level3.jpg,3,3,Severe damage,1,1,376,96,471,143,96,48,0.0036295572916666668,0.33252849402092677,0.16397276199966782,09 September 2019,"Marsh Harbor, Abaco, the bahamas",https://youtu.be/Ya5dP0xqLyw
3_0283_003,3,283,3_0283,B101,26.55178,-77.09786,data/raw/FRAME/3_0283.jpg,data/raw/MASK/3_0283_B0XX_0_Level4.jpg,data/raw/JSON/3_0283.json,3_0283_B0XX_0_Level4.jpg,4,4,Destruction,1,1,616,80,807,135,192,56,0.007768012152777778,0.5522578659729012,0.1489329670500225,09 September 2019,"Marsh Harbor, Abaco, the bahamas",https://youtu.be/Ya5dP0xqLyw
3_0283_004,3,283,3_0283,B098,26.55231,-77.09822,data/raw/FRAME/3_0283.jpg,data/raw/MASK/3_0283_B0XX_0_Level5.jpg,data/raw/JSON/3_0283.json,3_0283_B0XX_0_Level5.jpg,5,5,Destroyed or under construction,1,1,1024,152,1231,239,208,88,0.013241102430555556,0.8775268504670983,0.27438596611033716,09 September 2019,"Marsh Harbor, Abaco, the bahamas",https://youtu.be/Ya5dP0xqLyw
3_0283_005,3,283,3_0283,B099,26.55266,-77.09748,data/raw/FRAME/3_0283.jpg,data/raw/MASK/3_0283_B0XX_1_Level1.jpg,data/raw/JSON/3_0283.json,3_0283_B0XX_1_Level1.jpg,1,1,Minor damage,1,1,16,208,111,287,96,80,0.0061773003472222225,0.05078248506938345,0.34488772761871306,09 September 2019,"Marsh Harbor, Abaco, the bahamas",https://youtu.be/Ya5dP0xqLyw
3_0283_006,3,283,3_0283,B096,26.55252,-77.09747,data/raw/FRAME/3_0283.jpg,data/raw/MASK/3_0283_B0XX_1_Level3.jpg,data/raw/JSON/3_0283.json,3_0283_B0XX_1_Level3.jpg,3,3,Severe damage,1,1,16,144,255,239,240,96,0.016018880208333332,0.11046138361105466,0.25852412562938876,09 September 2019,"Marsh Harbor, Abaco, the bahamas",https://youtu.be/Ya5dP0xqLyw
3_0286_000,3,286,3_0286,B094,26.55264,-77.09762,data/raw/FRAME/3_0286.jpg,data/raw/MASK/3_0286_B0XX_0_Level1.jpg,data/raw/JSON/3_0286.json,3_0286_B0XX_0_Level1.jpg,1,1,Minor damage,2,1,232,65,423,231,192,167,0.022823350694444446,0.25824097294855947,0.203040645832673,09 September 2019,"Marsh Harbor, Abaco, the bahamas",https://youtu.be/Ya5dP0xqLyw
3_0286_001,3,286,3_0286,B101,26.55178,-77.09786,data/raw/FRAME/3_0286.jpg,data/raw/MASK/3_0286_B0XX_0_Level3.jpg,data/raw/JSON/3_0286.json,3_0286_B0XX_0_Level3.jpg,3,3,Severe damage,1,1,688,0,807,47,120,48,0.005302734375,0.5828650948946184,0.03270695495987086,09 September 2019,"Marsh Harbor, Abaco, the bahamas",https://youtu.be/Ya5dP0xqLyw
3_0286_002,3,286,3_0286,B098,26.55231,-77.09822,data/raw/FRAME/3_0286.jpg,data/raw/MASK/3_0286_B0XX_0_Level5.jpg,data/raw/JSON/3_0286.json,3_0286_B0XX_0_Level5.jpg,5,5,Destroyed or under construction,1,1,1032,72,1247,167,216,96,0.015018446180555556,0.8881267046275558,0.1636471553917909,09 September 2019,"Marsh Harbor, Abaco, the bahamas",https://youtu.be/Ya5dP0xqLyw
3_0286_003,3,286,3_0286,B095,26.55251,-77.09826,data/raw/FRAME/3_0286.jpg,data/raw/MASK/3_0286_B0XX_1_Level1.jpg,data/raw/JSON/3_0286.json,3_0286_B0XX_1_Level1.jpg,1,1,Minor damage,1,1,1128,104,1279,215,152,112,0.01326171875,0.9480132522295859,0.23674464535718828,09 September 2019,"Marsh Harbor, Abaco, the bahamas",https://youtu.be/Ya5dP0xqLyw
3_0286_004,3,286,3_0286,B096,26.55252,-77.09747,data/raw/FRAME/3_0286.jpg,data/raw/MASK/3_0286_B0XX_1_Level3.jpg,data/raw/JSON/3_0286.json,3_0286_B0XX_1_Level3.jpg,3,3,Severe damage,1,1,0,64,223,159,224,96,0.016538628472222223,0.08701378181997113,0.15213263059674292,09 September 2019,"Marsh Harbor, Abaco, the bahamas",https://youtu.be/Ya5dP0xqLyw
3_0286_005,3,286,3_0286,B102,26.55267,-77.09757,data/raw/FRAME/3_0286.jpg,data/raw/MASK/3_0286_B0XX_2_Level1.jpg,data/raw/JSON/3_0286.json,3_0286_B0XX_2_Level1.jpg,1,1,Minor damage,1,1,88,128,279,239,192,112,0.016947699652777776,0.1423880270023689,0.2522156952714287,09 September 2019,"Marsh Harbor, Abaco, the bahamas",https://youtu.be/Ya5dP0xqLyw
3_0286_006,3,286,3_0286,B099,26.55266,-77.09748,data/raw/FRAME/3_0286.jpg,data/raw/MASK/3_0286_B0XX_3_Level1.jpg,data/raw/JSON/3_0286.json,3_0286_B0XX_3_Level1.jpg,1,1,Minor damage,1,1,0,136,79,215,80,80,0.0054752604166666665,0.026787151952041222,0.24825576914607828,09 September 2019,"Marsh Harbor, Abaco, the bahamas",https://youtu.be/Ya5dP0xqLyw
3_0309_000,3,309,3_0309,B094,26.55264,-77.09762,data/raw/FRAME/3_0309.jpg,data/raw/MASK/3_0309_B0XX_0_Level1.jpg,data/raw/JSON/3_0309.json,3_0309_B0XX_0_Level1.jpg,1,1,Minor damage,2,1,72,24,415,199,344,176,0.04429144965277778,0.19836767957323795,0.16594444036137856,09 September 2019,"Marsh Harbor, Abaco, the bahamas",https://youtu.be/Ya5dP0xqLyw
3_0309_001,3,309,3_0309,B096,26.55252,-77.09747,data/raw/FRAME/3_0309.jpg,data/raw/MASK/3_0309_B0XX_0_Level3.jpg,data/raw/JSON/3_0309.json,3_0309_B0XX_0_Level3.jpg,3,3,Severe damage,1,1,0,24,215,119,216,96,0.015923394097222224,0.0839277576660988,0.0976065682377437,09 September 2019,"Marsh Harbor, Abaco, the bahamas",https://youtu.be/Ya5dP0xqLyw
3_0309_002,3,309,3_0309,B103,26.55258,-77.09775,data/raw/FRAME/3_0309.jpg,data/raw/MASK/3_0309_B0XX_1_Level1.jpg,data/raw/JSON/3_0309.json,3_0309_B0XX_1_Level1.jpg,1,1,Minor damage,1,1,424,96,559,159,136,64,0.006089409722222223,0.3822141727548111,0.17684871703492516,09 September 2019,"Marsh Harbor, Abaco, the bahamas",https://youtu.be/Ya5dP0xqLyw
3_0312_000,3,312,3_0312,B094,26.55264,-77.09762,data/raw/FRAME/3_0312.jpg,data/raw/MASK/3_0312_B0XX_0_Level1.jpg,data/raw/JSON/3_0312.json,3_0312_B0XX_0_Level1.jpg,1,1,Minor damage,2,1,72,32,415,207,344,176,0.040086805555555556,0.1968469381022629,0.17362930681872865,09 September 2019,"Marsh Harbor, Abaco, the bahamas",https://youtu.be/Ya5dP0xqLyw
3_0312_001,3,312,3_0312,B096,26.55252,-77.09747,data/raw/FRAME/3_0312.jpg,data/raw/MASK/3_0312_B0XX_0_Level3.jpg,data/raw/JSON/3_0312.json,3_0312_B0XX_0_Level3.jpg,3,3,Severe damage,1,1,0,24,223,119,224,96,0.015523003472222222,0.08449814544596673,0.09794773366264348,09 September 2019,"Marsh Harbor, Abaco, the bahamas",https://youtu.be/Ya5dP0xqLyw
3_0312_002,3,312,3_0312,B104,26.55236,-77.0976,data/raw/FRAME/3_0312.jpg,data/raw/MASK/3_0312_B0XX_0_Level4.jpg,data/raw/JSON/3_0312.json,3_0312_B0XX_0_Level4.jpg,4,4,Destruction,1,1,304,16,527,103,224,88,0.013583984375,0.33742648674015496,0.07473218485679545,09 September 2019,"Marsh Harbor, Abaco, the bahamas",https://youtu.be/Ya5dP0xqLyw
3_0312_003,3,312,3_0312,B105,26.55244,-77.09789,data/raw/FRAME/3_0312.jpg,data/raw/MASK/3_0312_B0XX_0_Level5.jpg,data/raw/JSON/3_0312.json,3_0312_B0XX_0_Level5.jpg,5,5,Destroyed or under construction,1,1,632,80,719,143,88,64,0.004153645833333333,0.5240205802638453,0.15394643271798444,09 September 2019,"Marsh Harbor, Abaco, the bahamas",https://youtu.be/Ya5dP0xqLyw
3_0312_004,3,312,3_0312,B095,26.55251,-77.09826,data/raw/FRAME/3_0312.jpg,data/raw/MASK/3_0312_B0XX_1_Level1.jpg,data/raw/JSON/3_0312.json,3_0312_B0XX_1_Level1.jpg,1,1,Minor damage,1,1,1120,72,1279,175,160,104,0.012700737847222223,0.9479113493165314,0.185006288860411,09 September 2019,"Marsh Harbor, Abaco, the bahamas",https://youtu.be/Ya5dP0xqLyw
3_0312_005,3,312,3_0312,B098,26.55231,-77.09822,data/raw/FRAME/3_0312.jpg,data/raw/MASK/3_0312_B0XX_1_Level4.jpg,data/raw/JSON/3_0312.json,3_0312_B0XX_1_Level4.jpg,4,4,Destruction,1,1,1032,40,1247,127,216,88,0.014305555555555556,0.8881302028026395,0.11601383410868392,09 September 2019,"Marsh Harbor, Abaco, the bahamas",https://youtu.be/Ya5dP0xqLyw
3_0312_006,3,312,3_0312,B103,26.55258,-77.09775,data/raw/FRAME/3_0312.jpg,data/raw/MASK/3_0312_B0XX_2_Level1.jpg,data/raw/JSON/3_0312.json,3_0312_B0XX_2_Level1.jpg,1,1,Minor damage,1,1,424,96,559,159,136,64,0.0060297309027777775,0.3835598681842721,0.1780199648091496,09 September 2019,"Marsh Harbor, Abaco, the bahamas",https://youtu.be/Ya5dP0xqLyw
3_0315_000,3,315,3_0315,B094,26.55264,-77.09762,data/raw/FRAME/3_0315.jpg,data/raw/MASK/3_0315_B0XX_0_Level1.jpg,data/raw/JSON/3_0315.json,3_0315_B0XX_0_Level1.jpg,1,1,Minor damage,2,1,208,24,415,191,208,168,0.023155381944444445,0.24764933077553888,0.13688736592731438,09 September 2019,"Marsh Harbor, Abaco, the bahamas",https://youtu.be/Ya5dP0xqLyw
3_0315_001,3,315,3_0315,B096,26.55252,-77.09747,data/raw/FRAME/3_0315.jpg,data/raw/MASK/3_0315_B0XX_0_Level3.jpg,data/raw/JSON/3_0315.json,3_0315_B0XX_0_Level3.jpg,3,3,Severe damage,1,1,0,24,223,127,224,104,0.016088324652777777,0.08293548087947664,0.09703637508149547,09 September 2019,"Marsh Harbor, Abaco, the bahamas",https://youtu.be/Ya5dP0xqLyw
3_0315_002,3,315,3_0315,B098,26.55231,-77.09822,data/raw/FRAME/3_0315.jpg,data/raw/MASK/3_0315_B0XX_0_Level5.jpg,data/raw/JSON/3_0315.json,3_0315_B0XX_0_Level5.jpg,5,5,Destroyed or under construction,1,1,1040,40,1247,127,208,88,0.014185112847222223,0.890757489195288,0.11346658082392037,09 September 2019,"Marsh Harbor, Abaco, the bahamas",https://youtu.be/Ya5dP0xqLyw
3_0315_003,3,315,3_0315,B095,26.55251,-77.09826,data/raw/FRAME/3_0315.jpg,data/raw/MASK/3_0315_B0XX_1_Level1.jpg,data/raw/JSON/3_0315.json,3_0315_B0XX_1_Level1.jpg,1,1,Minor damage,1,1,1128,72,1279,175,152,104,0.012559678819444444,0.9485239605831535,0.18127753779697625,09 September 2019,"Marsh Harbor, Abaco, the bahamas",https://youtu.be/Ya5dP0xqLyw
3_0315_004,3,315,3_0315,B105,26.55244,-77.09789,data/raw/FRAME/3_0315.jpg,data/raw/MASK/3_0315_B0XX_1_Level5.jpg,data/raw/JSON/3_0315.json,3_0315_B0XX_1_Level5.jpg,5,5,Destroyed or under construction,1,1,624,80,719,143,96,64,0.004665798611111111,0.5251102834302326,0.1526359819121447,09 September 2019,"Marsh Harbor, Abaco, the bahamas",https://youtu.be/Ya5dP0xqLyw
3_0315_005,3,315,3_0315,B102,26.55267,-77.09757,data/raw/FRAME/3_0315.jpg,data/raw/MASK/3_0315_B0XX_2_Level1.jpg,data/raw/JSON/3_0315.json,3_0315_B0XX_2_Level1.jpg,1,1,Minor damage,1,1,72,88,279,207,208,120,0.019287109375,0.13483728902953587,0.19708282544147523,09 September 2019,"Marsh Harbor, Abaco, the bahamas",https://youtu.be/Ya5dP0xqLyw
3_0315_006,3,315,3_0315,B103,26.55258,-77.09775,data/raw/FRAME/3_0315.jpg,data/raw/MASK/3_0315_B0XX_3_Level1.jpg,data/raw/JSON/3_0315.json,3_0315_B0XX_3_Level1.jpg,1,1,Minor damage,1,1,424,96,559,159,136,64,0.006698133680555556,0.3834964259679248,0.1785141836312256,09 September 2019,"Marsh Harbor, Abaco, the bahamas",https://youtu.be/Ya5dP0xqLyw
3_0315_007,3,315,3_0315,B099,26.55266,-77.09748,data/raw/FRAME/3_0315.jpg,data/raw/MASK/3_0315_B0XX_4_Level1.jpg,data/raw/JSON/3_0315.json,3_0315_B0XX_4_Level1.jpg,1,1,Minor damage,1,1,0,96,71,183,72,88,0.005106336805555556,0.02335748246918827,0.1989457902441328,09 September 2019,"Marsh Harbor, Abaco, the bahamas",https://youtu.be/Ya5dP0xqLyw
3_0318_000,3,318,3_0318,B094,26.55264,-77.09762,data/raw/FRAME/3_0318.jpg,data/raw/MASK/3_0318_B0XX_0_Level1.jpg,data/raw/JSON/3_0318.json,3_0318_B0XX_0_Level1.jpg,1,1,Minor damage,2,1,80,24,415,199,336,176,0.03990885416666667,0.20303370547852095,0.16974299136003868,09 September 2019,"Marsh Harbor, Abaco, the bahamas",https://youtu.be/Ya5dP0xqLyw
3_0318_001,3,318,3_0318,B096,26.55252,-77.09747,data/raw/FRAME/3_0318.jpg,data/raw/MASK/3_0318_B0XX_0_Level3.jpg,data/raw/JSON/3_0318.json,3_0318_B0XX_0_Level3.jpg,3,3,Severe damage,1,1,0,24,223,127,224,104,0.016904296875,0.08576103047371461,0.10046857949804223,09 September 2019,"Marsh Harbor, Abaco, the bahamas",https://youtu.be/Ya5dP0xqLyw
3_0318_002,3,318,3_0318,B098,26.55231,-77.09822,data/raw/FRAME/3_0318.jpg,data/raw/MASK/3_0318_B0XX_0_Level5.jpg,data/raw/JSON/3_0318.json,3_0318_B0XX_0_Level5.jpg,5,5,Destroyed or under construction,1,1,1040,32,1247,135,208,104,0.014985894097222223,0.8898063024943885,0.11245876877529183,09 September 2019,"Marsh Harbor, Abaco, the bahamas",https://youtu.be/Ya5dP0xqLyw
3_0318_003,3,318,3_0318,B095,26.55251,-77.09826,data/raw/FRAME/3_0318.jpg,data/raw/MASK/3_0318_B0XX_1_Level1.jpg,data/raw/JSON/3_0318.json,3_0318_B0XX_1_Level1.jpg,1,1,Minor damage,1,1,1128,64,1279,175,152,112,0.01252170138888889,0.94908944432409,0.18366466878490278,09 September 2019,"Marsh Harbor, Abaco, the bahamas",https://youtu.be/Ya5dP0xqLyw
3_0318_004,3,318,3_0318,B099,26.55266,-77.09748,data/raw/FRAME/3_0318.jpg,data/raw/MASK/3_0318_B0XX_2_Level1.jpg,data/raw/JSON/3_0318.json,3_0318_B0XX_2_Level1.jpg,1,1,Minor damage,1,1,0,96,71,183,72,88,0.0052126736111111115,0.025249303965445464,0.197531860024054,09 September 2019,"Marsh Harbor, Abaco, the bahamas",https://youtu.be/Ya5dP0xqLyw
3_0341_000,3,341,3_0341,B094,26.55264,-77.09762,data/raw/FRAME/3_0341.jpg,data/raw/MASK/3_0341_B0XX_0_Level1.jpg,data/raw/JSON/3_0341.json,3_0341_B0XX_0_Level1.jpg,1,1,Minor damage,2,1,80,192,415,359,336,168,0.043402777777777776,0.20068587890625,0.38911815972222225,09 September 2019,"Marsh Harbor, Abaco, the bahamas",https://youtu.be/Ya5dP0xqLyw
3_0341_001,3,341,3_0341,B096,26.55252,-77.09747,data/raw/FRAME/3_0341.jpg,data/raw/MASK/3_0341_B0XX_0_Level3.jpg,data/raw/JSON/3_0341.json,3_0341_B0XX_0_Level3.jpg,3,3,Severe damage,1,1,0,184,223,279,224,96,0.016875,0.08644934132265947,0.31604304198102423,09 September 2019,"Marsh Harbor, Abaco, the bahamas",https://youtu.be/Ya5dP0xqLyw
3_0341_002,3,341,3_0341,B098,26.55231,-77.09822,data/raw/FRAME/3_0341.jpg,data/raw/MASK/3_0341_B0XX_0_Level5.jpg,data/raw/JSON/3_0341.json,3_0341_B0XX_0_Level5.jpg,5,5,Destroyed or under construction,1,1,1040,192,1247,287,208,96,0.014637586805555556,0.8903211290770943,0.33030269335310103,09 September 2019,"Marsh Harbor, Abaco, the bahamas",https://youtu.be/Ya5dP0xqLyw
3_0344_000,3,344,3_0344,B107,26.5509,-77.0983,data/raw/FRAME/3_0344.jpg,data/raw/MASK/3_0344_B0XX_0_Level0.jpg,data/raw/JSON/3_0344.json,3_0344_B0XX_0_Level0.jpg,0,0,No or very minor damage,1,1,896,120,1007,167,112,48,0.0033224826388888887,0.7429552273840627,0.19876986718920095,09 September 2019,"Marsh Harbor, Abaco, the bahamas",https://youtu.be/Ya5dP0xqLyw
3_0344_001,3,344,3_0344,B108,26.55107,-77.09812,data/raw/FRAME/3_0344.jpg,data/raw/MASK/3_0344_B0XX_0_Level1.jpg,data/raw/JSON/3_0344.json,3_0344_B0XX_0_Level1.jpg,1,1,Minor damage,1,1,808,120,919,175,112,56,0.004262152777777778,0.6712850846486762,0.20668172946367958,09 September 2019,"Marsh Harbor, Abaco, the bahamas",https://youtu.be/Ya5dP0xqLyw
3_0344_002,3,344,3_0344,B109,26.55131,-77.0975,data/raw/FRAME/3_0344.jpg,data/raw/MASK/3_0344_B0XX_0_Level2.jpg,data/raw/JSON/3_0344.json,3_0344_B0XX_0_Level2.jpg,2,2,Moderate damage,1,1,456,144,559,183,104,40,0.0032139756944444446,0.3947367171674544,0.2303600232575587,09 September 2019,"Marsh Harbor, Abaco, the bahamas",https://youtu.be/Ya5dP0xqLyw
3_0344_003,3,344,3_0344,B110,26.55087,-77.09747,data/raw/FRAME/3_0344.jpg,data/raw/MASK/3_0344_B0XX_0_Level3.jpg,data/raw/JSON/3_0344.json,3_0344_B0XX_0_Level3.jpg,3,3,Severe damage,1,1,520,120,591,151,72,32,0.002018229166666667,0.4336567540322581,0.18823252688172043,09 September 2019,"Marsh Harbor, Abaco, the bahamas",https://youtu.be/Ya5dP0xqLyw
3_0344_004,3,344,3_0344,B101,26.55178,-77.09786,data/raw/FRAME/3_0344.jpg,data/raw/MASK/3_0344_B0XX_0_Level4.jpg,data/raw/JSON/3_0344.json,3_0344_B0XX_0_Level4.jpg,4,4,Destruction,1,1,616,184,807,239,192,56,0.008581814236111112,0.5556678902200025,0.2949335145614701,09 September 2019,"Marsh Harbor, Abaco, the bahamas",https://youtu.be/Ya5dP0xqLyw
3_0344_005,3,344,3_0344,B105,26.55244,-77.09789,data/raw/FRAME/3_0344.jpg,data/raw/MASK/3_0344_B0XX_0_Level5.jpg,data/raw/JSON/3_0344.json,3_0344_B0XX_0_Level5.jpg,5,5,Destroyed or under construction,1,1,632,304,727,375,96,72,0.004928385416666667,0.5297344575627477,0.4679910342971769,09 September 2019,"Marsh Harbor, Abaco, the bahamas",https://youtu.be/Ya5dP0xqLyw
3_0344_006,3,344,3_0344,B111,26.55093,-77.0974,data/raw/FRAME/3_0344.jpg,data/raw/MASK/3_0344_B0XX_1_Level1.jpg,data/raw/JSON/3_0344.json,3_0344_B0XX_1_Level1.jpg,1,1,Minor damage,1,1,472,120,535,159,64,40,0.0017437065972222222,0.39315348864343497,0.19476681877895322,09 September 2019,"Marsh Harbor, Abaco, the bahamas",https://youtu.be/Ya5dP0xqLyw
3_0344_007,3,344,3_0344,B096,26.55252,-77.09747,data/raw/FRAME/3_0344.jpg,data/raw/MASK/3_0344_B0XX_1_Level2.jpg,data/raw/JSON/3_0344.json,3_0344_B0XX_1_Level2.jpg,2,2,Moderate damage,1,1,0,248,223,351,224,104,0.017830946180555557,0.0860320601077101,0.41677670946672346,09 September 2019,"Marsh Harbor, Abaco, the bahamas",https://youtu.be/Ya5dP0xqLyw
3_0344_008,3,344,3_0344,B112,26.55167,-77.09758,data/raw/FRAME/3_0344.jpg,data/raw/MASK/3_0344_B0XX_1_Level3.jpg,data/raw/JSON/3_0344.json,3_0344_B0XX_1_Level3.jpg,3,3,Severe damage,1,1,464,176,551,215,88,40,0.002884114583333333,0.39494509499623776,0.272189825265446,09 September 2019,"Marsh Harbor, Abaco, the bahamas",https://youtu.be/Ya5dP0xqLyw
3_0344_009,3,344,3_0344,B104,26.55236,-77.0976,data/raw/FRAME/3_0344.jpg,data/raw/MASK/3_0344_B0XX_1_Level4.jpg,data/raw/JSON/3_0344.json,3_0344_B0XX_1_Level4.jpg,4,4,Destruction,1,1,304,240,519,311,216,72,0.011128472222222222,0.3294872361300702,0.37432708766684,09 September 2019,"Marsh Harbor, Abaco, the bahamas",https://youtu.be/Ya5dP0xqLyw
3_0344_010,3,344,3_0344,B113,26.55112,-77.09717,data/raw/FRAME/3_0344.jpg,data/raw/MASK/3_0344_B0XX_2_Level1.jpg,data/raw/JSON/3_0344.json,3_0344_B0XX_2_Level1.jpg,1,1,Minor damage,1,1,296,128,375,167,80,40,0.0026226128472222224,0.26188101210177905,0.20979807382889717,09 September 2019,"Marsh Harbor, Abaco, the bahamas",https://youtu.be/Ya5dP0xqLyw
3_0344_011,3,344,3_0344,B100,26.55194,-77.09751,data/raw/FRAME/3_0344.jpg,data/raw/MASK/3_0344_B0XX_2_Level3.jpg,data/raw/JSON/3_0344.json,3_0344_B0XX_2_Level3.jpg,3,3,Severe damage,1,1,360,200,463,247,104,48,0.0041851128472222224,0.32194245041483016,0.3089923083570996,09 September 2019,"Marsh Harbor, Abaco, the bahamas",https://youtu.be/Ya5dP0xqLyw
3_0344_012,3,344,3_0344,B098,26.55231,-77.09822,data/raw/FRAME/3_0344.jpg,data/raw/MASK/3_0344_B0XX_2_Level4.jpg,data/raw/JSON/3_0344.json,3_0344_B0XX_2_Level4.jpg,4,4,Destruction,1,1,1040,256,1247,359,208,104,0.014976128472222221,0.8922178398058251,0.42859478899998393,09 September 2019,"Marsh Harbor, Abaco, the bahamas",https://youtu.be/Ya5dP0xqLyw
3_0344_013,3,344,3_0344,B106,26.55208,-77.09798,data/raw/FRAME/3_0344.jpg,data/raw/MASK/3_0344_B0XX_3_Level3.jpg,data/raw/JSON/3_0344.json,3_0344_B0XX_3_Level3.jpg,3,3,Severe damage,1,1,624,224,767,287,144,64,0.006385633680555555,0.545866344519966,0.3570114698385727,09 September 2019,"Marsh Harbor, Abaco, the bahamas",https://youtu.be/Ya5dP0xqLyw
3_0344_014,3,344,3_0344,B094,26.55264,-77.09762,data/raw/FRAME/3_0344.jpg,data/raw/MASK/3_0344_B0XX_4_Level1.jpg,data/raw/JSON/3_0344.json,3_0344_B0XX_4_Level1.jpg,1,1,Minor damage,2,1,72,264,415,439,344,176,0.04224609375,0.1991123600195202,0.48507427812309145,09 September 2019,"Marsh Harbor, Abaco, the bahamas",https://youtu.be/Ya5dP0xqLyw
3_0344_015,3,344,3_0344,B095,26.55251,-77.09826,data/raw/FRAME/3_0344.jpg,data/raw/MASK/3_0344_B0XX_5_Level1.jpg,data/raw/JSON/3_0344.json,3_0344_B0XX_5_Level1.jpg,1,1,Minor damage,1,1,1128,296,1279,407,152,112,0.011930338541666667,0.950918030923147,0.49881739174372186,09 September 2019,"Marsh Harbor, Abaco, the bahamas",https://youtu.be/Ya5dP0xqLyw
3_0344_016,3,344,3_0344,B103,26.55258,-77.09775,data/raw/FRAME/3_0344.jpg,data/raw/MASK/3_0344_B0XX_6_Level1.jpg,data/raw/JSON/3_0344.json,3_0344_B0XX_6_Level1.jpg,1,1,Minor damage,1,1,432,320,519,391,88,72,0.004940321180555556,0.370640408796398,0.4903116382360837,09 September 2019,"Marsh Harbor, Abaco, the bahamas",https://youtu.be/Ya5dP0xqLyw
3_0347_000,3,347,3_0347,B094,26.55264,-77.09762,data/raw/FRAME/3_0347.jpg,data/raw/MASK/3_0347_B0XX_0_Level1.jpg,data/raw/JSON/3_0347.json,3_0347_B0XX_0_Level1.jpg,1,1,Minor damage,2,1,72,200,415,383,344,184,0.04042751736111111,0.1958668691958774,0.41669007700061433,09 September 2019,"Marsh Harbor, Abaco, the bahamas",https://youtu.be/Ya5dP0xqLyw
3_0347_001,3,347,3_0347,B096,26.55252,-77.09747,data/raw/FRAME/3_0347.jpg,data/raw/MASK/3_0347_B0XX_0_Level3.jpg,data/raw/JSON/3_0347.json,3_0347_B0XX_0_Level3.jpg,3,3,Severe damage,1,1,0,200,231,295,232,96,0.017741970486111112,0.08891681892544798,0.34081775494533123,09 September 2019,"Marsh Harbor, Abaco, the bahamas",https://youtu.be/Ya5dP0xqLyw
3_0347_002,3,347,3_0347,B101,26.55178,-77.09786,data/raw/FRAME/3_0347.jpg,data/raw/MASK/3_0347_B0XX_0_Level4.jpg,data/raw/JSON/3_0347.json,3_0347_B0XX_0_Level4.jpg,4,4,Destruction,1,1,616,128,815,191,200,64,0.008792317708333334,0.5558751388374676,0.21807389581362185,09 September 2019,"Marsh Harbor, Abaco, the bahamas",https://youtu.be/Ya5dP0xqLyw
3_0347_003,3,347,3_0347,B098,26.55231,-77.09822,data/raw/FRAME/3_0347.jpg,data/raw/MASK/3_0347_B0XX_0_Level5.jpg,data/raw/JSON/3_0347.json,3_0347_B0XX_0_Level5.jpg,5,5,Destroyed or under construction,1,1,1040,200,1255,303,216,104,0.016051432291666667,0.8925004119346989,0.34932015517850035,09 September 2019,"Marsh Harbor, Abaco, the bahamas",https://youtu.be/Ya5dP0xqLyw
3_0347_004,3,347,3_0347,B094,26.55264,-77.09762,data/raw/FRAME/3_0347.jpg,data/raw/MASK/3_0347_B0XX_1_Level1.jpg,data/raw/JSON/3_0347.json,3_0347_B0XX_1_Level1.jpg,1,1,Minor damage,2,1,1128,248,1279,351,152,104,0.012770182291666666,0.9490370624097204,0.42578997554781395,09 September 2019,"Marsh Harbor, Abaco, the bahamas",https://youtu.be/Ya5dP0xqLyw
3_0347_005,3,347,3_0347,B104,26.55236,-77.0976,data/raw/FRAME/3_0347.jpg,data/raw/MASK/3_0347_B0XX_1_Level4.jpg,data/raw/JSON/3_0347.json,3_0347_B0XX_1_Level4.jpg,4,4,Destruction,1,1,320,184,519,255,200,72,0.010122612847222223,0.33406623499303245,0.30264274484582127,09 September 2019,"Marsh Harbor, Abaco, the bahamas",https://youtu.be/Ya5dP0xqLyw
3_0350_000,3,350,3_0350,B094,26.55264,-77.09762,data/raw/FRAME/3_0350.jpg,data/raw/MASK/3_0350_B0XX_0_Level1.jpg,data/raw/JSON/3_0350.json,3_0350_B0XX_0_Level1.jpg,1,1,Minor damage,2,1,72,168,415,343,344,176,0.043961588541666666,0.1987511184129335,0.3644881182552415,09 September 2019,"Marsh Harbor, Abaco, the bahamas",https://youtu.be/Ya5dP0xqLyw
3_0350_001,3,350,3_0350,B101,26.55178,-77.09786,data/raw/FRAME/3_0350.jpg,data/raw/MASK/3_0350_B0XX_0_Level3.jpg,data/raw/JSON/3_0350.json,3_0350_B0XX_0_Level3.jpg,3,3,Severe damage,1,1,696,96,807,151,112,56,0.004886067708333333,0.5844192413391073,0.1755098452883263,09 September 2019,"Marsh Harbor, Abaco, the bahamas",https://youtu.be/Ya5dP0xqLyw
3_0350_002,3,350,3_0350,B114,26.55174,-77.09779,data/raw/FRAME/3_0350.jpg,data/raw/MASK/3_0350_B0XX_0_Level4.jpg,data/raw/JSON/3_0350.json,3_0350_B0XX_0_Level4.jpg,4,4,Destruction,1,1,616,96,711,143,96,48,0.003977864583333333,0.517053455741953,0.16414575377341334,09 September 2019,"Marsh Harbor, Abaco, the bahamas",https://youtu.be/Ya5dP0xqLyw
3_0350_003,3,350,3_0350,B098,26.55231,-77.09822,data/raw/FRAME/3_0350.jpg,data/raw/MASK/3_0350_B0XX_0_Level5.jpg,data/raw/JSON/3_0350.json,3_0350_B0XX_0_Level5.jpg,5,5,Destroyed or under construction,1,1,1048,176,1255,271,208,96,0.015251736111111112,0.8947867014086512,0.306893556725479,09 September 2019,"Marsh Harbor, Abaco, the bahamas",https://youtu.be/Ya5dP0xqLyw
3_0350_004,3,350,3_0350,B095,26.55251,-77.09826,data/raw/FRAME/3_0350.jpg,data/raw/MASK/3_0350_B0XX_1_Level1.jpg,data/raw/JSON/3_0350.json,3_0350_B0XX_1_Level1.jpg,1,1,Minor damage,1,1,1136,208,1279,319,144,112,0.012125651041666666,0.9525510346756152,0.37922694506587123,09 September 2019,"Marsh Harbor, Abaco, the bahamas",https://youtu.be/Ya5dP0xqLyw
3_0350_005,3,350,3_0350,B096,26.55252,-77.09747,data/raw/FRAME/3_0350.jpg,data/raw/MASK/3_0350_B0XX_1_Level3.jpg,data/raw/JSON/3_0350.json,3_0350_B0XX_1_Level3.jpg,3,3,Severe damage,1,1,0,168,223,271,224,104,0.016502821180555554,0.08350976395555262,0.2945415178147442,09 September 2019,"Marsh Harbor, Abaco, the bahamas",https://youtu.be/Ya5dP0xqLyw
3_0350_006,3,350,3_0350,B099,26.55266,-77.09748,data/raw/FRAME/3_0350.jpg,data/raw/MASK/3_0350_B0XX_2_Level1.jpg,data/raw/JSON/3_0350.json,3_0350_B0XX_2_Level1.jpg,1,1,Minor damage,1,1,0,232,63,327,64,96,0.004938151041666667,0.02233592205009888,0.3943388510461681,09 September 2019,"Marsh Harbor, Abaco, the bahamas",https://youtu.be/Ya5dP0xqLyw
3_0373_000,3,373,3_0373,B115,26.55256,-77.09857,data/raw/FRAME/3_0373.jpg,data/raw/MASK/3_0373_B0XX_0_Level0.jpg,data/raw/JSON/3_0373.json,3_0373_B0XX_0_Level0.jpg,0,0,No or very minor damage,1,1,1016,224,1231,311,216,88,0.016575520833333333,0.8771582568244305,0.37274519216781593,09 September 2019,"Marsh Harbor, Abaco, the bahamas",https://youtu.be/Ya5dP0xqLyw
3_0373_001,3,373,3_0373,B095,26.55251,-77.09826,data/raw/FRAME/3_0373.jpg,data/raw/MASK/3_0373_B0XX_0_Level1.jpg,data/raw/JSON/3_0373.json,3_0373_B0XX_0_Level1.jpg,1,1,Minor damage,1,1,544,216,791,343,248,128,0.023254123263888888,0.5235197406793897,0.3872276790111936,09 September 2019,"Marsh Harbor, Abaco, the bahamas",https://youtu.be/Ya5dP0xqLyw
3_0373_002,3,373,3_0373,B098,26.55231,-77.09822,data/raw/FRAME/3_0373.jpg,data/raw/MASK/3_0373_B0XX_0_Level5.jpg,data/raw/JSON/3_0373.json,3_0373_B0XX_0_Level5.jpg,5,5,Destroyed or under construction,1,1,456,184,663,287,208,104,0.015995008680555554,0.4328904077063971,0.3234019439356594,09 September 2019,"Marsh Harbor, Abaco, the bahamas",https://youtu.be/Ya5dP0xqLyw
3_0376_000,3,376,3_0376,B115,26.55256,-77.09857,data/raw/FRAME/3_0376.jpg,data/raw/MASK/3_0376_B0XX_0_Level0.jpg,data/raw/JSON/3_0376.json,3_0376_B0XX_0_Level0.jpg,0,0,No or very minor damage,1,1,1040,240,1247,335,208,96,0.018016493055555555,0.8921205921765839,0.40381844067025346,09 September 2019,"Marsh Harbor, Abaco, the bahamas",https://youtu.be/Ya5dP0xqLyw
3_0376_001,3,376,3_0376,B095,26.55251,-77.09826,data/raw/FRAME/3_0376.jpg,data/raw/MASK/3_0376_B0XX_0_Level1.jpg,data/raw/JSON/3_0376.json,3_0376_B0XX_0_Level1.jpg,1,1,Minor damage,1,1,552,232,791,367,240,136,0.026150173611111112,0.5250696965767635,0.4218240548639926,09 September 2019,"Marsh Harbor, Abaco, the bahamas",https://youtu.be/Ya5dP0xqLyw
3_0376_002,3,376,3_0376,B106,26.55208,-77.09798,data/raw/FRAME/3_0376.jpg,data/raw/MASK/3_0376_B0XX_0_Level2.jpg,data/raw/JSON/3_0376.json,3_0376_B0XX_0_Level2.jpg,2,2,Moderate damage,1,1,16,192,143,255,128,64,0.006634114583333333,0.06212675314851161,0.3081963526333006,09 September 2019,"Marsh Harbor, Abaco, the bahamas",https://youtu.be/Ya5dP0xqLyw
3_0376_003,3,376,3_0376,B101,26.55178,-77.09786,data/raw/FRAME/3_0376.jpg,data/raw/MASK/3_0376_B0XX_0_Level3.jpg,data/raw/JSON/3_0376.json,3_0376_B0XX_0_Level3.jpg,3,3,Severe damage,1,1,56,136,191,191,136,56,0.006830512152777778,0.09484077144559175,0.22588076957020564,09 September 2019,"Marsh Harbor, Abaco, the bahamas",https://youtu.be/Ya5dP0xqLyw
3_0376_004,3,376,3_0376,B114,26.55174,-77.09779,data/raw/FRAME/3_0376.jpg,data/raw/MASK/3_0376_B0XX_0_Level4.jpg,data/raw/JSON/3_0376.json,3_0376_B0XX_0_Level4.jpg,4,4,Destruction,1,1,0,128,71,191,72,64,0.0035069444444444445,0.024252591274752475,0.21886258938393838,09 September 2019,"Marsh Harbor, Abaco, the bahamas",https://youtu.be/Ya5dP0xqLyw
3_0376_005,3,376,3_0376,B105,26.55244,-77.09789,data/raw/FRAME/3_0376.jpg,data/raw/MASK/3_0376_B0XX_0_Level5.jpg,data/raw/JSON/3_0376.json,3_0376_B0XX_0_Level5.jpg,5,5,Destroyed or under construction,1,1,0,296,79,375,80,80,0.0043598090277777776,0.024433214596814336,0.4574259581881533,09 September 2019,"Marsh Harbor, Abaco, the bahamas",https://youtu.be/Ya5dP0xqLyw
3_0376_006,3,376,3_0376,B098,26.55231,-77.09822,data/raw/FRAME/3_0376.jpg,data/raw/MASK/3_0376_B0XX_1_Level4.jpg,data/raw/JSON/3_0376.json,3_0376_B0XX_1_Level4.jpg,4,4,Destruction,1,1,448,192,663,303,216,112,0.018054470486111113,0.4302875116443296,0.34607431669905375,09 September 2019,"Marsh Harbor, Abaco, the bahamas",https://youtu.be/Ya5dP0xqLyw
3_0379_000,3,379,3_0379,B115,26.55256,-77.09857,data/raw/FRAME/3_0379.jpg,data/raw/MASK/3_0379_B0XX_0_Level0.jpg,data/raw/JSON/3_0379.json,3_0379_B0XX_0_Level0.jpg,0,0,No or very minor damage,1,1,1064,264,1279,359,216,96,0.0183984375,0.9160523929582448,0.4322892912374512,09 September 2019,"Marsh Harbor, Abaco, the bahamas",https://youtu.be/Ya5dP0xqLyw
3_0379_001,3,379,3_0379,B095,26.55251,-77.09826,data/raw/FRAME/3_0379.jpg,data/raw/MASK/3_0379_B0XX_0_Level1.jpg,data/raw/JSON/3_0379.json,3_0379_B0XX_0_Level1.jpg,1,1,Minor damage,1,1,552,256,807,391,256,136,0.027664930555555557,0.5319581073991999,0.45075409432416413,09 September 2019,"Marsh Harbor, Abaco, the bahamas",https://youtu.be/Ya5dP0xqLyw
3_0379_002,3,379,3_0379,B106,26.55208,-77.09798,data/raw/FRAME/3_0379.jpg,data/raw/MASK/3_0379_B0XX_0_Level3.jpg,data/raw/JSON/3_0379.json,3_0379_B0XX_0_Level3.jpg,3,3,Severe damage,1,1,0,200,143,271,144,72,0.007502170138888889,0.05258363917413943,0.32397129013595605,09 September 2019,"Marsh Harbor, Abaco, the bahamas",https://youtu.be/Ya5dP0xqLyw
3_0379_003,3,379,3_0379,B101,26.55178,-77.09786,data/raw/FRAME/3_0379.jpg,data/raw/MASK/3_0379_B0XX_0_Level4.jpg,data/raw/JSON/3_0379.json,3_0379_B0XX_0_Level4.jpg,4,4,Destruction,1,1,0,144,191,199,192,56,0.009430338541666666,0.07230944727304107,0.2344051637070277,09 September 2019,"Marsh Harbor, Abaco, the bahamas",https://youtu.be/Ya5dP0xqLyw
3_0379_004,3,379,3_0379,B098,26.55231,-77.09822,data/raw/FRAME/3_0379.jpg,data/raw/MASK/3_0379_B0XX_0_Level5.jpg,data/raw/JSON/3_0379.json,3_0379_B0XX_0_Level5.jpg,5,5,Destroyed or under construction,1,1,440,208,671,319,232,112,0.019044053819444445,0.43548186356902746,0.3678983945200969,09 September 2019,"Marsh Harbor, Abaco, the bahamas",https://youtu.be/Ya5dP0xqLyw
3_0382_000,3,382,3_0382,B115,26.55256,-77.09857,data/raw/FRAME/3_0382.jpg,data/raw/MASK/3_0382_B0XX_0_Level0.jpg,data/raw/JSON/3_0382.json,3_0382_B0XX_0_Level0.jpg,0,0,No or very minor damage,1,1,1120,280,1279,383,160,104,0.014702690972222222,0.93531451798893,0.45950973759737596,09 September 2019,"Marsh Harbor, Abaco, the bahamas",https://youtu.be/Ya5dP0xqLyw
3_0382_001,3,382,3_0382,B095,26.55251,-77.09826,data/raw/FRAME/3_0382.jpg,data/raw/MASK/3_0382_B0XX_0_Level1.jpg,data/raw/JSON/3_0382.json,3_0382_B0XX_0_Level1.jpg,1,1,Minor damage,1,1,568,264,846,415,279,152,0.03181315104166667,0.5513638500204645,0.4795512295780893,09 September 2019,"Marsh Harbor, Abaco, the bahamas",https://youtu.be/Ya5dP0xqLyw
3_0382_002,3,382,3_0382,B101,26.55178,-77.09786,data/raw/FRAME/3_0382.jpg,data/raw/MASK/3_0382_B0XX_0_Level3.jpg,data/raw/JSON/3_0382.json,3_0382_B0XX_0_Level3.jpg,3,3,Severe damage,1,1,72,144,215,207,144,64,0.007350260416666666,0.10970023250664304,0.24447437916215595,09 September 2019,"Marsh Harbor, Abaco, the bahamas",https://youtu.be/Ya5dP0xqLyw
3_0382_003,3,382,3_0382,B114,26.55174,-77.09779,data/raw/FRAME/3_0382.jpg,data/raw/MASK/3_0382_B0XX_0_Level4.jpg,data/raw/JSON/3_0382.json,3_0382_B0XX_0_Level4.jpg,4,4,Destruction,1,1,0,144,95,207,96,64,0.00501953125,0.03137970168612192,0.23894593361195177,09 September 2019,"Marsh Harbor, Abaco, the bahamas",https://youtu.be/Ya5dP0xqLyw
3_0382_004,3,382,3_0382,B098,26.55231,-77.09822,data/raw/FRAME/3_0382.jpg,data/raw/MASK/3_0382_B0XX_0_Level5.jpg,data/raw/JSON/3_0382.json,3_0382_B0XX_0_Level5.jpg,5,5,Destroyed or under construction,1,1,480,216,703,343,224,128,0.021246744791666668,0.45785862251672543,0.38765909697041917,09 September 2019,"Marsh Harbor, Abaco, the bahamas",https://youtu.be/Ya5dP0xqLyw
3_0382_005,3,382,3_0382,B106,26.55208,-77.09798,data/raw/FRAME/3_0382.jpg,data/raw/MASK/3_0382_B0XX_1_Level3.jpg,data/raw/JSON/3_0382.json,3_0382_B0XX_1_Level3.jpg,3,3,Severe damage,1,1,24,208,159,279,136,72,0.0076182725694444444,0.06527604685942173,0.33416298722878984,09 September 2019,"Marsh Harbor, Abaco, the bahamas",https://youtu.be/Ya5dP0xqLyw
3_0405_000,3,405,3_0405,B115,26.55256,-77.09857,data/raw/FRAME/3_0405.jpg,data/raw/MASK/3_0405_B0XX_0_Level1.jpg,data/raw/JSON/3_0405.json,3_0405_B0XX_0_Level1.jpg,1,1,Minor damage,1,1,712,424,1143,695,432,272,0.09068359375,0.7366137719266758,0.791277108377672,09 September 2019,"Marsh Harbor, Abaco, the bahamas",https://youtu.be/Ya5dP0xqLyw
3_0405_001,3,405,3_0405,B095,26.55251,-77.09826,data/raw/FRAME/3_0405.jpg,data/raw/MASK/3_0405_B0XX_0_Level4.jpg,data/raw/JSON/3_0405.json,3_0405_B0XX_0_Level4.jpg,4,4,Destruction,1,1,88,176,351,255,264,80,0.016368272569444446,0.16674531819688432,0.2999211873457813,09 September 2019,"Marsh Harbor, Abaco, the bahamas",https://youtu.be/Ya5dP0xqLyw
3_0405_002,3,405,3_0405,B098,26.55231,-77.09822,data/raw/FRAME/3_0405.jpg,data/raw/MASK/3_0405_B0XX_0_Level5.jpg,data/raw/JSON/3_0405.json,3_0405_B0XX_0_Level5.jpg,5,5,Destroyed or under construction,1,1,608,304,927,503,320,200,0.04492621527777778,0.5980724424270603,0.5640443354909349,09 September 2019,"Marsh Harbor, Abaco, the bahamas",https://youtu.be/Ya5dP0xqLyw
3_0405_003,3,405,3_0405,B106,26.55208,-77.09798,data/raw/FRAME/3_0405.jpg,data/raw/MASK/3_0405_B0XX_2_Level4.jpg,data/raw/JSON/3_0405.json,3_0405_B0XX_2_Level4.jpg,4,4,Destruction,1,1,0,272,247,367,248,96,0.01698459201388889,0.10173913347281671,0.44410256819778954,09 September 2019,"Marsh Harbor, Abaco, the bahamas",https://youtu.be/Ya5dP0xqLyw
3_0408_000,3,408,3_0408,B115,26.55256,-77.09857,data/raw/FRAME/3_0408.jpg,data/raw/MASK/3_0408_B0XX_0_Level1.jpg,data/raw/JSON/3_0408.json,3_0408_B0XX_0_Level1.jpg,1,1,Minor damage,1,1,752,456,1199,719,448,264,0.09699001736111111,0.7717727223782248,0.8409996158980899,09 September 2019,"Marsh Harbor, Abaco, the bahamas",https://youtu.be/Ya5dP0xqLyw
3_0408_001,3,408,3_0408,B116,26.55157,-77.09868,data/raw/FRAME/3_0408.jpg,data/raw/MASK/3_0408_B0XX_0_Level2.jpg,data/raw/JSON/3_0408.json,3_0408_B0XX_0_Level2.jpg,2,2,Moderate damage,1,1,1000,120,1143,183,144,64,0.00771484375,0.8350807621308016,0.21227926238474762,09 September 2019,"Marsh Harbor, Abaco, the bahamas",https://youtu.be/Ya5dP0xqLyw
3_0408_002,3,408,3_0408,B101,26.55178,-77.09786,data/raw/FRAME/3_0408.jpg,data/raw/MASK/3_0408_B0XX_0_Level3.jpg,data/raw/JSON/3_0408.json,3_0408_B0XX_0_Level3.jpg,3,3,Severe damage,1,1,200,192,367,263,168,72,0.009730902777777778,0.22077908954058878,0.3136672675686391,09 September 2019,"Marsh Harbor, Abaco, the bahamas",https://youtu.be/Ya5dP0xqLyw
3_0408_003,3,408,3_0408,B114,26.55174,-77.09779,data/raw/FRAME/3_0408.jpg,data/raw/MASK/3_0408_B0XX_0_Level4.jpg,data/raw/JSON/3_0408.json,3_0408_B0XX_0_Level4.jpg,4,4,Destruction,1,1,104,176,239,247,136,72,0.007399088541666667,0.12931572169672972,0.2965480438643659,09 September 2019,"Marsh Harbor, Abaco, the bahamas",https://youtu.be/Ya5dP0xqLyw
3_0408_004,3,408,3_0408,B098,26.55231,-77.09822,data/raw/FRAME/3_0408.jpg,data/raw/MASK/3_0408_B0XX_1_Level4.jpg,data/raw/JSON/3_0408.json,3_0408_B0XX_1_Level4.jpg,4,4,Destruction,1,1,640,328,967,535,328,208,0.04856119791666667,0.6271701097946553,0.5998627993525097,09 September 2019,"Marsh Harbor, Abaco, the bahamas",https://youtu.be/Ya5dP0xqLyw
3_0411_000,3,411,3_0411,B115,26.55256,-77.09857,data/raw/FRAME/3_0411.jpg,data/raw/MASK/3_0411_B0XX_0_Level1.jpg,data/raw/JSON/3_0411.json,3_0411_B0XX_0_Level1.jpg,1,1,Minor damage,1,1,800,488,1271,719,472,232,0.08234809027777777,0.8209327275931587,0.8627531191986273,09 September 2019,"Marsh Harbor, Abaco, the bahamas",https://youtu.be/Ya5dP0xqLyw
3_0411_001,3,411,3_0411,B101,26.55178,-77.09786,data/raw/FRAME/3_0411.jpg,data/raw/MASK/3_0411_B0XX_0_Level4.jpg,data/raw/JSON/3_0411.json,3_0411_B0XX_0_Level4.jpg,4,4,Destruction,1,1,152,184,423,271,272,88,0.01836697048611111,0.22491447650203816,0.31613136146721543,09 September 2019,"Marsh Harbor, Abaco, the bahamas",https://youtu.be/Ya5dP0xqLyw
3_0411_002,3,411,3_0411,B098,26.55231,-77.09822,data/raw/FRAME/3_0411.jpg,data/raw/MASK/3_0411_B0XX_0_Level5.jpg,data/raw/JSON/3_0411.json,3_0411_B0XX_0_Level5.jpg,5,5,Destroyed or under construction,1,1,680,336,1023,567,344,232,0.0565234375,0.6674224808991783,0.6297795780115523,09 September 2019,"Marsh Harbor, Abaco, the bahamas",https://youtu.be/Ya5dP0xqLyw
3_0411_003,3,411,3_0411,B106,26.55208,-77.09798,data/raw/FRAME/3_0411.jpg,data/raw/MASK/3_0411_B0XX_5_Level4.jpg,data/raw/JSON/3_0411.json,3_0411_B0XX_5_Level4.jpg,4,4,Destruction,1,1,56,288,303,399,248,112,0.01986111111111111,0.14140304885544144,0.47470065741550116,09 September 2019,"Marsh Harbor, Abaco, the bahamas",https://youtu.be/Ya5dP0xqLyw
3_0414_000,3,414,3_0414,B116,26.55157,-77.09868,data/raw/FRAME/3_0414.jpg,data/raw/MASK/3_0414_B0XX_0_Level1.jpg,data/raw/JSON/3_0414.json,3_0414_B0XX_0_Level1.jpg,1,1,Minor damage,1,1,1112,128,1263,207,152,80,0.008951822916666666,0.9261678977272727,0.23039562289562288,09 September 2019,"Marsh Harbor, Abaco, the bahamas",https://youtu.be/Ya5dP0xqLyw
3_0414_001,3,414,3_0414,B101,26.55178,-77.09786,data/raw/FRAME/3_0414.jpg,data/raw/MASK/3_0414_B0XX_0_Level4.jpg,data/raw/JSON/3_0414.json,3_0414_B0XX_0_Level4.jpg,4,4,Destruction,1,1,192,184,455,279,264,96,0.01728515625,0.24732432909604518,0.318286775476041,09 September 2019,"Marsh Harbor, Abaco, the bahamas",https://youtu.be/Ya5dP0xqLyw
3_0414_002,3,414,3_0414,B098,26.55231,-77.09822,data/raw/FRAME/3_0414.jpg,data/raw/MASK/3_0414_B0XX_0_Level5.jpg,data/raw/JSON/3_0414.json,3_0414_B0XX_0_Level5.jpg,5,5,Destroyed or under construction,1,1,720,352,1079,591,360,240,0.05973198784722222,0.701539353008229,0.660550070543213,09 September 2019,"Marsh Harbor, Abaco, the bahamas",https://youtu.be/Ya5dP0xqLyw
3_0414_003,3,414,3_0414,B106,26.55208,-77.09798,data/raw/FRAME/3_0414.jpg,data/raw/MASK/3_0414_B0XX_2_Level4.jpg,data/raw/JSON/3_0414.json,3_0414_B0XX_2_Level4.jpg,4,4,Destruction,1,1,80,304,335,391,256,88,0.017233072916666668,0.16739911928598414,0.48098537477787573,09 September 2019,"Marsh Harbor, Abaco, the bahamas",https://youtu.be/Ya5dP0xqLyw
3_0437_000,3,437,3_0437,B107,26.5509,-77.0983,data/raw/FRAME/3_0437.jpg,data/raw/MASK/3_0437_B0XX_0_Level0.jpg,data/raw/JSON/3_0437.json,3_0437_B0XX_0_Level0.jpg,0,0,No or very minor damage,1,1,936,88,1079,159,144,72,0.007567274305555555,0.7896255287496415,0.17108127808048945,09 September 2019,"Marsh Harbor, Abaco, the bahamas",https://youtu.be/Ya5dP0xqLyw
3_0437_001,3,437,3_0437,B109,26.55131,-77.0975,data/raw/FRAME/3_0437.jpg,data/raw/MASK/3_0437_B0XX_0_Level3.jpg,data/raw/JSON/3_0437.json,3_0437_B0XX_0_Level3.jpg,3,3,Severe damage,1,1,256,128,407,191,152,64,0.007405598958333333,0.2597192078754579,0.22037444037444037,09 September 2019,"Marsh Harbor, Abaco, the bahamas",https://youtu.be/Ya5dP0xqLyw
3_0437_002,3,437,3_0437,B108,26.55107,-77.09812,data/raw/FRAME/3_0437.jpg,data/raw/MASK/3_0437_B0XX_0_Level4.jpg,data/raw/JSON/3_0437.json,3_0437_B0XX_0_Level4.jpg,4,4,Destruction,1,1,784,88,959,167,176,80,0.011265190972222222,0.6817075978857638,0.18201735375329092,09 September 2019,"Marsh Harbor, Abaco, the bahamas",https://youtu.be/Ya5dP0xqLyw
3_0437_003,3,437,3_0437,B112,26.55167,-77.09758,data/raw/FRAME/3_0437.jpg,data/raw/MASK/3_0437_B0XX_1_Level3.jpg,data/raw/JSON/3_0437.json,3_0437_B0XX_1_Level3.jpg,3,3,Severe damage,1,1,168,200,327,279,160,80,0.008567708333333333,0.18608571586879433,0.3395018926601373,09 September 2019,"Marsh Harbor, Abaco, the bahamas",https://youtu.be/Ya5dP0xqLyw
3_0437_004,3,437,3_0437,B114,26.55174,-77.09779,data/raw/FRAME/3_0437.jpg,data/raw/MASK/3_0437_B0XX_4_Level4.jpg,data/raw/JSON/3_0437.json,3_0437_B0XX_4_Level4.jpg,4,4,Destruction,1,1,376,224,543,311,168,88,0.009177517361111111,0.3559457392409553,0.3729649444313076,09 September 2019,"Marsh Harbor, Abaco, the bahamas",https://youtu.be/Ya5dP0xqLyw
3_0437_005,3,437,3_0437,B101,26.55178,-77.09786,data/raw/FRAME/3_0437.jpg,data/raw/MASK/3_0437_B0XX_6_Level4.jpg,data/raw/JSON/3_0437.json,3_0437_B0XX_6_Level4.jpg,4,4,Destruction,1,1,496,256,703,351,208,96,0.014463975694444445,0.4635866583833458,0.42099087271817953,09 September 2019,"Marsh Harbor, Abaco, the bahamas",https://youtu.be/Ya5dP0xqLyw
3_0437_006,3,437,3_0437,B106,26.55208,-77.09798,data/raw/FRAME/3_0437.jpg,data/raw/MASK/3_0437_B0XX_9_Level4.jpg,data/raw/JSON/3_0437.json,3_0437_B0XX_9_Level4.jpg,4,4,Destruction,1,1,216,408,527,543,312,136,0.030284288194444446,0.2921861563955571,0.6558400015924201,09 September 2019,"Marsh Harbor, Abaco, the bahamas",https://youtu.be/Ya5dP0xqLyw
3_0440_000,3,440,3_0440,B107,26.5509,-77.0983,data/raw/FRAME/3_0440.jpg,data/raw/MASK/3_0440_B0XX_0_Level0.jpg,data/raw/JSON/3_0440.json,3_0440_B0XX_0_Level0.jpg,0,0,No or very minor damage,1,1,960,96,1119,167,160,72,0.008094618055555556,0.8128988982908847,0.17942284778075662,09 September 2019,"Marsh Harbor, Abaco, the bahamas",https://youtu.be/Ya5dP0xqLyw
3_0440_001,3,440,3_0440,B109,26.55131,-77.0975,data/raw/FRAME/3_0440.jpg,data/raw/MASK/3_0440_B0XX_0_Level3.jpg,data/raw/JSON/3_0440.json,3_0440_B0XX_0_Level3.jpg,3,3,Severe damage,1,1,272,136,415,199,144,64,0.007354600694444445,0.2686356594865742,0.23109139864266745,09 September 2019,"Marsh Harbor, Abaco, the bahamas",https://youtu.be/Ya5dP0xqLyw
3_0440_002,3,440,3_0440,B108,26.55107,-77.09812,data/raw/FRAME/3_0440.jpg,data/raw/MASK/3_0440_B0XX_0_Level4.jpg,data/raw/JSON/3_0440.json,3_0440_B0XX_0_Level4.jpg,4,4,Destruction,1,1,816,96,991,175,176,80,0.01131076388888889,0.7034072512950883,0.19581014965464313,09 September 2019,"Marsh Harbor, Abaco, the bahamas",https://youtu.be/Ya5dP0xqLyw
3_0440_003,3,440,3_0440,B112,26.55167,-77.09758,data/raw/FRAME/3_0440.jpg,data/raw/MASK/3_0440_B0XX_1_Level3.jpg,data/raw/JSON/3_0440.json,3_0440_B0XX_1_Level3.jpg,3,3,Severe damage,1,1,176,216,287,295,112,80,0.006259765625,0.17912373786618133,0.3567118795862946,09 September 2019,"Marsh Harbor, Abaco, the bahamas",https://youtu.be/Ya5dP0xqLyw
3_0440_004,3,440,3_0440,B114,26.55174,-77.09779,data/raw/FRAME/3_0440.jpg,data/raw/MASK/3_0440_B0XX_1_Level4.jpg,data/raw/JSON/3_0440.json,3_0440_B0XX_1_Level4.jpg,4,4,Destruction,1,1,400,248,719,375,320,128,0.026502821180555556,0.4369761067041965,0.4322417832366655,09 September 2019,"Marsh Harbor, Abaco, the bahamas",https://youtu.be/Ya5dP0xqLyw
3_0440_005,3,440,3_0440,B106,26.55208,-77.09798,data/raw/FRAME/3_0440.jpg,data/raw/MASK/3_0440_B0XX_2_Level4.jpg,data/raw/JSON/3_0440.json,3_0440_B0XX_2_Level4.jpg,4,4,Destruction,1,1,208,440,535,583,328,144,0.034573567708333336,0.2907153771615981,0.7054166797434851,09 September 2019,"Marsh Harbor, Abaco, the bahamas",https://youtu.be/Ya5dP0xqLyw
3_0443_000,3,443,3_0443,B113,26.55112,-77.09717,data/raw/FRAME/3_0443.jpg,data/raw/MASK/3_0443_B0XX_0_Level1.jpg,data/raw/JSON/3_0443.json,3_0443_B0XX_0_Level1.jpg,1,1,Minor damage,1,1,104,112,223,167,120,56,0.0052278645833333335,0.12760546388542965,0.1925554056547207,09 September 2019,"Marsh Harbor, Abaco, the bahamas",https://youtu.be/Ya5dP0xqLyw
3_0443_001,3,443,3_0443,B109,26.55131,-77.0975,data/raw/FRAME/3_0443.jpg,data/raw/MASK/3_0443_B0XX_0_Level3.jpg,data/raw/JSON/3_0443.json,3_0443_B0XX_0_Level3.jpg,3,3,Severe damage,1,1,280,136,431,207,152,72,0.007877604166666666,0.27887568870523416,0.23942875726966634,09 September 2019,"Marsh Harbor, Abaco, the bahamas",https://youtu.be/Ya5dP0xqLyw
3_0443_002,3,443,3_0443,B114,26.55174,-77.09779,data/raw/FRAME/3_0443.jpg,data/raw/MASK/3_0443_B0XX_0_Level4.jpg,data/raw/JSON/3_0443.json,3_0443_B0XX_0_Level4.jpg,4,4,Destruction,1,1,408,256,735,391,328,136,0.027291666666666665,0.44816127320889,0.4498104303611818,09 September 2019,"Marsh Harbor, Abaco, the bahamas",https://youtu.be/Ya5dP0xqLyw
3_0443_003,3,443,3_0443,B108,26.55107,-77.09812,data/raw/FRAME/3_0443.jpg,data/raw/MASK/3_0443_B0XX_0_Level5.jpg,data/raw/JSON/3_0443.json,3_0443_B0XX_0_Level5.jpg,5,5,Destroyed or under construction,1,1,832,104,1015,183,184,80,0.011713324652777777,0.7241075150532654,0.2041849364417683,09 September 2019,"Marsh Harbor, Abaco, the bahamas",https://youtu.be/Ya5dP0xqLyw
3_0443_004,3,443,3_0443,B112,26.55167,-77.09758,data/raw/FRAME/3_0443.jpg,data/raw/MASK/3_0443_B0XX_1_Level3.jpg,data/raw/JSON/3_0443.json,3_0443_B0XX_1_Level3.jpg,3,3,Severe damage,1,1,176,216,295,311,120,96,0.007848307291666667,0.18137723800635974,0.3728562760188642,09 September 2019,"Marsh Harbor, Abaco, the bahamas",https://youtu.be/Ya5dP0xqLyw
3_0443_005,3,443,3_0443,B106,26.55208,-77.09798,data/raw/FRAME/3_0443.jpg,data/raw/MASK/3_0443_B0XX_4_Level4.jpg,data/raw/JSON/3_0443.json,3_0443_B0XX_4_Level4.jpg,4,4,Destruction,1,1,200,464,543,631,344,168,0.04007269965277778,0.2934820806030164,0.7560401303933161,09 September 2019,"Marsh Harbor, Abaco, the bahamas",https://youtu.be/Ya5dP0xqLyw
3_0446_000,3,446,3_0446,B107,26.5509,-77.0983,data/raw/FRAME/3_0446.jpg,data/raw/MASK/3_0446_B0XX_0_Level0.jpg,data/raw/JSON/3_0446.json,3_0446_B0XX_0_Level0.jpg,0,0,No or very minor damage,1,1,1016,104,1183,167,168,64,0.007751736111111111,0.8584851579997201,0.19314284714445687,09 September 2019,"Marsh Harbor, Abaco, the bahamas",https://youtu.be/Ya5dP0xqLyw
3_0446_001,3,446,3_0446,B113,26.55112,-77.09717,data/raw/FRAME/3_0446.jpg,data/raw/MASK/3_0446_B0XX_0_Level1.jpg,data/raw/JSON/3_0446.json,3_0446_B0XX_0_Level1.jpg,1,1,Minor damage,1,1,120,112,239,167,120,56,0.0050922309027777776,0.13834167909652675,0.19643055851504604,09 September 2019,"Marsh Harbor, Abaco, the bahamas",https://youtu.be/Ya5dP0xqLyw
3_0446_002,3,446,3_0446,B109,26.55131,-77.0975,data/raw/FRAME/3_0446.jpg,data/raw/MASK/3_0446_B0XX_0_Level3.jpg,data/raw/JSON/3_0446.json,3_0446_B0XX_0_Level3.jpg,3,3,Severe damage,1,1,296,144,447,207,152,64,0.007917751736111112,0.2907743550431684,0.2462968038615565,09 September 2019,"Marsh Harbor, Abaco, the bahamas",https://youtu.be/Ya5dP0xqLyw
3_0446_003,3,446,3_0446,B108,26.55107,-77.09812,data/raw/FRAME/3_0446.jpg,data/raw/MASK/3_0446_B0XX_0_Level4.jpg,data/raw/JSON/3_0446.json,3_0446_B0XX_0_Level4.jpg,4,4,Destruction,1,1,864,112,1047,191,184,80,0.012305772569444444,0.7450160782779296,0.21478350429611343,09 September 2019,"Marsh Harbor, Abaco, the bahamas",https://youtu.be/Ya5dP0xqLyw
3_0446_004,3,446,3_0446,B112,26.55167,-77.09758,data/raw/FRAME/3_0446.jpg,data/raw/MASK/3_0446_B0XX_1_Level3.jpg,data/raw/JSON/3_0446.json,3_0446_B0XX_1_Level3.jpg,3,3,Severe damage,1,1,184,232,295,319,112,88,0.007254774305555556,0.18558391601854624,0.38826216472230535,09 September 2019,"Marsh Harbor, Abaco, the bahamas",https://youtu.be/Ya5dP0xqLyw
3_0446_005,3,446,3_0446,B114,26.55174,-77.09779,data/raw/FRAME/3_0446.jpg,data/raw/MASK/3_0446_B0XX_2_Level4.jpg,data/raw/JSON/3_0446.json,3_0446_B0XX_2_Level4.jpg,4,4,Destruction,1,1,424,264,751,415,328,152,0.03149956597222222,0.45918015845676885,0.47318942090557664,09 September 2019,"Marsh Harbor, Abaco, the bahamas",https://youtu.be/Ya5dP0xqLyw
3_0446_006,3,446,3_0446,B106,26.55208,-77.09798,data/raw/FRAME/3_0446.jpg,data/raw/MASK/3_0446_B0XX_6_Level4.jpg,data/raw/JSON/3_0446.json,3_0446_B0XX_6_Level4.jpg,4,4,Destruction,1,1,192,504,551,679,360,176,0.04569227430555556,0.29257814355260037,0.8127597364046545,09 September 2019,"Marsh Harbor, Abaco, the bahamas",https://youtu.be/Ya5dP0xqLyw
3_0469_000,3,469,3_0469,B111,26.55093,-77.0974,data/raw/FRAME/3_0469.jpg,data/raw/MASK/3_0469_B0XX_0_Level1.jpg,data/raw/JSON/3_0469.json,3_0469_B0XX_0_Level1.jpg,1,1,Minor damage,1,1,440,120,567,181,128,62,0.0054871961805555555,0.39420744141783665,0.2111726319952541,09 September 2019,"Marsh Harbor, Abaco, the bahamas",https://youtu.be/Ya5dP0xqLyw
3_0469_001,3,469,3_0469,B109,26.55131,-77.0975,data/raw/FRAME/3_0469.jpg,data/raw/MASK/3_0469_B0XX_0_Level3.jpg,data/raw/JSON/3_0469.json,3_0469_B0XX_0_Level3.jpg,3,3,Severe damage,1,1,336,192,511,279,176,88,0.012022569444444445,0.3306222501128159,0.3271769705174489,09 September 2019,"Marsh Harbor, Abaco, the bahamas",https://youtu.be/Ya5dP0xqLyw
3_0469_002,3,469,3_0469,B110,26.55087,-77.09747,data/raw/FRAME/3_0469.jpg,data/raw/MASK/3_0469_B0XX_0_Level4.jpg,data/raw/JSON/3_0469.json,3_0469_B0XX_0_Level4.jpg,4,4,Destruction,1,1,552,112,687,167,136,56,0.005901692708333333,0.4834192291781577,0.1981775142489428,09 September 2019,"Marsh Harbor, Abaco, the bahamas",https://youtu.be/Ya5dP0xqLyw
3_0469_003,3,469,3_0469,B112,26.55167,-77.09758,data/raw/FRAME/3_0469.jpg,data/raw/MASK/3_0469_B0XX_1_Level1.jpg,data/raw/JSON/3_0469.json,3_0469_B0XX_1_Level1.jpg,1,1,Minor damage,1,1,144,136,279,207,136,72,0.006794704861111111,0.1665120468700096,0.24210404911458888,09 September 2019,"Marsh Harbor, Abaco, the bahamas",https://youtu.be/Ya5dP0xqLyw
3_0469_004,3,469,3_0469,B112,26.55167,-77.09758,data/raw/FRAME/3_0469.jpg,data/raw/MASK/3_0469_B0XX_1_Level3.jpg,data/raw/JSON/3_0469.json,3_0469_B0XX_1_Level3.jpg,3,3,Severe damage,1,1,152,328,343,455,192,128,0.01824435763888889,0.18882557875877246,0.5442195987470758,09 September 2019,"Marsh Harbor, Abaco, the bahamas",https://youtu.be/Ya5dP0xqLyw
3_0469_005,3,469,3_0469,B108,26.55107,-77.09812,data/raw/FRAME/3_0469.jpg,data/raw/MASK/3_0469_B0XX_1_Level4.jpg,data/raw/JSON/3_0469.json,3_0469_B0XX_1_Level4.jpg,4,4,Destruction,1,1,1024,160,1255,255,232,96,0.019817708333333333,0.8920486510348227,0.2917414190636103,09 September 2019,"Marsh Harbor, Abaco, the bahamas",https://youtu.be/Ya5dP0xqLyw
3_0469_006,3,469,3_0469,B114,26.55174,-77.09779,data/raw/FRAME/3_0469.jpg,data/raw/MASK/3_0469_B0XX_2_Level4.jpg,data/raw/JSON/3_0469.json,3_0469_B0XX_2_Level4.jpg,4,4,Destruction,1,1,440,400,903,655,464,256,0.06850151909722223,0.5289873437772251,0.7296160188954537,09 September 2019,"Marsh Harbor, Abaco, the bahamas",https://youtu.be/Ya5dP0xqLyw
3_0472_000,3,472,3_0472,B109,26.55131,-77.0975,data/raw/FRAME/3_0472.jpg,data/raw/MASK/3_0472_B0XX_0_Level3.jpg,data/raw/JSON/3_0472.json,3_0472_B0XX_0_Level3.jpg,3,3,Severe damage,1,1,328,248,503,335,176,88,0.013040364583333333,0.32396600411882176,0.40260269318244857,09 September 2019,"Marsh Harbor, Abaco, the bahamas",https://youtu.be/Ya5dP0xqLyw
3_0472_001,3,472,3_0472,B108,26.55107,-77.09812,data/raw/FRAME/3_0472.jpg,data/raw/MASK/3_0472_B0XX_0_Level4.jpg,data/raw/JSON/3_0472.json,3_0472_B0XX_0_Level4.jpg,4,4,Destruction,1,1,432,472,911,719,480,248,0.07344401041666666,0.526064889711314,0.8413176489804226,09 September 2019,"Marsh Harbor, Abaco, the bahamas",https://youtu.be/Ya5dP0xqLyw
3_0472_002,3,472,3_0472,B112,26.55167,-77.09758,data/raw/FRAME/3_0472.jpg,data/raw/MASK/3_0472_B0XX_1_Level3.jpg,data/raw/JSON/3_0472.json,3_0472_B0XX_1_Level3.jpg,3,3,Severe damage,1,1,112,392,359,519,248,128,0.0206640625,0.1764526392827137,0.6372688102406123,09 September 2019,"Marsh Harbor, Abaco, the bahamas",https://youtu.be/Ya5dP0xqLyw
3_0475_000,3,475,3_0475,B111,26.55093,-77.0974,data/raw/FRAME/3_0475.jpg,data/raw/MASK/3_0475_B0XX_0_Level1.jpg,data/raw/JSON/3_0475.json,3_0475_B0XX_0_Level1.jpg,1,1,Minor damage,1,1,432,232,551,295,120,64,0.005320095486111111,0.38520134356516417,0.36931470528248006,09 September 2019,"Marsh Harbor, Abaco, the bahamas",https://youtu.be/Ya5dP0xqLyw
3_0475_001,3,475,3_0475,B110,26.55087,-77.09747,data/raw/FRAME/3_0475.jpg,data/raw/MASK/3_0475_B0XX_0_Level3.jpg,data/raw/JSON/3_0475.json,3_0475_B0XX_0_Level3.jpg,3,3,Severe damage,1,1,528,232,679,287,152,56,0.006316189236111111,0.474705940774781,0.35792127164099335,09 September 2019,"Marsh Harbor, Abaco, the bahamas",https://youtu.be/Ya5dP0xqLyw
3_0475_002,3,475,3_0475,B108,26.55107,-77.09812,data/raw/FRAME/3_0475.jpg,data/raw/MASK/3_0475_B0XX_0_Level4.jpg,data/raw/JSON/3_0475.json,3_0475_B0XX_0_Level4.jpg,4,4,Destruction,1,1,1032,280,1279,383,248,104,0.021720920138888888,0.9073737932735538,0.4618316431877976,09 September 2019,"Marsh Harbor, Abaco, the bahamas",https://youtu.be/Ya5dP0xqLyw
3_0475_003,3,475,3_0475,B112,26.55167,-77.09758,data/raw/FRAME/3_0475.jpg,data/raw/MASK/3_0475_B0XX_1_Level1.jpg,data/raw/JSON/3_0475.json,3_0475_B0XX_1_Level1.jpg,1,1,Minor damage,1,1,128,256,263,327,136,72,0.007379557291666667,0.150204818225261,0.40486468493195443,09 September 2019,"Marsh Harbor, Abaco, the bahamas",https://youtu.be/Ya5dP0xqLyw
3_0475_004,3,475,3_0475,B109,26.55131,-77.0975,data/raw/FRAME/3_0475.jpg,data/raw/MASK/3_0475_B0XX_1_Level3.jpg,data/raw/JSON/3_0475.json,3_0475_B0XX_1_Level3.jpg,3,3,Severe damage,1,1,304,312,503,407,200,96,0.014547526041666667,0.31557506106884464,0.49896167424977,09 September 2019,"Marsh Harbor, Abaco, the bahamas",https://youtu.be/Ya5dP0xqLyw
3_0475_005,3,475,3_0475,B112,26.55167,-77.09758,data/raw/FRAME/3_0475.jpg,data/raw/MASK/3_0475_B0XX_2_Level4.jpg,data/raw/JSON/3_0475.json,3_0475_B0XX_2_Level4.jpg,4,4,Destruction,1,1,96,464,247,615,152,152,0.016751302083333332,0.13097829827374013,0.748342833700393,09 September 2019,"Marsh Harbor, Abaco, the bahamas",https://youtu.be/Ya5dP0xqLyw
3_0475_006,3,475,3_0475,B114,26.55174,-77.09779,data/raw/FRAME/3_0475.jpg,data/raw/MASK/3_0475_B0XX_5_Level4.jpg,data/raw/JSON/3_0475.json,3_0475_B0XX_5_Level4.jpg,4,4,Destruction,1,1,400,552,895,719,496,168,0.046959635416666666,0.4774689760097509,0.8982167614030223,09 September 2019,"Marsh Harbor, Abaco, the bahamas",https://youtu.be/Ya5dP0xqLyw
3_0478_000,3,478,3_0478,B111,26.55093,-77.0974,data/raw/FRAME/3_0478.jpg,data/raw/MASK/3_0478_B0XX_0_Level1.jpg,data/raw/JSON/3_0478.json,3_0478_B0XX_0_Level1.jpg,1,1,Minor damage,1,1,424,288,551,351,128,64,0.00595703125,0.3837302197176685,0.4490811576603926,09 September 2019,"Marsh Harbor, Abaco, the bahamas",https://youtu.be/Ya5dP0xqLyw
3_0478_001,3,478,3_0478,B110,26.55087,-77.09747,data/raw/FRAME/3_0478.jpg,data/raw/MASK/3_0478_B0XX_0_Level3.jpg,data/raw/JSON/3_0478.json,3_0478_B0XX_0_Level3.jpg,3,3,Severe damage,1,1,544,288,663,343,120,56,0.0057074652777777775,0.4691230988593156,0.43816935994930295,09 September 2019,"Marsh Harbor, Abaco, the bahamas",https://youtu.be/Ya5dP0xqLyw
3_0478_002,3,478,3_0478,B109,26.55131,-77.0975,data/raw/FRAME/3_0478.jpg,data/raw/MASK/3_0478_B0XX_0_Level4.jpg,data/raw/JSON/3_0478.json,3_0478_B0XX_0_Level4.jpg,4,4,Destruction,1,1,296,376,495,463,200,88,0.013346354166666666,0.3085003175813008,0.5802904245709124,09 September 2019,"Marsh Harbor, Abaco, the bahamas",https://youtu.be/Ya5dP0xqLyw
3_0478_003,3,478,3_0478,B112,26.55167,-77.09758,data/raw/FRAME/3_0478.jpg,data/raw/MASK/3_0478_B0XX_1_Level1.jpg,data/raw/JSON/3_0478.json,3_0478_B0XX_1_Level1.jpg,1,1,Minor damage,1,1,112,312,247,383,136,72,0.007535807291666667,0.1411259224262059,0.48588472922166226,09 September 2019,"Marsh Harbor, Abaco, the bahamas",https://youtu.be/Ya5dP0xqLyw
3_0478_004,3,478,3_0478,B114,26.55174,-77.09779,data/raw/FRAME/3_0478.jpg,data/raw/MASK/3_0478_B0XX_1_Level3.jpg,data/raw/JSON/3_0478.json,3_0478_B0XX_1_Level3.jpg,3,3,Severe damage,1,1,384,632,687,719,304,88,0.018372395833333333,0.40695793283427834,0.9549061441845814,09 September 2019,"Marsh Harbor, Abaco, the bahamas",https://youtu.be/Ya5dP0xqLyw
3_0478_005,3,478,3_0478,B112,26.55167,-77.09758,data/raw/FRAME/3_0478.jpg,data/raw/MASK/3_0478_B0XX_2_Level4.jpg,data/raw/JSON/3_0478.json,3_0478_B0XX_2_Level4.jpg,4,4,Destruction,1,1,64,536,223,695,160,160,0.017186414930555557,0.10903545047035798,0.8439814522521764,09 September 2019,"Marsh Harbor, Abaco, the bahamas",https://youtu.be/Ya5dP0xqLyw
3_0481_000,3,481,3_0481,B111,26.55093,-77.0974,data/raw/FRAME/3_0481.jpg,data/raw/MASK/3_0481_B0XX_0_Level0.jpg,data/raw/JSON/3_0481.json,3_0481_B0XX_0_Level0.jpg,0,0,No or very minor damage,1,1,416,344,551,407,136,64,0.006349826388888889,0.37984850264866715,0.5205421223513329,09 September 2019,"Marsh Harbor, Abaco, the bahamas",https://youtu.be/Ya5dP0xqLyw
3_0481_001,3,481,3_0481,B112,26.55167,-77.09758,data/raw/FRAME/3_0481.jpg,data/raw/MASK/3_0481_B0XX_0_Level1.jpg,data/raw/JSON/3_0481.json,3_0481_B0XX_0_Level1.jpg,1,1,Minor damage,1,1,96,360,239,431,144,72,0.007758246527777778,0.12858697552447554,0.5548558663558664,09 September 2019,"Marsh Harbor, Abaco, the bahamas",https://youtu.be/Ya5dP0xqLyw
3_0481_002,3,481,3_0481,B117,26.55042,-77.09747,data/raw/FRAME/3_0481.jpg,data/raw/MASK/3_0481_B0XX_0_Level3.jpg,data/raw/JSON/3_0481.json,3_0481_B0XX_0_Level3.jpg,3,3,Severe damage,1,1,600,288,743,335,144,48,0.005603298611111111,0.5219586621320682,0.4292742490747913,09 September 2019,"Marsh Harbor, Abaco, the bahamas",https://youtu.be/Ya5dP0xqLyw
3_0481_003,3,481,3_0481,B108,26.55107,-77.09812,data/raw/FRAME/3_0481.jpg,data/raw/MASK/3_0481_B0XX_0_Level4.jpg,data/raw/JSON/3_0481.json,3_0481_B0XX_0_Level4.jpg,4,4,Destruction,1,1,1056,384,1279,503,224,120,0.022705078125,0.9210442054958184,0.6210432762511615,09 September 2019,"Marsh Harbor, Abaco, the bahamas",https://youtu.be/Ya5dP0xqLyw
3_0481_004,3,481,3_0481,B110,26.55087,-77.09747,data/raw/FRAME/3_0481.jpg,data/raw/MASK/3_0481_B0XX_1_Level3.jpg,data/raw/JSON/3_0481.json,3_0481_B0XX_1_Level3.jpg,3,3,Severe damage,1,1,536,336,679,399,144,64,0.007282986111111111,0.474341780579559,0.5097307061978545,09 September 2019,"Marsh Harbor, Abaco, the bahamas",https://youtu.be/Ya5dP0xqLyw
3_0481_005,3,481,3_0481,B109,26.55131,-77.0975,data/raw/FRAME/3_0481.jpg,data/raw/MASK/3_0481_B0XX_2_Level3.jpg,data/raw/JSON/3_0481.json,3_0481_B0XX_2_Level3.jpg,3,3,Severe damage,1,1,280,432,487,519,208,88,0.015251736111111112,0.2990511169607285,0.660980680452792,09 September 2019,"Marsh Harbor, Abaco, the bahamas",https://youtu.be/Ya5dP0xqLyw
3_0501_000,3,501,3_0501,B118,26.55053,-77.09782,data/raw/FRAME/3_0501.jpg,data/raw/MASK/3_0501_B0XX_0_Level0.jpg,data/raw/JSON/3_0501.json,3_0501_B0XX_0_Level0.jpg,0,0,No or very minor damage,1,1,568,432,711,487,144,56,0.0063943142361111115,0.49828464385711857,0.6416207081848521,09 September 2019,"Marsh Harbor, Abaco, the bahamas",https://youtu.be/Ya5dP0xqLyw
3_0501_001,3,501,3_0501,B118,26.55053,-77.09782,data/raw/FRAME/3_0501.jpg,data/raw/MASK/3_0501_B0XX_0_Level2.jpg,data/raw/JSON/3_0501.json,3_0501_B0XX_0_Level2.jpg,2,2,Moderate damage,1,1,536,424,607,479,72,56,0.002218967013888889,0.44238577322738387,0.6240946753599566,09 September 2019,"Marsh Harbor, Abaco, the bahamas",https://youtu.be/Ya5dP0xqLyw
3_0501_002,3,501,3_0501,B119,26.54987,-77.09806,data/raw/FRAME/3_0501.jpg,data/raw/MASK/3_0501_B0XX_0_Level3.jpg,data/raw/JSON/3_0501.json,3_0501_B0XX_0_Level3.jpg,3,3,Severe damage,1,1,632,368,839,423,208,56,0.008092447916666667,0.5779734219965138,0.5452850779178212,09 September 2019,"Marsh Harbor, Abaco, the bahamas",https://youtu.be/Ya5dP0xqLyw
3_0501_003,3,501,3_0501,B120,26.55023,-77.09765,data/raw/FRAME/3_0501.jpg,data/raw/MASK/3_0501_B0XX_0_Level4.jpg,data/raw/JSON/3_0501.json,3_0501_B0XX_0_Level4.jpg,4,4,Destruction,1,1,432,376,575,447,144,72,0.007435980902777778,0.3985561752152342,0.576834962790019,09 September 2019,"Marsh Harbor, Abaco, the bahamas",https://youtu.be/Ya5dP0xqLyw
3_0501_004,3,501,3_0501,B121,26.55068,-77.09851,data/raw/FRAME/3_0501.jpg,data/raw/MASK/3_0501_B0XX_0_Level5.jpg,data/raw/JSON/3_0501.json,3_0501_B0XX_0_Level5.jpg,5,5,Destroyed or under construction,1,1,1176,448,1279,527,104,80,0.0059364149305555555,0.9645502993054287,0.6850380287983103,09 September 2019,"Marsh Harbor, Abaco, the bahamas",https://youtu.be/Ya5dP0xqLyw
3_0501_005,3,501,3_0501,B107,26.5509,-77.0983,data/raw/FRAME/3_0501.jpg,data/raw/MASK/3_0501_B0XX_1_Level0.jpg,data/raw/JSON/3_0501.json,3_0501_B0XX_1_Level0.jpg,0,0,No or very minor damage,1,1,952,504,1215,607,264,104,0.018349609375,0.8548820848855774,0.7678049790077465,09 September 2019,"Marsh Harbor, Abaco, the bahamas",https://youtu.be/Ya5dP0xqLyw
3_0501_006,3,501,3_0501,B122,26.55012,-77.09826,data/raw/FRAME/3_0501.jpg,data/raw/MASK/3_0501_B0XX_1_Level3.jpg,data/raw/JSON/3_0501.json,3_0501_B0XX_1_Level3.jpg,3,3,Severe damage,1,1,872,392,1007,439,136,48,0.004898003472222222,0.7363139330416482,0.5754101437503076,09 September 2019,"Marsh Harbor, Abaco, the bahamas",https://youtu.be/Ya5dP0xqLyw
3_0501_007,3,501,3_0501,B123,26.55011,-77.09781,data/raw/FRAME/3_0501.jpg,data/raw/MASK/3_0501_B0XX_1_Level4.jpg,data/raw/JSON/3_0501.json,3_0501_B0XX_1_Level4.jpg,4,4,Destruction,1,1,584,384,663,431,80,48,0.0031586371527777776,0.48824179835108217,0.568635253253941,09 September 2019,"Marsh Harbor, Abaco, the bahamas",https://youtu.be/Ya5dP0xqLyw
3_0501_008,3,501,3_0501,B117,26.55042,-77.09747,data/raw/FRAME/3_0501.jpg,data/raw/MASK/3_0501_B0XX_2_Level3.jpg,data/raw/JSON/3_0501.json,3_0501_B0XX_2_Level3.jpg,3,3,Severe damage,1,1,248,416,423,471,176,56,0.008008897569444444,0.2608993954071264,0.6161858901985579,09 September 2019,"Marsh Harbor, Abaco, the bahamas",https://youtu.be/Ya5dP0xqLyw
3_0501_009,3,501,3_0501,B124,26.55054,-77.0983,data/raw/FRAME/3_0501.jpg,data/raw/MASK/3_0501_B0XX_3_Level3.jpg,data/raw/JSON/3_0501.json,3_0501_B0XX_3_Level3.jpg,3,3,Severe damage,1,1,960,432,1135,503,176,72,0.01037109375,0.8149590820516843,0.649771860686801,09 September 2019,"Marsh Harbor, Abaco, the bahamas",https://youtu.be/Ya5dP0xqLyw
3_0501_010,3,501,3_0501,B110,26.55087,-77.09747,data/raw/FRAME/3_0501.jpg,data/raw/MASK/3_0501_B0XX_4_Level4.jpg,data/raw/JSON/3_0501.json,3_0501_B0XX_4_Level4.jpg,4,4,Destruction,1,1,144,480,335,559,192,80,0.011129557291666667,0.18852673783757434,0.7209316401806896,09 September 2019,"Marsh Harbor, Abaco, the bahamas",https://youtu.be/Ya5dP0xqLyw
3_0501_011,3,501,3_0501,B108,26.55107,-77.09812,data/raw/FRAME/3_0501.jpg,data/raw/MASK/3_0501_B0XX_5_Level4.jpg,data/raw/JSON/3_0501.json,3_0501_B0XX_5_Level4.jpg,4,4,Destruction,1,1,768,520,1047,663,280,144,0.030771484375,0.7117992469321909,0.8311697050906824,09 September 2019,"Marsh Harbor, Abaco, the bahamas",https://youtu.be/Ya5dP0xqLyw
3_0504_000,3,504,3_0504,B118,26.55053,-77.09782,data/raw/FRAME/3_0504.jpg,data/raw/MASK/3_0504_B0XX_0_Level0.jpg,data/raw/JSON/3_0504.json,3_0504_B0XX_0_Level0.jpg,0,0,No or very minor damage,1,1,560,432,703,495,144,64,0.006633029513888889,0.49240105615082613,0.6427933638693495,09 September 2019,"Marsh Harbor, Abaco, the bahamas",https://youtu.be/Ya5dP0xqLyw
3_0504_001,3,504,3_0504,B119,26.54987,-77.09806,data/raw/FRAME/3_0504.jpg,data/raw/MASK/3_0504_B0XX_0_Level3.jpg,data/raw/JSON/3_0504.json,3_0504_B0XX_0_Level3.jpg,3,3,Severe damage,1,1,696,368,839,415,144,48,0.005319010416666666,0.5979145948082415,0.5407772904483431,09 September 2019,"Marsh Harbor, Abaco, the bahamas",https://youtu.be/Ya5dP0xqLyw
3_0504_002,3,504,3_0504,B123,26.55011,-77.09781,data/raw/FRAME/3_0504.jpg,data/raw/MASK/3_0504_B0XX_0_Level4.jpg,data/raw/JSON/3_0504.json,3_0504_B0XX_0_Level4.jpg,4,4,Destruction,1,1,584,376,695,431,112,56,0.004624565972222223,0.49921178437353353,0.5577744538297096,09 September 2019,"Marsh Harbor, Abaco, the bahamas",https://youtu.be/Ya5dP0xqLyw
3_0504_003,3,504,3_0504,B121,26.55068,-77.09851,data/raw/FRAME/3_0504.jpg,data/raw/MASK/3_0504_B0XX_0_Level5.jpg,data/raw/JSON/3_0504.json,3_0504_B0XX_0_Level5.jpg,5,5,Destroyed or under construction,1,1,1176,448,1279,527,104,80,0.006154513888888889,0.9643834295662905,0.6833720224102805,09 September 2019,"Marsh Harbor, Abaco, the bahamas",https://youtu.be/Ya5dP0xqLyw
3_0504_004,3,504,3_0504,B107,26.5509,-77.0983,data/raw/FRAME/3_0504.jpg,data/raw/MASK/3_0504_B0XX_1_Level0.jpg,data/raw/JSON/3_0504.json,3_0504_B0XX_1_Level0.jpg,0,0,No or very minor damage,1,1,960,504,1215,607,256,104,0.018238932291666666,0.8559925114521982,0.7709281899247096,09 September 2019,"Marsh Harbor, Abaco, the bahamas",https://youtu.be/Ya5dP0xqLyw
3_0504_005,3,504,3_0504,B122,26.55012,-77.09826,data/raw/FRAME/3_0504.jpg,data/raw/MASK/3_0504_B0XX_1_Level3.jpg,data/raw/JSON/3_0504.json,3_0504_B0XX_1_Level3.jpg,3,3,Severe damage,1,1,872,392,999,439,128,48,0.004704861111111111,0.7335627594557195,0.5747671304838049,09 September 2019,"Marsh Harbor, Abaco, the bahamas",https://youtu.be/Ya5dP0xqLyw
3_0504_006,3,504,3_0504,B120,26.55023,-77.09765,data/raw/FRAME/3_0504.jpg,data/raw/MASK/3_0504_B0XX_1_Level4.jpg,data/raw/JSON/3_0504.json,3_0504_B0XX_1_Level4.jpg,4,4,Destruction,1,1,432,376,567,447,136,72,0.007082248263888889,0.3942569088018998,0.5749297788672693,09 September 2019,"Marsh Harbor, Abaco, the bahamas",https://youtu.be/Ya5dP0xqLyw
3_0504_007,3,504,3_0504,B118,26.55053,-77.09782,data/raw/FRAME/3_0504.jpg,data/raw/MASK/3_0504_B0XX_2_Level3.jpg,data/raw/JSON/3_0504.json,3_0504_B0XX_2_Level3.jpg,3,3,Severe damage,1,1,528,424,599,487,72,64,0.0027137586805555556,0.43796387694922034,0.6256791727753342,09 September 2019,"Marsh Harbor, Abaco, the bahamas",https://youtu.be/Ya5dP0xqLyw
3_0504_008,3,504,3_0504,B124,26.55054,-77.0983,data/raw/FRAME/3_0504.jpg,data/raw/MASK/3_0504_B0XX_3_Level3.jpg,data/raw/JSON/3_0504.json,3_0504_B0XX_3_Level3.jpg,3,3,Severe damage,1,1,952,432,1151,503,200,72,0.010445963541666667,0.8185645677521555,0.6440996387475041,09 September 2019,"Marsh Harbor, Abaco, the bahamas",https://youtu.be/Ya5dP0xqLyw
3_0504_009,3,504,3_0504,B117,26.55042,-77.09747,data/raw/FRAME/3_0504.jpg,data/raw/MASK/3_0504_B0XX_3_Level4.jpg,data/raw/JSON/3_0504.json,3_0504_B0XX_3_Level4.jpg,4,4,Destruction,1,1,240,416,415,471,176,56,0.007774522569444445,0.2550701107815771,0.6135632317593238,09 September 2019,"Marsh Harbor, Abaco, the bahamas",https://youtu.be/Ya5dP0xqLyw
3_0504_010,3,504,3_0504,B125,26.55073,-77.09761,data/raw/FRAME/3_0504.jpg,data/raw/MASK/3_0504_B0XX_6_Level4.jpg,data/raw/JSON/3_0504.json,3_0504_B0XX_6_Level4.jpg,4,4,Destruction,1,1,368,456,455,511,88,56,0.003569878472222222,0.32227868541033433,0.6746812732185072,09 September 2019,"Marsh Harbor, Abaco, the bahamas",https://youtu.be/Ya5dP0xqLyw
3_0504_011,3,504,3_0504,B110,26.55087,-77.09747,data/raw/FRAME/3_0504.jpg,data/raw/MASK/3_0504_B0XX_7_Level4.jpg,data/raw/JSON/3_0504.json,3_0504_B0XX_7_Level4.jpg,4,4,Destruction,1,1,0,488,327,575,328,88,0.021246744791666668,0.1246431888693121,0.7302737489289505,09 September 2019,"Marsh Harbor, Abaco, the bahamas",https://youtu.be/Ya5dP0xqLyw
3_0504_012,3,504,3_0504,B108,26.55107,-77.09812,data/raw/FRAME/3_0504.jpg,data/raw/MASK/3_0504_B0XX_8_Level4.jpg,data/raw/JSON/3_0504.json,3_0504_B0XX_8_Level4.jpg,4,4,Destruction,1,1,760,528,1039,663,280,136,0.03172960069444444,0.7087325165857329,0.8361104936582845,09 September 2019,"Marsh Harbor, Abaco, the bahamas",https://youtu.be/Ya5dP0xqLyw
3_0507_000,3,507,3_0507,B126,26.55048,-77.0987,data/raw/FRAME/3_0507.jpg,data/raw/MASK/3_0507_B0XX_0_Level0.jpg,data/raw/JSON/3_0507.json,3_0507_B0XX_0_Level0.jpg,0,0,No or very minor damage,1,1,1120,408,1271,463,152,56,0.006154513888888889,0.9409278858868124,0.6077248374079298,09 September 2019,"Marsh Harbor, Abaco, the bahamas",https://youtu.be/Ya5dP0xqLyw
3_0507_001,3,507,3_0507,B119,26.54987,-77.09806,data/raw/FRAME/3_0507.jpg,data/raw/MASK/3_0507_B0XX_0_Level1.jpg,data/raw/JSON/3_0507.json,3_0507_B0XX_0_Level1.jpg,1,1,Minor damage,1,1,552,360,679,415,128,56,0.005358072916666666,0.48013571410490075,0.535993542144818,09 September 2019,"Marsh Harbor, Abaco, the bahamas",https://youtu.be/Ya5dP0xqLyw
3_0507_002,3,507,3_0507,B122,26.55012,-77.09826,data/raw/FRAME/3_0507.jpg,data/raw/MASK/3_0507_B0XX_0_Level2.jpg,data/raw/JSON/3_0507.json,3_0507_B0XX_0_Level2.jpg,2,2,Moderate damage,1,1,712,384,839,431,128,48,0.005319010416666666,0.6087802172582619,0.567228228840836,09 September 2019,"Marsh Harbor, Abaco, the bahamas",https://youtu.be/Ya5dP0xqLyw
3_0507_003,3,507,3_0507,B117,26.55042,-77.09747,data/raw/FRAME/3_0507.jpg,data/raw/MASK/3_0507_B0XX_0_Level3.jpg,data/raw/JSON/3_0507.json,3_0507_B0XX_0_Level3.jpg,3,3,Severe damage,1,1,72,416,255,471,184,56,0.008500434027777778,0.12778034848098035,0.6177952940175304,09 September 2019,"Marsh Harbor, Abaco, the bahamas",https://youtu.be/Ya5dP0xqLyw
3_0507_004,3,507,3_0507,B123,26.55011,-77.09781,data/raw/FRAME/3_0507.jpg,data/raw/MASK/3_0507_B0XX_0_Level4.jpg,data/raw/JSON/3_0507.json,3_0507_B0XX_0_Level4.jpg,4,4,Destruction,1,1,424,368,543,431,120,64,0.005729166666666666,0.3788606770833333,0.5543389625420875,09 September 2019,"Marsh Harbor, Abaco, the bahamas",https://youtu.be/Ya5dP0xqLyw
3_0507_005,3,507,3_0507,B121,26.55068,-77.09851,data/raw/FRAME/3_0507.jpg,data/raw/MASK/3_0507_B0XX_0_Level5.jpg,data/raw/JSON/3_0507.json,3_0507_B0XX_0_Level5.jpg,5,5,Destroyed or under construction,1,1,1016,440,1239,511,224,72,0.011850043402777777,0.8783836759454262,0.6605044816815717,09 September 2019,"Marsh Harbor, Abaco, the bahamas",https://youtu.be/Ya5dP0xqLyw
3_0507_006,3,507,3_0507,B118,26.55053,-77.09782,data/raw/FRAME/3_0507.jpg,data/raw/MASK/3_0507_B0XX_1_Level0.jpg,data/raw/JSON/3_0507.json,3_0507_B0XX_1_Level0.jpg,0,0,No or very minor damage,1,1,400,432,559,495,160,64,0.007845052083333333,0.3730252636583679,0.6460525203626863,09 September 2019,"Marsh Harbor, Abaco, the bahamas",https://youtu.be/Ya5dP0xqLyw
3_0507_007,3,507,3_0507,B127,26.55032,-77.09852,data/raw/FRAME/3_0507.jpg,data/raw/MASK/3_0507_B0XX_1_Level1.jpg,data/raw/JSON/3_0507.json,3_0507_B0XX_1_Level1.jpg,1,1,Minor damage,1,1,912,400,1071,455,160,56,0.0062315538194444445,0.7770044782779035,0.5943885793332947,09 September 2019,"Marsh Harbor, Abaco, the bahamas",https://youtu.be/Ya5dP0xqLyw
3_0507_008,3,507,3_0507,B124,26.55054,-77.0983,data/raw/FRAME/3_0507.jpg,data/raw/MASK/3_0507_B0XX_1_Level3.jpg,data/raw/JSON/3_0507.json,3_0507_B0XX_1_Level3.jpg,3,3,Severe damage,1,1,800,416,983,495,184,80,0.010686848958333333,0.6917554288506447,0.6371903238907504,09 September 2019,"Marsh Harbor, Abaco, the bahamas",https://youtu.be/Ya5dP0xqLyw
3_0507_009,3,507,3_0507,B120,26.55023,-77.09765,data/raw/FRAME/3_0507.jpg,data/raw/MASK/3_0507_B0XX_1_Level4.jpg,data/raw/JSON/3_0507.json,3_0507_B0XX_1_Level4.jpg,4,4,Destruction,1,1,272,376,415,447,144,72,0.007635633680555556,0.2707135054000284,0.574298943678651,09 September 2019,"Marsh Harbor, Abaco, the bahamas",https://youtu.be/Ya5dP0xqLyw
3_0507_010,3,507,3_0507,B107,26.5509,-77.0983,data/raw/FRAME/3_0507.jpg,data/raw/MASK/3_0507_B0XX_2_Level0.jpg,data/raw/JSON/3_0507.json,3_0507_B0XX_2_Level0.jpg,0,0,No or very minor damage,1,1,808,496,1055,591,248,96,0.016121961805555557,0.7316482492596581,0.7564550896636305,09 September 2019,"Marsh Harbor, Abaco, the bahamas",https://youtu.be/Ya5dP0xqLyw
3_0507_011,3,507,3_0507,B110,26.55087,-77.09747,data/raw/FRAME/3_0507.jpg,data/raw/MASK/3_0507_B0XX_2_Level3.jpg,data/raw/JSON/3_0507.json,3_0507_B0XX_2_Level3.jpg,3,3,Severe damage,1,1,0,488,167,575,168,88,0.010245225694444445,0.05704945324083881,0.7326394772764715,09 September 2019,"Marsh Harbor, Abaco, the bahamas",https://youtu.be/Ya5dP0xqLyw
3_0507_012,3,507,3_0507,B108,26.55107,-77.09812,data/raw/FRAME/3_0507.jpg,data/raw/MASK/3_0507_B0XX_3_Level4.jpg,data/raw/JSON/3_0507.json,3_0507_B0XX_3_Level4.jpg,4,4,Destruction,1,1,600,512,887,663,288,152,0.03163736979166667,0.587526553443427,0.8251586240010975,09 September 2019,"Marsh Harbor, Abaco, the bahamas",https://youtu.be/Ya5dP0xqLyw
3_0510_000,3,510,3_0510,B107,26.5509,-77.0983,data/raw/FRAME/3_0510.jpg,data/raw/MASK/3_0510_B0XX_0_Level0.jpg,data/raw/JSON/3_0510.json,3_0510_B0XX_0_Level0.jpg,0,0,No or very minor damage,1,1,808,504,1055,607,248,104,0.0181640625,0.7274748450567503,0.7687568863666534,09 September 2019,"Marsh Harbor, Abaco, the bahamas",https://youtu.be/Ya5dP0xqLyw
3_0510_001,3,510,3_0510,B127,26.55032,-77.09852,data/raw/FRAME/3_0510.jpg,data/raw/MASK/3_0510_B0XX_0_Level2.jpg,data/raw/JSON/3_0510.json,3_0510_B0XX_0_Level2.jpg,2,2,Moderate damage,1,1,904,400,1055,455,152,56,0.006637369791666667,0.7660783983161681,0.5944001689281239,09 September 2019,"Marsh Harbor, Abaco, the bahamas",https://youtu.be/Ya5dP0xqLyw
3_0510_002,3,510,3_0510,B117,26.55042,-77.09747,data/raw/FRAME/3_0510.jpg,data/raw/MASK/3_0510_B0XX_0_Level3.jpg,data/raw/JSON/3_0510.json,3_0510_B0XX_0_Level3.jpg,3,3,Severe damage,1,1,40,416,231,479,192,64,0.009135199652777778,0.10462913128043712,0.6209550817595122,09 September 2019,"Marsh Harbor, Abaco, the bahamas",https://youtu.be/Ya5dP0xqLyw
3_0510_003,3,510,3_0510,B108,26.55107,-77.09812,data/raw/FRAME/3_0510.jpg,data/raw/MASK/3_0510_B0XX_0_Level4.jpg,data/raw/JSON/3_0510.json,3_0510_B0XX_0_Level4.jpg,4,4,Destruction,1,1,592,528,879,671,288,144,0.03340277777777778,0.5779538731565099,0.8400354982386233,09 September 2019,"Marsh Harbor, Abaco, the bahamas",https://youtu.be/Ya5dP0xqLyw
3_0510_004,3,510,3_0510,B121,26.55068,-77.09851,data/raw/FRAME/3_0510.jpg,data/raw/MASK/3_0510_B0XX_0_Level5.jpg,data/raw/JSON/3_0510.json,3_0510_B0XX_0_Level5.jpg,5,5,Destroyed or under construction,1,1,1000,432,1159,519,160,88,0.009071180555555556,0.8496081601375598,0.6664069976076555,09 September 2019,"Marsh Harbor, Abaco, the bahamas",https://youtu.be/Ya5dP0xqLyw
3_0510_005,3,510,3_0510,B124,26.55054,-77.0983,data/raw/FRAME/3_0510.jpg,data/raw/MASK/3_0510_B0XX_1_Level3.jpg,data/raw/JSON/3_0510.json,3_0510_B0XX_1_Level3.jpg,3,3,Severe damage,1,1,784,424,967,503,184,80,0.011039496527777777,0.6812108376744643,0.6428651191490291,09 September 2019,"Marsh Harbor, Abaco, the bahamas",https://youtu.be/Ya5dP0xqLyw
3_0513_000,3,513,3_0513,B107,26.5509,-77.0983,data/raw/FRAME/3_0513.jpg,data/raw/MASK/3_0513_B0XX_0_Level0.jpg,data/raw/JSON/3_0513.json,3_0513_B0XX_0_Level0.jpg,0,0,No or very minor damage,1,1,784,512,1055,623,272,112,0.020724826388888888,0.7260497382198953,0.7900018179173938,09 September 2019,"Marsh Harbor, Abaco, the bahamas",https://youtu.be/Ya5dP0xqLyw
3_0513_001,3,513,3_0513,B127,26.55032,-77.09852,data/raw/FRAME/3_0513.jpg,data/raw/MASK/3_0513_B0XX_0_Level2.jpg,data/raw/JSON/3_0513.json,3_0513_B0XX_0_Level2.jpg,2,2,Moderate damage,1,1,904,408,1063,463,160,56,0.0065570746527777776,0.7735585077775939,0.6055594627392575,09 September 2019,"Marsh Harbor, Abaco, the bahamas",https://youtu.be/Ya5dP0xqLyw
3_0513_002,3,513,3_0513,B119,26.54987,-77.09806,data/raw/FRAME/3_0513.jpg,data/raw/MASK/3_0513_B0XX_0_Level3.jpg,data/raw/JSON/3_0513.json,3_0513_B0XX_0_Level3.jpg,3,3,Severe damage,1,1,520,360,663,415,144,56,0.005822482638888889,0.46243899669213573,0.5403650039342361,09 September 2019,"Marsh Harbor, Abaco, the bahamas",https://youtu.be/Ya5dP0xqLyw
3_0513_003,3,513,3_0513,B123,26.55011,-77.09781,data/raw/FRAME/3_0513.jpg,data/raw/MASK/3_0513_B0XX_0_Level4.jpg,data/raw/JSON/3_0513.json,3_0513_B0XX_0_Level4.jpg,4,4,Destruction,1,1,392,384,479,431,88,48,0.0033745659722222224,0.34056646905144694,0.5691389782065024,09 September 2019,"Marsh Harbor, Abaco, the bahamas",https://youtu.be/Ya5dP0xqLyw
3_0513_004,3,513,3_0513,B121,26.55068,-77.09851,data/raw/FRAME/3_0513.jpg,data/raw/MASK/3_0513_B0XX_0_Level5.jpg,data/raw/JSON/3_0513.json,3_0513_B0XX_0_Level5.jpg,5,5,Destroyed or under construction,1,1,1016,456,1247,527,232,72,0.013309461805555556,0.877971437815914,0.6803737069043607,09 September 2019,"Marsh Harbor, Abaco, the bahamas",https://youtu.be/Ya5dP0xqLyw
3_0513_005,3,513,3_0513,B122,26.55012,-77.09826,data/raw/FRAME/3_0513.jpg,data/raw/MASK/3_0513_B0XX_1_Level3.jpg,data/raw/JSON/3_0513.json,3_0513_B0XX_1_Level3.jpg,3,3,Severe damage,1,1,696,392,831,439,136,48,0.004718967013888889,0.596357819326282,0.5736091949618047,09 September 2019,"Marsh Harbor, Abaco, the bahamas",https://youtu.be/Ya5dP0xqLyw
3_0513_006,3,513,3_0513,B120,26.55023,-77.09765,data/raw/FRAME/3_0513.jpg,data/raw/MASK/3_0513_B0XX_1_Level4.jpg,data/raw/JSON/3_0513.json,3_0513_B0XX_1_Level4.jpg,4,4,Destruction,1,1,232,392,383,455,152,64,0.007110460069444445,0.24092293129101178,0.592870949692253,09 September 2019,"Marsh Harbor, Abaco, the bahamas",https://youtu.be/Ya5dP0xqLyw
3_0513_007,3,513,3_0513,B117,26.55042,-77.09747,data/raw/FRAME/3_0513.jpg,data/raw/MASK/3_0513_B0XX_2_Level3.jpg,data/raw/JSON/3_0513.json,3_0513_B0XX_2_Level3.jpg,3,3,Severe damage,1,1,16,424,207,487,192,64,0.009292534722222223,0.08450499547524522,0.6329154016814572,09 September 2019,"Marsh Harbor, Abaco, the bahamas",https://youtu.be/Ya5dP0xqLyw
3_0513_008,3,513,3_0513,B108,26.55107,-77.09812,data/raw/FRAME/3_0513.jpg,data/raw/MASK/3_0513_B0XX_2_Level4.jpg,data/raw/JSON/3_0513.json,3_0513_B0XX_2_Level4.jpg,4,4,Destruction,1,1,576,544,879,711,304,168,0.03899522569444445,0.5736766488466247,0.8777655653873028,09 September 2019,"Marsh Harbor, Abaco, the bahamas",https://youtu.be/Ya5dP0xqLyw
3_0513_009,3,513,3_0513,B124,26.55054,-77.0983,data/raw/FRAME/3_0513.jpg,data/raw/MASK/3_0513_B0XX_3_Level3.jpg,data/raw/JSON/3_0513.json,3_0513_B0XX_3_Level3.jpg,3,3,Severe damage,1,1,792,432,983,511,192,80,0.010006510416666666,0.6926830879960962,0.648287157521868,09 September 2019,"Marsh Harbor, Abaco, the bahamas",https://youtu.be/Ya5dP0xqLyw
3_0533_000,3,533,3_0533,B118,26.55053,-77.09782,data/raw/FRAME/3_0533.jpg,data/raw/MASK/3_0533_B0XX_0_Level0.jpg,data/raw/JSON/3_0533.json,3_0533_B0XX_0_Level0.jpg,0,0,No or very minor damage,1,1,56,624,335,719,280,96,0.021139322916666668,0.15043746310697054,0.9455309174280533,09 September 2019,"Marsh Harbor, Abaco, the bahamas",https://youtu.be/Ya5dP0xqLyw
3_0533_001,3,533,3_0533,B128,26.54973,-77.09779,data/raw/FRAME/3_0533.jpg,data/raw/MASK/3_0533_B0XX_0_Level2.jpg,data/raw/JSON/3_0533.json,3_0533_B0XX_0_Level2.jpg,2,2,Moderate damage,1,1,216,416,391,487,176,72,0.009381510416666667,0.23167496168748553,0.623878415195209,09 September 2019,"Marsh Harbor, Abaco, the bahamas",https://youtu.be/Ya5dP0xqLyw
3_0533_002,3,533,3_0533,B129,26.54963,-77.0975,data/raw/FRAME/3_0533.jpg,data/raw/MASK/3_0533_B0XX_0_Level3.jpg,data/raw/JSON/3_0533.json,3_0533_B0XX_0_Level3.jpg,3,3,Severe damage,1,1,24,416,199,479,176,64,0.007599826388888889,0.08398013635065676,0.6205239862935465,09 September 2019,"Marsh Harbor, Abaco, the bahamas",https://youtu.be/Ya5dP0xqLyw
3_0533_003,3,533,3_0533,B120,26.55023,-77.09765,data/raw/FRAME/3_0533.jpg,data/raw/MASK/3_0533_B0XX_0_Level4.jpg,data/raw/JSON/3_0533.json,3_0533_B0XX_0_Level4.jpg,4,4,Destruction,1,1,0,480,175,607,176,128,0.018335503472222223,0.06269741611433306,0.753319015399587,09 September 2019,"Marsh Harbor, Abaco, the bahamas",https://youtu.be/Ya5dP0xqLyw
3_0533_004,3,533,3_0533,B119,26.54987,-77.09806,data/raw/FRAME/3_0533.jpg,data/raw/MASK/3_0533_B0XX_1_Level2.jpg,data/raw/JSON/3_0533.json,3_0533_B0XX_1_Level2.jpg,2,2,Moderate damage,1,1,408,440,607,511,200,72,0.012341579861111111,0.3968371532662212,0.6603037141238302,09 September 2019,"Marsh Harbor, Abaco, the bahamas",https://youtu.be/Ya5dP0xqLyw
3_0533_005,3,533,3_0533,B123,26.55011,-77.09781,data/raw/FRAME/3_0533.jpg,data/raw/MASK/3_0533_B0XX_1_Level3.jpg,data/raw/JSON/3_0533.json,3_0533_B0XX_1_Level3.jpg,3,3,Severe damage,1,1,200,456,407,559,208,104,0.014952256944444445,0.23544816990203193,0.7079624254152556,09 September 2019,"Marsh Harbor, Abaco, the bahamas",https://youtu.be/Ya5dP0xqLyw
3_0533_006,3,533,3_0533,B127,26.55032,-77.09852,data/raw/FRAME/3_0533.jpg,data/raw/MASK/3_0533_B0XX_2_Level2.jpg,data/raw/JSON/3_0533.json,3_0533_B0XX_2_Level2.jpg,2,2,Moderate damage,1,1,984,536,1247,631,264,96,0.018505859375,0.876045010627382,0.8020683898498322,09 September 2019,"Marsh Harbor, Abaco, the bahamas",https://youtu.be/Ya5dP0xqLyw
3_0533_007,3,533,3_0533,B122,26.55012,-77.09826,data/raw/FRAME/3_0533.jpg,data/raw/MASK/3_0533_B0XX_2_Level3.jpg,data/raw/JSON/3_0533.json,3_0533_B0XX_2_Level3.jpg,3,3,Severe damage,1,1,656,488,863,567,208,80,0.011470269097222222,0.5953908393245672,0.7255668022577493,09 September 2019,"Marsh Harbor, Abaco, the bahamas",https://youtu.be/Ya5dP0xqLyw
3_0533_008,3,533,3_0533,B118,26.55053,-77.09782,data/raw/FRAME/3_0533.jpg,data/raw/MASK/3_0533_B0XX_3_Level2.jpg,data/raw/JSON/3_0533.json,3_0533_B0XX_3_Level2.jpg,2,2,Moderate damage,1,1,24,608,151,695,128,88,0.0060416666666666665,0.05976506375718391,0.900260167225415,09 September 2019,"Marsh Harbor, Abaco, the bahamas",https://youtu.be/Ya5dP0xqLyw
3_0533_009,3,533,3_0533,B124,26.55054,-77.0983,data/raw/FRAME/3_0533.jpg,data/raw/MASK/3_0533_B0XX_3_Level3.jpg,data/raw/JSON/3_0533.json,3_0533_B0XX_3_Level3.jpg,3,3,Severe damage,1,1,760,584,1119,719,360,136,0.038098958333333335,0.735269859663363,0.9188121424141161,09 September 2019,"Marsh Harbor, Abaco, the bahamas",https://youtu.be/Ya5dP0xqLyw
3_0536_000,3,536,3_0536,B128,26.54973,-77.09779,data/raw/FRAME/3_0536.jpg,data/raw/MASK/3_0536_B0XX_0_Level2.jpg,data/raw/JSON/3_0536.json,3_0536_B0XX_0_Level2.jpg,2,2,Moderate damage,1,1,200,416,375,503,176,88,0.010545789930555556,0.21602595431628768,0.638452315624607,09 September 2019,"Marsh Harbor, Abaco, the bahamas",https://youtu.be/Ya5dP0xqLyw
3_0536_001,3,536,3_0536,B129,26.54963,-77.0975,data/raw/FRAME/3_0536.jpg,data/raw/MASK/3_0536_B0XX_0_Level3.jpg,data/raw/JSON/3_0536.json,3_0536_B0XX_0_Level3.jpg,3,3,Severe damage,1,1,0,424,175,487,176,64,0.007906901041666666,0.06325884280225058,0.6331818077855542,09 September 2019,"Marsh Harbor, Abaco, the bahamas",https://youtu.be/Ya5dP0xqLyw
3_0536_002,3,536,3_0536,B123,26.55011,-77.09781,data/raw/FRAME/3_0536.jpg,data/raw/MASK/3_0536_B0XX_0_Level4.jpg,data/raw/JSON/3_0536.json,3_0536_B0XX_0_Level4.jpg,4,4,Destruction,1,1,168,496,295,575,128,80,0.008738064236111112,0.18242764730535205,0.7482844557583785,09 September 2019,"Marsh Harbor, Abaco, the bahamas",https://youtu.be/Ya5dP0xqLyw
3_0536_003,3,536,3_0536,B127,26.55032,-77.09852,data/raw/FRAME/3_0536.jpg,data/raw/MASK/3_0536_B0XX_1_Level2.jpg,data/raw/JSON/3_0536.json,3_0536_B0XX_1_Level2.jpg,2,2,Moderate damage,1,1,992,552,1247,647,256,96,0.019871961805555557,0.8804414058234137,0.8340289911785762,09 September 2019,"Marsh Harbor, Abaco, the bahamas",https://youtu.be/Ya5dP0xqLyw
3_0536_004,3,536,3_0536,B119,26.54987,-77.09806,data/raw/FRAME/3_0536.jpg,data/raw/MASK/3_0536_B0XX_1_Level3.jpg,data/raw/JSON/3_0536.json,3_0536_B0XX_1_Level3.jpg,3,3,Severe damage,1,1,384,448,607,527,224,80,0.012672526041666667,0.3907955786026201,0.676135347394659,09 September 2019,"Marsh Harbor, Abaco, the bahamas",https://youtu.be/Ya5dP0xqLyw
3_0536_005,3,536,3_0536,B120,26.55023,-77.09765,data/raw/FRAME/3_0536.jpg,data/raw/MASK/3_0536_B0XX_1_Level4.jpg,data/raw/JSON/3_0536.json,3_0536_B0XX_1_Level4.jpg,4,4,Destruction,1,1,0,496,135,631,136,136,0.015029296875,0.04567878673019998,0.7803178069774344,09 September 2019,"Marsh Harbor, Abaco, the bahamas",https://youtu.be/Ya5dP0xqLyw
3_0536_006,3,536,3_0536,B130,26.54987,-77.09848,data/raw/FRAME/3_0536.jpg,data/raw/MASK/3_0536_B0XX_2_Level3.jpg,data/raw/JSON/3_0536.json,3_0536_B0XX_2_Level3.jpg,3,3,Severe damage,1,1,856,456,1023,519,168,64,0.008211805555555556,0.7328119838464587,0.678178771728917,09 September 2019,"Marsh Harbor, Abaco, the bahamas",https://youtu.be/Ya5dP0xqLyw
3_0536_007,3,536,3_0536,B123,26.55011,-77.09781,data/raw/FRAME/3_0536.jpg,data/raw/MASK/3_0536_B0XX_3_Level3.jpg,data/raw/JSON/3_0536.json,3_0536_B0XX_3_Level3.jpg,3,3,Severe damage,1,1,248,472,383,559,136,88,0.008187934027777777,0.25305128544924466,0.7110726433430515,09 September 2019,"Marsh Harbor, Abaco, the bahamas",https://youtu.be/Ya5dP0xqLyw
3_0536_008,3,536,3_0536,B122,26.55012,-77.09826,data/raw/FRAME/3_0536.jpg,data/raw/MASK/3_0536_B0XX_5_Level3.jpg,data/raw/JSON/3_0536.json,3_0536_B0XX_5_Level3.jpg,3,3,Severe damage,1,1,648,504,871,583,224,80,0.013126085069444444,0.5961295930809292,0.752755044868792,09 September 2019,"Marsh Harbor, Abaco, the bahamas",https://youtu.be/Ya5dP0xqLyw
3_0536_009,3,536,3_0536,B124,26.55054,-77.0983,data/raw/FRAME/3_0536.jpg,data/raw/MASK/3_0536_B0XX_7_Level3.jpg,data/raw/JSON/3_0536.json,3_0536_B0XX_7_Level3.jpg,3,3,Severe damage,1,1,792,608,1151,719,360,112,0.030103081597222223,0.7617190316025664,0.9408784297941022,09 September 2019,"Marsh Harbor, Abaco, the bahamas",https://youtu.be/Ya5dP0xqLyw
3_0539_000,3,539,3_0539,B128,26.54973,-77.09779,data/raw/FRAME/3_0539.jpg,data/raw/MASK/3_0539_B0XX_0_Level1.jpg,data/raw/JSON/3_0539.json,3_0539_B0XX_0_Level1.jpg,1,1,Minor damage,1,1,168,424,359,511,192,88,0.01164822048611111,0.2001583605030275,0.6480066501060912,09 September 2019,"Marsh Harbor, Abaco, the bahamas",https://youtu.be/Ya5dP0xqLyw
3_0539_001,3,539,3_0539,B122,26.55012,-77.09826,data/raw/FRAME/3_0539.jpg,data/raw/MASK/3_0539_B0XX_0_Level2.jpg,data/raw/JSON/3_0539.json,3_0539_B0XX_0_Level2.jpg,2,2,Moderate damage,1,1,624,512,871,599,248,88,0.014701605902777777,0.5902872790427338,0.7730761187787536,09 September 2019,"Marsh Harbor, Abaco, the bahamas",https://youtu.be/Ya5dP0xqLyw
3_0539_002,3,539,3_0539,B119,26.54987,-77.09806,data/raw/FRAME/3_0539.jpg,data/raw/MASK/3_0539_B0XX_0_Level3.jpg,data/raw/JSON/3_0539.json,3_0539_B0XX_0_Level3.jpg,3,3,Severe damage,1,1,368,456,599,551,232,96,0.015945095486111113,0.37740340039128956,0.6956894824392272,09 September 2019,"Marsh Harbor, Abaco, the bahamas",https://youtu.be/Ya5dP0xqLyw
3_0539_003,3,539,3_0539,B123,26.55011,-77.09781,data/raw/FRAME/3_0539.jpg,data/raw/MASK/3_0539_B0XX_0_Level4.jpg,data/raw/JSON/3_0539.json,3_0539_B0XX_0_Level4.jpg,4,4,Destruction,1,1,128,512,271,591,144,80,0.010120442708333333,0.15723010145277153,0.7694207676637719,09 September 2019,"Marsh Harbor, Abaco, the bahamas",https://youtu.be/Ya5dP0xqLyw
3_0539_004,3,539,3_0539,B127,26.55032,-77.09852,data/raw/FRAME/3_0539.jpg,data/raw/MASK/3_0539_B0XX_1_Level1.jpg,data/raw/JSON/3_0539.json,3_0539_B0XX_1_Level1.jpg,1,1,Minor damage,1,1,1016,568,1279,679,264,112,0.024244791666666668,0.9018387556502864,0.86911481332299,09 September 2019,"Marsh Harbor, Abaco, the bahamas",https://youtu.be/Ya5dP0xqLyw
3_0539_005,3,539,3_0539,B130,26.54987,-77.09848,data/raw/FRAME/3_0539.jpg,data/raw/MASK/3_0539_B0XX_1_Level3.jpg,data/raw/JSON/3_0539.json,3_0539_B0XX_1_Level3.jpg,3,3,Severe damage,1,1,856,464,1031,535,176,72,0.008842230902777777,0.7357950362007608,0.69366537816501,09 September 2019,"Marsh Harbor, Abaco, the bahamas",https://youtu.be/Ya5dP0xqLyw
3_0539_006,3,539,3_0539,B123,26.55011,-77.09781,data/raw/FRAME/3_0539.jpg,data/raw/MASK/3_0539_B0XX_2_Level3.jpg,data/raw/JSON/3_0539.json,3_0539_B0XX_2_Level3.jpg,3,3,Severe damage,1,1,216,480,367,575,152,96,0.009420572916666667,0.23314715431352223,0.7269473559599683,09 September 2019,"Marsh Harbor, Abaco, the bahamas",https://youtu.be/Ya5dP0xqLyw
3_0542_000,3,542,3_0542,B128,26.54973,-77.09779,data/raw/FRAME/3_0542.jpg,data/raw/MASK/3_0542_B0XX_0_Level0.jpg,data/raw/JSON/3_0542.json,3_0542_B0XX_0_Level0.jpg,0,0,No or very minor damage,1,1,272,456,343,503,72,48,0.0029741753472222222,0.24074784522072235,0.6637034334589972,09 September 2019,"Marsh Harbor, Abaco, the bahamas",https://youtu.be/Ya5dP0xqLyw
3_0542_001,3,542,3_0542,B128,26.54973,-77.09779,data/raw/FRAME/3_0542.jpg,data/raw/MASK/3_0542_B0XX_0_Level2.jpg,data/raw/JSON/3_0542.json,3_0542_B0XX_0_Level2.jpg,2,2,Moderate damage,1,1,136,432,279,519,144,88,0.00984375,0.1611005187665344,0.6624949478248089,09 September 2019,"Marsh Harbor, Abaco, the bahamas",https://youtu.be/Ya5dP0xqLyw
3_0542_002,3,542,3_0542,B129,26.54963,-77.0975,data/raw/FRAME/3_0542.jpg,data/raw/MASK/3_0542_B0XX_0_Level3.jpg,data/raw/JSON/3_0542.json,3_0542_B0XX_0_Level3.jpg,3,3,Severe damage,1,1,0,440,119,511,120,72,0.006476779513888889,0.04106267800301558,0.6554506152156512,09 September 2019,"Marsh Harbor, Abaco, the bahamas",https://youtu.be/Ya5dP0xqLyw
3_0542_003,3,542,3_0542,B119,26.54987,-77.09806,data/raw/FRAME/3_0542.jpg,data/raw/MASK/3_0542_B0XX_1_Level2.jpg,data/raw/JSON/3_0542.json,3_0542_B0XX_1_Level2.jpg,2,2,Moderate damage,1,1,352,464,583,559,232,96,0.015608723958333333,0.3665778697427876,0.710743637276484,09 September 2019,"Marsh Harbor, Abaco, the bahamas",https://youtu.be/Ya5dP0xqLyw
3_0542_004,3,542,3_0542,B130,26.54987,-77.09848,data/raw/FRAME/3_0542.jpg,data/raw/MASK/3_0542_B0XX_1_Level3.jpg,data/raw/JSON/3_0542.json,3_0542_B0XX_1_Level3.jpg,3,3,Severe damage,1,1,856,472,1039,543,184,72,0.009369574652777778,0.7408905435726694,0.7107527504342791,09 September 2019,"Marsh Harbor, Abaco, the bahamas",https://youtu.be/Ya5dP0xqLyw
3_0542_005,3,542,3_0542,B123,26.55011,-77.09781,data/raw/FRAME/3_0542.jpg,data/raw/MASK/3_0542_B0XX_2_Level3.jpg,data/raw/JSON/3_0542.json,3_0542_B0XX_2_Level3.jpg,3,3,Severe damage,1,1,192,488,343,599,152,112,0.010713975694444445,0.215051761570792,0.7492450712308419,09 September 2019,"Marsh Harbor, Abaco, the bahamas",https://youtu.be/Ya5dP0xqLyw
3_0542_006,3,542,3_0542,B123,26.55011,-77.09781,data/raw/FRAME/3_0542.jpg,data/raw/MASK/3_0542_B0XX_2_Level4.jpg,data/raw/JSON/3_0542.json,3_0542_B0XX_2_Level4.jpg,4,4,Destruction,1,1,88,528,247,615,160,88,0.011707899305555556,0.1326769578313253,0.7946888837400885,09 September 2019,"Marsh Harbor, Abaco, the bahamas",https://youtu.be/Ya5dP0xqLyw
3_0542_007,3,542,3_0542,B122,26.55012,-77.09826,data/raw/FRAME/3_0542.jpg,data/raw/MASK/3_0542_B0XX_3_Level3.jpg,data/raw/JSON/3_0542.json,3_0542_B0XX_3_Level3.jpg,3,3,Severe damage,1,1,648,528,879,631,232,104,0.01572808159722222,0.5994560085374266,0.7981169752021771,09 September 2019,"Marsh Harbor, Abaco, the bahamas",https://youtu.be/Ya5dP0xqLyw
3_0545_000,3,545,3_0545,B128,26.54973,-77.09779,data/raw/FRAME/3_0545.jpg,data/raw/MASK/3_0545_B0XX_0_Level2.jpg,data/raw/JSON/3_0545.json,3_0545_B0XX_0_Level2.jpg,2,2,Moderate damage,1,1,112,448,319,535,208,88,0.013728298611111111,0.16196031259879862,0.6828308875188814,09 September 2019,"Marsh Harbor, Abaco, the bahamas",https://youtu.be/Ya5dP0xqLyw
3_0545_001,3,545,3_0545,B119,26.54987,-77.09806,data/raw/FRAME/3_0545.jpg,data/raw/MASK/3_0545_B0XX_0_Level3.jpg,data/raw/JSON/3_0545.json,3_0545_B0XX_0_Level3.jpg,3,3,Severe damage,1,1,328,472,583,575,256,104,0.01845486111111111,0.35784846653045627,0.7318936513536114,09 September 2019,"Marsh Harbor, Abaco, the bahamas",https://youtu.be/Ya5dP0xqLyw
3_0545_002,3,545,3_0545,B131,26.5493,-77.09861,data/raw/FRAME/3_0545.jpg,data/raw/MASK/3_0545_B0XX_0_Level4.jpg,data/raw/JSON/3_0545.json,3_0545_B0XX_0_Level4.jpg,4,4,Destruction,1,1,800,392,983,455,184,64,0.008993055555555556,0.7007841721464768,0.5915656169562419,09 September 2019,"Marsh Harbor, Abaco, the bahamas",https://youtu.be/Ya5dP0xqLyw
3_0545_003,3,545,3_0545,B132,26.54911,-77.09776,data/raw/FRAME/3_0545.jpg,data/raw/MASK/3_0545_B0XX_0_Level5.jpg,data/raw/JSON/3_0545.json,3_0545_B0XX_0_Level5.jpg,5,5,Destroyed or under construction,1,1,248,384,399,439,152,56,0.005291883680555555,0.2575078173057207,0.5729700635636662,09 September 2019,"Marsh Harbor, Abaco, the bahamas",https://youtu.be/Ya5dP0xqLyw
3_0545_004,3,545,3_0545,B127,26.55032,-77.09852,data/raw/FRAME/3_0545.jpg,data/raw/MASK/3_0545_B0XX_1_Level2.jpg,data/raw/JSON/3_0545.json,3_0545_B0XX_1_Level2.jpg,2,2,Moderate damage,1,1,1064,616,1279,719,216,104,0.016026475694444445,0.9109262334969532,0.923833502595351,09 September 2019,"Marsh Harbor, Abaco, the bahamas",https://youtu.be/Ya5dP0xqLyw
3_0545_005,3,545,3_0545,B130,26.54987,-77.09848,data/raw/FRAME/3_0545.jpg,data/raw/MASK/3_0545_B0XX_1_Level3.jpg,data/raw/JSON/3_0545.json,3_0545_B0XX_1_Level3.jpg,3,3,Severe damage,1,1,872,480,1055,559,184,80,0.010894097222222222,0.7496704587898406,0.7248485225763611,09 September 2019,"Marsh Harbor, Abaco, the bahamas",https://youtu.be/Ya5dP0xqLyw
3_0545_006,3,545,3_0545,B123,26.55011,-77.09781,data/raw/FRAME/3_0545.jpg,data/raw/MASK/3_0545_B0XX_1_Level4.jpg,data/raw/JSON/3_0545.json,3_0545_B0XX_1_Level4.jpg,4,4,Destruction,1,1,48,544,207,639,160,96,0.01342013888888889,0.09942631690653299,0.8293065886876527,09 September 2019,"Marsh Harbor, Abaco, the bahamas",https://youtu.be/Ya5dP0xqLyw
3_0545_007,3,545,3_0545,B123,26.55011,-77.09781,data/raw/FRAME/3_0545.jpg,data/raw/MASK/3_0545_B0XX_2_Level3.jpg,data/raw/JSON/3_0545.json,3_0545_B0XX_2_Level3.jpg,3,3,Severe damage,1,1,152,504,319,615,168,112,0.012160373263888889,0.1863457967118765,0.7769590930271755,09 September 2019,"Marsh Harbor, Abaco, the bahamas",https://youtu.be/Ya5dP0xqLyw
3_0545_008,3,545,3_0545,B122,26.55012,-77.09826,data/raw/FRAME/3_0545.jpg,data/raw/MASK/3_0545_B0XX_3_Level3.jpg,data/raw/JSON/3_0545.json,3_0545_B0XX_3_Level3.jpg,3,3,Severe damage,1,1,632,552,895,663,264,112,0.018403862847222223,0.6027432418489476,0.8351355069473105,09 September 2019,"Marsh Harbor, Abaco, the bahamas",https://youtu.be/Ya5dP0xqLyw
3_0568_000,3,568,3_0568,B133,26.54921,-77.09826,data/raw/FRAME/3_0568.jpg,data/raw/MASK/3_0568_B0XX_0_Level1.jpg,data/raw/JSON/3_0568.json,3_0568_B0XX_0_Level1.jpg,1,1,Minor damage,1,1,648,456,871,535,224,80,0.015034722222222222,0.6008188578052829,0.687043819765204,09 September 2019,"Marsh Harbor, Abaco, the bahamas",https://youtu.be/Ya5dP0xqLyw
3_0568_001,3,568,3_0568,B134,26.54901,-77.09809,data/raw/FRAME/3_0568.jpg,data/raw/MASK/3_0568_B0XX_0_Level3.jpg,data/raw/JSON/3_0568.json,3_0568_B0XX_0_Level3.jpg,3,3,Severe damage,1,1,520,432,647,487,128,56,0.006015625,0.45318009898088024,0.6397511824595158,09 September 2019,"Marsh Harbor, Abaco, the bahamas",https://youtu.be/Ya5dP0xqLyw
3_0568_002,3,568,3_0568,B135,26.54893,-77.09736,data/raw/FRAME/3_0568.jpg,data/raw/MASK/3_0568_B0XX_0_Level4.jpg,data/raw/JSON/3_0568.json,3_0568_B0XX_0_Level4.jpg,4,4,Destruction,1,1,0,440,55,487,56,48,0.0019574652777777776,0.0175807233924612,0.6418337336782459,09 September 2019,"Marsh Harbor, Abaco, the bahamas",https://youtu.be/Ya5dP0xqLyw
3_0568_003,3,568,3_0568,B136,26.54892,-77.09778,data/raw/FRAME/3_0568.jpg,data/raw/MASK/3_0568_B0XX_0_Level5.jpg,data/raw/JSON/3_0568.json,3_0568_B0XX_0_Level5.jpg,5,5,Destroyed or under construction,1,1,192,432,391,511,200,80,0.011008029513888889,0.23365527969443076,0.6559755763649308,09 September 2019,"Marsh Harbor, Abaco, the bahamas",https://youtu.be/Ya5dP0xqLyw
3_0568_004,3,568,3_0568,B128,26.54973,-77.09779,data/raw/FRAME/3_0568.jpg,data/raw/MASK/3_0568_B0XX_1_Level1.jpg,data/raw/JSON/3_0568.json,3_0568_B0XX_1_Level1.jpg,1,1,Minor damage,1,1,0,592,199,719,200,128,0.018310546875,0.06788574074074075,0.9012966255144033,09 September 2019,"Marsh Harbor, Abaco, the bahamas",https://youtu.be/Ya5dP0xqLyw
3_0568_005,3,568,3_0568,B131,26.5493,-77.09861,data/raw/FRAME/3_0568.jpg,data/raw/MASK/3_0568_B0XX_2_Level4.jpg,data/raw/JSON/3_0568.json,3_0568_B0XX_2_Level4.jpg,4,4,Destruction,1,1,952,466,1223,567,272,102,0.019350043402777777,0.8512352888605393,0.7138677046922997,09 September 2019,"Marsh Harbor, Abaco, the bahamas",https://youtu.be/Ya5dP0xqLyw
3_0571_000,3,571,3_0571,B134,26.54901,-77.09809,data/raw/FRAME/3_0571.jpg,data/raw/MASK/3_0571_B0XX_0_Level4.jpg,data/raw/JSON/3_0571.json,3_0571_B0XX_0_Level4.jpg,4,4,Destruction,1,1,520,448,655,503,136,56,0.0064724392361111115,0.46054733340318527,0.6597704200428425,09 September 2019,"Marsh Harbor, Abaco, the bahamas",https://youtu.be/Ya5dP0xqLyw
3_0571_001,3,571,3_0571,B132,26.54911,-77.09776,data/raw/FRAME/3_0571.jpg,data/raw/MASK/3_0571_B0XX_0_Level5.jpg,data/raw/JSON/3_0571.json,3_0571_B0XX_0_Level5.jpg,5,5,Destroyed or under construction,1,1,184,456,391,519,208,64,0.010576171875,0.2232156368626244,0.6774065809422842,09 September 2019,"Marsh Harbor, Abaco, the bahamas",https://youtu.be/Ya5dP0xqLyw
3_0571_002,3,571,3_0571,B131,26.5493,-77.09861,data/raw/FRAME/3_0571.jpg,data/raw/MASK/3_0571_B0XX_1_Level4.jpg,data/raw/JSON/3_0571.json,3_0571_B0XX_1_Level4.jpg,4,4,Destruction,1,1,984,488,1263,591,280,104,0.020224609375,0.8827756149739793,0.7391311378173602,09 September 2019,"Marsh Harbor, Abaco, the bahamas",https://youtu.be/Ya5dP0xqLyw
3_0577_000,3,577,3_0577,B132,26.54911,-77.09776,data/raw/FRAME/3_0577.jpg,data/raw/MASK/3_0577_B0XX_0_Level3.jpg,data/raw/JSON/3_0577.json,3_0577_B0XX_0_Level3.jpg,3,3,Severe damage,1,1,248,464,359,503,112,40,0.003747829861111111,0.24026694593225245,0.6706833462008621,09 September 2019,"Marsh Harbor, Abaco, the bahamas",https://youtu.be/Ya5dP0xqLyw
3_0577_001,3,577,3_0577,B134,26.54901,-77.09809,data/raw/FRAME/3_0577.jpg,data/raw/MASK/3_0577_B0XX_0_Level4.jpg,data/raw/JSON/3_0577.json,3_0577_B0XX_0_Level4.jpg,4,4,Destruction,1,1,512,464,655,527,144,64,0.007641059027777778,0.4518875585771088,0.6936642052447222,09 September 2019,"Marsh Harbor, Abaco, the bahamas",https://youtu.be/Ya5dP0xqLyw
3_0577_002,3,577,3_0577,B132,26.54911,-77.09776,data/raw/FRAME/3_0577.jpg,data/raw/MASK/3_0577_B0XX_0_Level5.jpg,data/raw/JSON/3_0577.json,3_0577_B0XX_0_Level5.jpg,5,5,Destroyed or under construction,1,1,128,488,351,551,224,64,0.011735026041666667,0.1846661176606565,0.7233429650177222,09 September 2019,"Marsh Harbor, Abaco, the bahamas",https://youtu.be/Ya5dP0xqLyw
3_0577_003,3,577,3_0577,B131,26.5493,-77.09861,data/raw/FRAME/3_0577.jpg,data/raw/MASK/3_0577_B0XX_2_Level4.jpg,data/raw/JSON/3_0577.json,3_0577_B0XX_2_Level4.jpg,4,4,Destruction,1,1,1016,520,1279,623,264,104,0.021220703125,0.904361210180498,0.7913643452472261,09 September 2019,"Marsh Harbor, Abaco, the bahamas",https://youtu.be/Ya5dP0xqLyw
3_0597_000,3,597,3_0597,B136,26.54892,-77.09778,data/raw/FRAME/3_0597.jpg,data/raw/MASK/3_0597_B0XX_0_Level4.jpg,data/raw/JSON/3_0597.json,3_0597_B0XX_0_Level4.jpg,4,4,Destruction,1,1,424,552,599,631,176,80,0.01173828125,0.4016162298946201,0.8220861321665537,09 September 2019,"Marsh Harbor, Abaco, the bahamas",https://youtu.be/Ya5dP0xqLyw
3_0597_001,3,597,3_0597,B132,26.54911,-77.09776,data/raw/FRAME/3_0597.jpg,data/raw/MASK/3_0597_B0XX_0_Level5.jpg,data/raw/JSON/3_0597.json,3_0597_B0XX_0_Level5.jpg,5,5,Destroyed or under construction,1,1,224,608,575,719,352,112,0.03335394965277778,0.31198741826344384,0.9266336919078549,09 September 2019,"Marsh Harbor, Abaco, the bahamas",https://youtu.be/Ya5dP0xqLyw
3_0597_002,3,597,3_0597,B134,26.54901,-77.09809,data/raw/FRAME/3_0597.jpg,data/raw/MASK/3_0597_B0XX_1_Level4.jpg,data/raw/JSON/3_0597.json,3_0597_B0XX_1_Level4.jpg,4,4,Destruction,1,1,832,600,1071,719,240,120,0.022466362847222223,0.7387154748249215,0.9215560519466581,09 September 2019,"Marsh Harbor, Abaco, the bahamas",https://youtu.be/Ya5dP0xqLyw
3_0600_000,3,600,3_0600,B137,26.54741,-77.09659,data/raw/FRAME/3_0600.jpg,data/raw/MASK/3_0600_B0XX_0_Level0.jpg,data/raw/JSON/3_0600.json,3_0600_B0XX_0_Level0.jpg,0,0,No or very minor damage,1,1,200,336,311,383,112,48,0.004271918402777778,0.19972893383286766,0.49981973019501597,09 September 2019,"Marsh Harbor, Abaco, the bahamas",https://youtu.be/Ya5dP0xqLyw
3_0600_001,3,600,3_0600,B138,26.54697,-77.09702,data/raw/FRAME/3_0600.jpg,data/raw/MASK/3_0600_B0XX_0_Level2.jpg,data/raw/JSON/3_0600.json,3_0600_B0XX_0_Level2.jpg,2,2,Moderate damage,1,1,464,320,631,359,168,40,0.005653211805555555,0.42709947816698657,0.4728934740882918,09 September 2019,"Marsh Harbor, Abaco, the bahamas",https://youtu.be/Ya5dP0xqLyw
3_0600_002,3,600,3_0600,B139,26.54757,-77.09632,data/raw/FRAME/3_0600.jpg,data/raw/MASK/3_0600_B0XX_0_Level4.jpg,data/raw/JSON/3_0600.json,3_0600_B0XX_0_Level4.jpg,4,4,Destruction,1,1,88,344,151,383,64,40,0.001845703125,0.09347580467372134,0.5066268208243517,09 September 2019,"Marsh Harbor, Abaco, the bahamas",https://youtu.be/Ya5dP0xqLyw
3_0600_003,3,600,3_0600,B140,26.54905,-77.09773,data/raw/FRAME/3_0600.jpg,data/raw/MASK/3_0600_B0XX_0_Level5.jpg,data/raw/JSON/3_0600.json,3_0600_B0XX_0_Level5.jpg,5,5,Destroyed or under construction,1,1,184,656,599,719,416,64,0.017042100694444444,0.3155748101840061,0.9674904848819277,09 September 2019,"Marsh Harbor, Abaco, the bahamas",https://youtu.be/Ya5dP0xqLyw
3_0600_004,3,600,3_0600,B136,26.54892,-77.09778,data/raw/FRAME/3_0600.jpg,data/raw/MASK/3_0600_B0XX_2_Level4.jpg,data/raw/JSON/3_0600.json,3_0600_B0XX_2_Level4.jpg,4,4,Destruction,1,1,432,592,622,687,191,96,0.014725477430555555,0.41300970359590305,0.8906884778817576,09 September 2019,"Marsh Harbor, Abaco, the bahamas",https://youtu.be/Ya5dP0xqLyw
3_0600_005,3,600,3_0600,B134,26.54901,-77.09809,data/raw/FRAME/3_0600.jpg,data/raw/MASK/3_0600_B0XX_3_Level4.jpg,data/raw/JSON/3_0600.json,3_0600_B0XX_3_Level4.jpg,4,4,Destruction,1,1,880,664,1159,719,280,56,0.010677083333333334,0.7778441787347561,0.9709979110207769,09 September 2019,"Marsh Harbor, Abaco, the bahamas",https://youtu.be/Ya5dP0xqLyw
3_0603_000,3,603,3_0603,B136,26.54892,-77.09778,data/raw/FRAME/3_0603.jpg,data/raw/MASK/3_0603_B0XX_0_Level4.jpg,data/raw/JSON/3_0603.json,3_0603_B0XX_0_Level4.jpg,4,4,Destruction,1,1,352,648,615,719,264,72,0.014979383680555555,0.38482931908728724,0.9596655801038272,09 September 2019,"Marsh Harbor, Abaco, the bahamas",https://youtu.be/Ya5dP0xqLyw
3_0609_000,3,609,3_0609,B137,26.54741,-77.09659,data/raw/FRAME/3_0609.jpg,data/raw/MASK/3_0609_B0XX_0_Level0.jpg,data/raw/JSON/3_0609.json,3_0609_B0XX_0_Level0.jpg,0,0,No or very minor damage,1,1,224,352,351,407,128,56,0.005796440972222222,0.22243790364095845,0.5298811306626732,09 September 2019,"Marsh Harbor, Abaco, the bahamas",https://youtu.be/Ya5dP0xqLyw
3_0609_001,3,609,3_0609,B138,26.54697,-77.09702,data/raw/FRAME/3_0609.jpg,data/raw/MASK/3_0609_B0XX_0_Level1.jpg,data/raw/JSON/3_0609.json,3_0609_B0XX_0_Level1.jpg,1,1,Minor damage,1,1,520,336,711,383,192,48,0.0073860677083333335,0.4790710619582782,0.5008224784943605,09 September 2019,"Marsh Harbor, Abaco, the bahamas",https://youtu.be/Ya5dP0xqLyw
3_0609_002,3,609,3_0609,B141,26.54791,-77.09724,data/raw/FRAME/3_0609.jpg,data/raw/MASK/3_0609_B0XX_0_Level3.jpg,data/raw/JSON/3_0609.json,3_0609_B0XX_0_Level3.jpg,3,3,Severe damage,1,1,432,440,487,487,56,48,0.00228515625,0.35979715693257364,0.6396743431465653,09 September 2019,"Marsh Harbor, Abaco, the bahamas",https://youtu.be/Ya5dP0xqLyw
3_0609_003,3,609,3_0609,B139,26.54757,-77.09632,data/raw/FRAME/3_0609.jpg,data/raw/MASK/3_0609_B0XX_0_Level4.jpg,data/raw/JSON/3_0609.json,3_0609_B0XX_0_Level4.jpg,4,4,Destruction,1,1,104,368,159,407,56,40,0.0020540364583333335,0.10337386093502376,0.5386020132652463,09 September 2019,"Marsh Harbor, Abaco, the bahamas",https://youtu.be/Ya5dP0xqLyw
3_0609_004,3,609,3_0609,B142,26.54724,-77.0967,data/raw/FRAME/3_0609.jpg,data/raw/MASK/3_0609_B0XX_1_Level1.jpg,data/raw/JSON/3_0609.json,3_0609_B0XX_1_Level1.jpg,1,1,Minor damage,1,1,352,352,447,399,96,48,0.0031629774305555556,0.3137272191252144,0.5216528492471888,09 September 2019,"Marsh Harbor, Abaco, the bahamas",https://youtu.be/Ya5dP0xqLyw
3_0629_000,3,629,3_0629,B137,26.54741,-77.09659,data/raw/FRAME/3_0629.jpg,data/raw/MASK/3_0629_B0XX_0_Level1.jpg,data/raw/JSON/3_0629.json,3_0629_B0XX_0_Level1.jpg,1,1,Minor damage,1,0,208,392,383,463,176,72,0.010746527777777778,0.22985291611974962,0.5964855669987434,09 September 2019,"Marsh Harbor, Abaco, the bahamas",https://youtu.be/Ya5dP0xqLyw
3_0629_001,3,629,3_0629,B138,26.54697,-77.09702,data/raw/FRAME/3_0629.jpg,data/raw/MASK/3_0629_B0XX_0_Level2.jpg,data/raw/JSON/3_0629.json,3_0629_B0XX_0_Level2.jpg,2,2,Moderate damage,1,0,632,368,903,439,272,72,0.013832465277777779,0.6013210405553813,0.5556004427709793,09 September 2019,"Marsh Harbor, Abaco, the bahamas",https://youtu.be/Ya5dP0xqLyw
3_0629_002,3,629,3_0629,B142,26.54724,-77.0967,data/raw/FRAME/3_0629.jpg,data/raw/MASK/3_0629_B0XX_0_Level3.jpg,data/raw/JSON/3_0629.json,3_0629_B0XX_0_Level3.jpg,3,3,Severe damage,1,0,392,392,535,447,144,56,0.006027560763888889,0.36269703532853287,0.5850347534753475,09 September 2019,"Marsh Harbor, Abaco, the bahamas",https://youtu.be/Ya5dP0xqLyw
3_0629_003,3,629,3_0629,B141,26.54791,-77.09724,data/raw/FRAME/3_0629.jpg,data/raw/MASK/3_0629_B0XX_0_Level4.jpg,data/raw/JSON/3_0629.json,3_0629_B0XX_0_Level4.jpg,4,4,Destruction,1,0,416,576,527,671,112,96,0.00877170138888889,0.36690337394854033,0.865779626422563,09 September 2019,"Marsh Harbor, Abaco, the bahamas",https://youtu.be/Ya5dP0xqLyw
3_0632_000,3,632,3_0632,B137,26.54741,-77.09659,data/raw/FRAME/3_0632.jpg,data/raw/MASK/3_0632_B0XX_0_Level1.jpg,data/raw/JSON/3_0632.json,3_0632_B0XX_0_Level1.jpg,1,1,Minor damage,1,0,176,400,375,479,200,80,0.012450086805555555,0.21582865336848528,0.6079359372881684,09 September 2019,"Marsh Harbor, Abaco, the bahamas",https://youtu.be/Ya5dP0xqLyw
3_0632_001,3,632,3_0632,B138,26.54697,-77.09702,data/raw/FRAME/3_0632.jpg,data/raw/MASK/3_0632_B0XX_0_Level2.jpg,data/raw/JSON/3_0632.json,3_0632_B0XX_0_Level2.jpg,2,2,Moderate damage,1,0,640,368,919,439,280,72,0.01574652777777778,0.6090451006063947,0.5613894248438075,09 September 2019,"Marsh Harbor, Abaco, the bahamas",https://youtu.be/Ya5dP0xqLyw
3_0632_002,3,632,3_0632,B143,26.54735,-77.09634,data/raw/FRAME/3_0632.jpg,data/raw/MASK/3_0632_B0XX_0_Level3.jpg,data/raw/JSON/3_0632.json,3_0632_B0XX_0_Level3.jpg,3,3,Severe damage,2,0,24,344,423,463,400,120,0.02859375,0.1621113020358986,0.5445978167375025,09 September 2019,"Marsh Harbor, Abaco, the bahamas",https://youtu.be/Ya5dP0xqLyw
3_0632_003,3,632,3_0632,B144,26.54705,-77.09671,data/raw/FRAME/3_0632.jpg,data/raw/MASK/3_0632_B0XX_0_Level4.jpg,data/raw/JSON/3_0632.json,3_0632_B0XX_0_Level4.jpg,4,4,Destruction,2,0,472,384,607,439,136,56,0.005379774305555555,0.4263773509983865,0.5658024629106719,09 September 2019,"Marsh Harbor, Abaco, the bahamas",https://youtu.be/Ya5dP0xqLyw
3_0632_004,3,632,3_0632,B141,26.54791,-77.09724,data/raw/FRAME/3_0632.jpg,data/raw/MASK/3_0632_B0XX_0_Level5.jpg,data/raw/JSON/3_0632.json,3_0632_B0XX_0_Level5.jpg,5,5,Destroyed or under construction,1,0,384,616,503,719,120,104,0.01103515625,0.346671122173058,0.925128373210969,09 September 2019,"Marsh Harbor, Abaco, the bahamas",https://youtu.be/Ya5dP0xqLyw
3_0632_005,3,632,3_0632,B142,26.54724,-77.0967,data/raw/FRAME/3_0632.jpg,data/raw/MASK/3_0632_B0XX_1_Level3.jpg,data/raw/JSON/3_0632.json,3_0632_B0XX_1_Level3.jpg,3,3,Severe damage,1,0,384,392,527,455,144,64,0.007062717013888889,0.3535702968966047,0.5924113620457145,09 September 2019,"Marsh Harbor, Abaco, the bahamas",https://youtu.be/Ya5dP0xqLyw
3_0632_006,3,632,3_0632,B139,26.54757,-77.09632,data/raw/FRAME/3_0632.jpg,data/raw/MASK/3_0632_B0XX_1_Level4.jpg,data/raw/JSON/3_0632.json,3_0632_B0XX_1_Level4.jpg,4,4,Destruction,1,0,0,424,87,471,88,48,0.004079861111111111,0.03157164228723404,0.621525561465721,09 September 2019,"Marsh Harbor, Abaco, the bahamas",https://youtu.be/Ya5dP0xqLyw
3_0635_000,3,635,3_0635,B141,26.54791,-77.09724,data/raw/FRAME/3_0635.jpg,data/raw/MASK/3_0635_B0XX_0_Level5.jpg,data/raw/JSON/3_0635.json,3_0635_B0XX_0_Level5.jpg,5,5,Destroyed or under construction,1,0,328,664,479,719,152,56,0.007514105902777778,0.3192813628158845,0.9644903730445247,09 September 2019,"Marsh Harbor, Abaco, the bahamas",https://youtu.be/Ya5dP0xqLyw
3_0638_000,3,638,3_0638,B137,26.54741,-77.09659,data/raw/FRAME/3_0638.jpg,data/raw/MASK/3_0638_B0XX_0_Level1.jpg,data/raw/JSON/3_0638.json,3_0638_B0XX_0_Level1.jpg,1,1,Minor damage,1,0,104,408,327,503,224,96,0.016182725694444445,0.16742249312726298,0.6390085564644704,09 September 2019,"Marsh Harbor, Abaco, the bahamas",https://youtu.be/Ya5dP0xqLyw
3_0638_001,3,638,3_0638,B143,26.54735,-77.09634,data/raw/FRAME/3_0638.jpg,data/raw/MASK/3_0638_B0XX_0_Level2.jpg,data/raw/JSON/3_0638.json,3_0638_B0XX_0_Level2.jpg,2,2,Moderate damage,2,0,0,376,175,487,176,112,0.012822265625,0.055409579419480416,0.5971231418013596,09 September 2019,"Marsh Harbor, Abaco, the bahamas",https://youtu.be/Ya5dP0xqLyw
3_0638_002,3,638,3_0638,B145,26.54706,-77.09621,data/raw/FRAME/3_0638.jpg,data/raw/MASK/3_0638_B0XX_0_Level3.jpg,data/raw/JSON/3_0638.json,3_0638_B0XX_0_Level3.jpg,3,3,Severe damage,2,0,32,352,407,423,376,72,0.015499131944444444,0.16993434524642956,0.5331968169513674,09 September 2019,"Marsh Harbor, Abaco, the bahamas",https://youtu.be/Ya5dP0xqLyw
3_0638_003,3,638,3_0638,B144,26.54705,-77.09671,data/raw/FRAME/3_0638.jpg,data/raw/MASK/3_0638_B0XX_0_Level4.jpg,data/raw/JSON/3_0638.json,3_0638_B0XX_0_Level4.jpg,4,4,Destruction,2,0,440,392,599,447,160,56,0.006450737847222222,0.41029068544995795,0.5849271096159238,09 September 2019,"Marsh Harbor, Abaco, the bahamas",https://youtu.be/Ya5dP0xqLyw
3_0638_004,3,638,3_0638,B138,26.54697,-77.09702,data/raw/FRAME/3_0638.jpg,data/raw/MASK/3_0638_B0XX_1_Level2.jpg,data/raw/JSON/3_0638.json,3_0638_B0XX_1_Level2.jpg,2,2,Moderate damage,1,0,640,376,951,463,312,88,0.018416883680555555,0.6246395009721322,0.5830564229462479,09 September 2019,"Marsh Harbor, Abaco, the bahamas",https://youtu.be/Ya5dP0xqLyw
3_0638_005,3,638,3_0638,B142,26.54724,-77.0967,data/raw/FRAME/3_0638.jpg,data/raw/MASK/3_0638_B0XX_1_Level3.jpg,data/raw/JSON/3_0638.json,3_0638_B0XX_1_Level3.jpg,3,3,Severe damage,1,0,344,416,503,479,160,64,0.007676866319444444,0.33029759275618376,0.6226829603455045,09 September 2019,"Marsh Harbor, Abaco, the bahamas",https://youtu.be/Ya5dP0xqLyw
3_0641_000,3,641,3_0641,B138,26.54697,-77.09702,data/raw/FRAME/3_0641.jpg,data/raw/MASK/3_0641_B0XX_0_Level2.jpg,data/raw/JSON/3_0641.json,3_0641_B0XX_0_Level2.jpg,2,2,Moderate damage,1,0,648,384,975,479,328,96,0.021934678819444445,0.6376485205911452,0.598577376535576,09 September 2019,"Marsh Harbor, Abaco, the bahamas",https://youtu.be/Ya5dP0xqLyw
3_0641_001,3,641,3_0641,B145,26.54706,-77.09621,data/raw/FRAME/3_0641.jpg,data/raw/MASK/3_0641_B0XX_0_Level3.jpg,data/raw/JSON/3_0641.json,3_0641_B0XX_0_Level3.jpg,3,3,Severe damage,2,0,0,384,175,495,176,112,0.012848307291666666,0.052250852440672235,0.6092111683510214,09 September 2019,"Marsh Harbor, Abaco, the bahamas",https://youtu.be/Ya5dP0xqLyw
3_0641_002,3,641,3_0641,B144,26.54705,-77.09671,data/raw/FRAME/3_0641.jpg,data/raw/MASK/3_0641_B0XX_0_Level4.jpg,data/raw/JSON/3_0641.json,3_0641_B0XX_0_Level4.jpg,4,4,Destruction,2,0,448,400,607,471,160,72,0.0075184461805555556,0.4197874197214605,0.6002952566507913,09 September 2019,"Marsh Harbor, Abaco, the bahamas",https://youtu.be/Ya5dP0xqLyw
3_0641_003,3,641,3_0641,B137,26.54741,-77.09659,data/raw/FRAME/3_0641.jpg,data/raw/MASK/3_0641_B0XX_1_Level2.jpg,data/raw/JSON/3_0641.json,3_0641_B0XX_1_Level2.jpg,2,2,Moderate damage,1,0,96,424,327,519,232,96,0.01787868923611111,0.16286784229532075,0.6549483960807321,09 September 2019,"Marsh Harbor, Abaco, the bahamas",https://youtu.be/Ya5dP0xqLyw
3_0641_004,3,641,3_0641,B142,26.54724,-77.0967,data/raw/FRAME/3_0641.jpg,data/raw/MASK/3_0641_B0XX_1_Level3.jpg,data/raw/JSON/3_0641.json,3_0641_B0XX_1_Level3.jpg,3,3,Severe damage,1,0,344,424,519,487,176,64,0.00872829861111111,0.33594701796369963,0.6348197759544726,09 September 2019,"Marsh Harbor, Abaco, the bahamas",https://youtu.be/Ya5dP0xqLyw
3_0661_000,3,661,3_0661,B137,26.54741,-77.09659,data/raw/FRAME/3_0661.jpg,data/raw/MASK/3_0661_B0XX_0_Level1.jpg,data/raw/JSON/3_0661.json,3_0661_B0XX_0_Level1.jpg,1,1,Minor damage,1,0,16,456,319,575,304,120,0.030354817708333332,0.1293148737712243,0.7160455267600039,09 September 2019,"Marsh Harbor, Abaco, the bahamas",https://youtu.be/Ya5dP0xqLyw
3_0661_001,3,661,3_0661,B138,26.54697,-77.09702,data/raw/FRAME/3_0661.jpg,data/raw/MASK/3_0661_B0XX_0_Level2.jpg,data/raw/JSON/3_0661.json,3_0661_B0XX_0_Level2.jpg,2,2,Moderate damage,1,0,736,408,1175,519,440,112,0.031953125,0.7489985260034637,0.6430927208789882,09 September 2019,"Marsh Harbor, Abaco, the bahamas",https://youtu.be/Ya5dP0xqLyw
3_0661_002,3,661,3_0661,B145,26.54706,-77.09621,data/raw/FRAME/3_0661.jpg,data/raw/MASK/3_0661_B0XX_0_Level3.jpg,data/raw/JSON/3_0661.json,3_0661_B0XX_0_Level3.jpg,3,3,Severe damage,2,0,32,368,415,471,384,104,0.029180772569444444,0.18314971600416466,0.573055462594562,09 September 2019,"Marsh Harbor, Abaco, the bahamas",https://youtu.be/Ya5dP0xqLyw
3_0661_003,3,661,3_0661,B144,26.54705,-77.09671,data/raw/FRAME/3_0661.jpg,data/raw/MASK/3_0661_B0XX_0_Level4.jpg,data/raw/JSON/3_0661.json,3_0661_B0XX_0_Level4.jpg,4,4,Destruction,2,0,488,424,687,503,200,80,0.01221462673611111,0.46492925235409077,0.6366926011469407,09 September 2019,"Marsh Harbor, Abaco, the bahamas",https://youtu.be/Ya5dP0xqLyw
3_0661_004,3,661,3_0661,B142,26.54724,-77.0967,data/raw/FRAME/3_0661.jpg,data/raw/MASK/3_0661_B0XX_1_Level3.jpg,data/raw/JSON/3_0661.json,3_0661_B0XX_1_Level3.jpg,3,3,Severe damage,1,0,352,456,567,535,216,80,0.013985460069444445,0.3542817518814493,0.6885439565176162,09 September 2019,"Marsh Harbor, Abaco, the bahamas",https://youtu.be/Ya5dP0xqLyw
3_0664_000,3,664,3_0664,B137,26.54741,-77.09659,data/raw/FRAME/3_0664.jpg,data/raw/MASK/3_0664_B0XX_0_Level1.jpg,data/raw/JSON/3_0664.json,3_0664_B0XX_0_Level1.jpg,1,1,Minor damage,1,0,24,464,351,599,328,136,0.036175130208333336,0.14259608679024566,0.741843553262612,09 September 2019,"Marsh Harbor, Abaco, the bahamas",https://youtu.be/Ya5dP0xqLyw
3_0664_001,3,664,3_0664,B145,26.54706,-77.09621,data/raw/FRAME/3_0664.jpg,data/raw/MASK/3_0664_B0XX_0_Level3.jpg,data/raw/JSON/3_0664.json,3_0664_B0XX_0_Level3.jpg,3,3,Severe damage,2,0,0,360,479,567,480,208,0.04261284722222222,0.15814469835378894,0.5990053699554108,09 September 2019,"Marsh Harbor, Abaco, the bahamas",https://youtu.be/Ya5dP0xqLyw
3_0664_002,3,664,3_0664,B138,26.54697,-77.09702,data/raw/FRAME/3_0664.jpg,data/raw/MASK/3_0664_B0XX_1_Level3.jpg,data/raw/JSON/3_0664.json,3_0664_B0XX_1_Level3.jpg,3,3,Severe damage,1,0,784,416,1247,551,464,136,0.04185221354166667,0.798987804146898,0.6647761775542362,09 September 2019,"Marsh Harbor, Abaco, the bahamas",https://youtu.be/Ya5dP0xqLyw
3_0664_003,3,664,3_0664,B144,26.54705,-77.09671,data/raw/FRAME/3_0664.jpg,data/raw/MASK/3_0664_B0XX_1_Level4.jpg,data/raw/JSON/3_0664.json,3_0664_B0XX_1_Level4.jpg,4,4,Destruction,2,0,528,424,735,511,208,88,0.014148220486111111,0.4979111343853056,0.6504855092841134,09 September 2019,"Marsh Harbor, Abaco, the bahamas",https://youtu.be/Ya5dP0xqLyw
3_0664_004,3,664,3_0664,B142,26.54724,-77.0967,data/raw/FRAME/3_0664.jpg,data/raw/MASK/3_0664_B0XX_2_Level3.jpg,data/raw/JSON/3_0664.json,3_0664_B0XX_2_Level3.jpg,3,3,Severe damage,1,0,376,464,599,559,224,96,0.015907118055555555,0.37892442232264667,0.7071028497802031,09 September 2019,"Marsh Harbor, Abaco, the bahamas",https://youtu.be/Ya5dP0xqLyw
3_0667_000,3,667,3_0667,B137,26.54741,-77.09659,data/raw/FRAME/3_0667.jpg,data/raw/MASK/3_0667_B0XX_0_Level1.jpg,data/raw/JSON/3_0667.json,3_0667_B0XX_0_Level1.jpg,1,1,Minor damage,1,0,64,472,327,623,264,152,0.031536458333333336,0.1458274734207267,0.7573926889317063,09 September 2019,"Marsh Harbor, Abaco, the bahamas",https://youtu.be/Ya5dP0xqLyw
3_0667_001,3,667,3_0667,B138,26.54697,-77.09702,data/raw/FRAME/3_0667.jpg,data/raw/MASK/3_0667_B0XX_0_Level2.jpg,data/raw/JSON/3_0667.json,3_0667_B0XX_0_Level2.jpg,2,2,Moderate damage,1,0,800,424,1279,567,480,144,0.046116536458333336,0.8216020468636032,0.6818235976146967,09 September 2019,"Marsh Harbor, Abaco, the bahamas",https://youtu.be/Ya5dP0xqLyw
3_0667_002,3,667,3_0667,B145,26.54706,-77.09621,data/raw/FRAME/3_0667.jpg,data/raw/MASK/3_0667_B0XX_0_Level3.jpg,data/raw/JSON/3_0667.json,3_0667_B0XX_0_Level3.jpg,3,3,Severe damage,2,0,72,368,479,479,408,112,0.022982855902777776,0.20469897107077095,0.5749873445278525,09 September 2019,"Marsh Harbor, Abaco, the bahamas",https://youtu.be/Ya5dP0xqLyw
3_0667_003,3,667,3_0667,B144,26.54705,-77.09671,data/raw/FRAME/3_0667.jpg,data/raw/MASK/3_0667_B0XX_0_Level4.jpg,data/raw/JSON/3_0667.json,3_0667_B0XX_0_Level4.jpg,4,4,Destruction,2,0,520,424,743,527,224,104,0.01627387152777778,0.5037251841912255,0.6655858744128847,09 September 2019,"Marsh Harbor, Abaco, the bahamas",https://youtu.be/Ya5dP0xqLyw
3_0667_004,3,667,3_0667,B142,26.54724,-77.0967,data/raw/FRAME/3_0667.jpg,data/raw/MASK/3_0667_B0XX_1_Level3.jpg,data/raw/JSON/3_0667.json,3_0667_B0XX_1_Level3.jpg,3,3,Severe damage,1,0,368,480,599,575,232,96,0.017994791666666666,0.3763705793234443,0.7300696454413894,09 September 2019,"Marsh Harbor, Abaco, the bahamas",https://youtu.be/Ya5dP0xqLyw
3_0670_000,3,670,3_0670,B137,26.54741,-77.09659,data/raw/FRAME/3_0670.jpg,data/raw/MASK/3_0670_B0XX_0_Level1.jpg,data/raw/JSON/3_0670.json,3_0670_B0XX_0_Level1.jpg,1,1,Minor damage,1,0,0,488,335,639,336,152,0.04011393229166667,0.12409979476047499,0.7754027022640592,09 September 2019,"Marsh Harbor, Abaco, the bahamas",https://youtu.be/Ya5dP0xqLyw
3_0670_001,3,670,3_0670,B138,26.54697,-77.09702,data/raw/FRAME/3_0670.jpg,data/raw/MASK/3_0670_B0XX_0_Level2.jpg,data/raw/JSON/3_0670.json,3_0670_B0XX_0_Level2.jpg,2,2,Moderate damage,1,0,808,416,1279,583,472,168,0.048250868055555556,0.8244365330125033,0.6907969401217354,09 September 2019,"Marsh Harbor, Abaco, the bahamas",https://youtu.be/Ya5dP0xqLyw
3_0670_002,3,670,3_0670,B145,26.54706,-77.09621,data/raw/FRAME/3_0670.jpg,data/raw/MASK/3_0670_B0XX_0_Level3.jpg,data/raw/JSON/3_0670.json,3_0670_B0XX_0_Level3.jpg,3,3,Severe damage,2,0,0,368,487,487,488,120,0.026950954861111112,0.16629666488847733,0.5818059917152034,09 September 2019,"Marsh Harbor, Abaco, the bahamas",https://youtu.be/Ya5dP0xqLyw
3_0670_003,3,670,3_0670,B144,26.54705,-77.09671,data/raw/FRAME/3_0670.jpg,data/raw/MASK/3_0670_B0XX_0_Level4.jpg,data/raw/JSON/3_0670.json,3_0670_B0XX_0_Level4.jpg,4,4,Destruction,2,0,528,440,759,535,232,96,0.016765407986111112,0.5099056594233382,0.6764880374517291,09 September 2019,"Marsh Harbor, Abaco, the bahamas",https://youtu.be/Ya5dP0xqLyw
3_0670_004,3,670,3_0670,B143,26.54735,-77.09634,data/raw/FRAME/3_0670.jpg,data/raw/MASK/3_0670_B0XX_1_Level2.jpg,data/raw/JSON/3_0670.json,3_0670_B0XX_1_Level2.jpg,2,2,Moderate damage,2,0,0,424,111,551,112,128,0.008200954861111111,0.030180251885419423,0.6780962409220547,09 September 2019,"Marsh Harbor, Abaco, the bahamas",https://youtu.be/Ya5dP0xqLyw
3_0670_005,3,670,3_0670,B142,26.54724,-77.0967,data/raw/FRAME/3_0670.jpg,data/raw/MASK/3_0670_B0XX_1_Level3.jpg,data/raw/JSON/3_0670.json,3_0670_B0XX_1_Level3.jpg,3,3,Severe damage,1,0,368,488,607,591,240,104,0.018282335069444444,0.37757586689121014,0.7422507765050349,09 September 2019,"Marsh Harbor, Abaco, the bahamas",https://youtu.be/Ya5dP0xqLyw
3_0673_000,3,673,3_0673,B137,26.54741,-77.09659,data/raw/FRAME/3_0673.jpg,data/raw/MASK/3_0673_B0XX_0_Level1.jpg,data/raw/JSON/3_0673.json,3_0673_B0XX_0_Level1.jpg,1,1,Minor damage,1,0,0,488,311,655,312,168,0.04138997395833333,0.1137310345392581,0.7904038682803921,09 September 2019,"Marsh Harbor, Abaco, the bahamas",https://youtu.be/Ya5dP0xqLyw
3_0673_001,3,673,3_0673,B138,26.54697,-77.09702,data/raw/FRAME/3_0673.jpg,data/raw/MASK/3_0673_B0XX_0_Level2.jpg,data/raw/JSON/3_0673.json,3_0673_B0XX_0_Level2.jpg,2,2,Moderate damage,1,0,824,432,1279,591,456,160,0.04597222222222222,0.8393386886919373,0.7001661369167506,09 September 2019,"Marsh Harbor, Abaco, the bahamas",https://youtu.be/Ya5dP0xqLyw
3_0673_002,3,673,3_0673,B145,26.54706,-77.09621,data/raw/FRAME/3_0673.jpg,data/raw/MASK/3_0673_B0XX_0_Level3.jpg,data/raw/JSON/3_0673.json,3_0673_B0XX_0_Level3.jpg,3,3,Severe damage,2,0,0,368,799,535,800,168,0.053671875,0.28596411342087175,0.5997231993638471,09 September 2019,"Marsh Harbor, Abaco, the bahamas",https://youtu.be/Ya5dP0xqLyw
3_0673_003,3,673,3_0673,B144,26.54705,-77.09671,data/raw/FRAME/3_0673.jpg,data/raw/MASK/3_0673_B0XX_0_Level4.jpg,data/raw/JSON/3_0673.json,3_0673_B0XX_0_Level4.jpg,4,4,Destruction,2,0,528,456,759,543,232,88,0.016486545138888888,0.5114193411050414,0.6891601948137424,09 September 2019,"Marsh Harbor, Abaco, the bahamas",https://youtu.be/Ya5dP0xqLyw
3_0673_004,3,673,3_0673,B142,26.54724,-77.0967,data/raw/FRAME/3_0673.jpg,data/raw/MASK/3_0673_B0XX_1_Level3.jpg,data/raw/JSON/3_0673.json,3_0673_B0XX_1_Level3.jpg,3,3,Severe damage,1,0,360,488,607,599,248,112,0.021256510416666666,0.37493822581674324,0.7538383387215699,09 September 2019,"Marsh Harbor, Abaco, the bahamas",https://youtu.be/Ya5dP0xqLyw
3_0693_000,3,693,3_0693,B137,26.54741,-77.09659,data/raw/FRAME/3_0693.jpg,data/raw/MASK/3_0693_B0XX_0_Level1.jpg,data/raw/JSON/3_0693.json,3_0693_B0XX_0_Level1.jpg,1,1,Minor damage,1,0,8,544,455,719,448,176,0.07349392361111111,0.1768615416272958,0.8860324104149032,09 September 2019,"Marsh Harbor, Abaco, the bahamas",https://youtu.be/Ya5dP0xqLyw
3_0693_001,3,693,3_0693,B145,26.54706,-77.09621,data/raw/FRAME/3_0693.jpg,data/raw/MASK/3_0693_B0XX_0_Level3.jpg,data/raw/JSON/3_0693.json,3_0693_B0XX_0_Level3.jpg,3,3,Severe damage,2,0,136,352,735,511,600,160,0.076064453125,0.3377709372013238,0.5929031960235153,09 September 2019,"Marsh Harbor, Abaco, the bahamas",https://youtu.be/Ya5dP0xqLyw
3_0693_002,3,693,3_0693,B144,26.54705,-77.09671,data/raw/FRAME/3_0693.jpg,data/raw/MASK/3_0693_B0XX_0_Level4.jpg,data/raw/JSON/3_0693.json,3_0693_B0XX_0_Level4.jpg,4,4,Destruction,2,0,776,456,1103,623,328,168,0.04132703993055555,0.7477274069892614,0.750608548265229,09 September 2019,"Marsh Harbor, Abaco, the bahamas",https://youtu.be/Ya5dP0xqLyw
3_0693_003,3,693,3_0693,B142,26.54724,-77.0967,data/raw/FRAME/3_0693.jpg,data/raw/MASK/3_0693_B0XX_1_Level3.jpg,data/raw/JSON/3_0693.json,3_0693_B0XX_1_Level3.jpg,3,3,Severe damage,1,0,512,544,887,703,376,160,0.045007595486111114,0.5426601412763085,0.8612785988090359,09 September 2019,"Marsh Harbor, Abaco, the bahamas",https://youtu.be/Ya5dP0xqLyw
3_0696_000,3,696,3_0696,B137,26.54741,-77.09659,data/raw/FRAME/3_0696.jpg,data/raw/MASK/3_0696_B0XX_0_Level1.jpg,data/raw/JSON/3_0696.json,3_0696_B0XX_0_Level1.jpg,1,1,Minor damage,1,0,88,528,631,719,544,192,0.08916341145833333,0.28651983657953345,0.8816927566097001,09 September 2019,"Marsh Harbor, Abaco, the bahamas",https://youtu.be/Ya5dP0xqLyw
3_0696_001,3,696,3_0696,B145,26.54706,-77.09621,data/raw/FRAME/3_0696.jpg,data/raw/MASK/3_0696_B0XX_0_Level3.jpg,data/raw/JSON/3_0696.json,3_0696_B0XX_0_Level3.jpg,3,3,Severe damage,2,0,104,344,919,607,816,264,0.09331705729166667,0.32393914750991265,0.6152419739305357,09 September 2019,"Marsh Harbor, Abaco, the bahamas",https://youtu.be/Ya5dP0xqLyw
3_0696_002,3,696,3_0696,B144,26.54705,-77.09671,data/raw/FRAME/3_0696.jpg,data/raw/MASK/3_0696_B0XX_0_Level4.jpg,data/raw/JSON/3_0696.json,3_0696_B0XX_0_Level4.jpg,4,4,Destruction,2,0,960,480,1279,647,320,168,0.04085394965277778,0.8885871432697672,0.7750189238001647,09 September 2019,"Marsh Harbor, Abaco, the bahamas",https://youtu.be/Ya5dP0xqLyw
3_0696_003,3,696,3_0696,B142,26.54724,-77.0967,data/raw/FRAME/3_0696.jpg,data/raw/MASK/3_0696_B0XX_1_Level3.jpg,data/raw/JSON/3_0696.json,3_0696_B0XX_1_Level3.jpg,3,3,Severe damage,1,0,680,560,1079,711,400,152,0.048955078125,0.6820479946583328,0.878708044270083,09 September 2019,"Marsh Harbor, Abaco, the bahamas",https://youtu.be/Ya5dP0xqLyw
3_0699_000,3,699,3_0699,B137,26.54741,-77.09659,data/raw/FRAME/3_0699.jpg,data/raw/MASK/3_0699_B0XX_0_Level1.jpg,data/raw/JSON/3_0699.json,3_0699_B0XX_0_Level1.jpg,1,1,Minor damage,1,0,104,440,631,663,528,224,0.0941037326388889,0.28575921760775314,0.7619940322907137,09 September 2019,"Marsh Harbor, Abaco, the bahamas",https://youtu.be/Ya5dP0xqLyw
3_0699_001,3,699,3_0699,B145,26.54706,-77.09621,data/raw/FRAME/3_0699.jpg,data/raw/MASK/3_0699_B0XX_0_Level3.jpg,data/raw/JSON/3_0699.json,3_0699_B0XX_0_Level3.jpg,3,3,Severe damage,2,0,112,264,919,511,808,248,0.09173828125,0.3307012879822818,0.48801978607306473,09 September 2019,"Marsh Harbor, Abaco, the bahamas",https://youtu.be/Ya5dP0xqLyw
3_0699_002,3,699,3_0699,B144,26.54705,-77.09671,data/raw/FRAME/3_0699.jpg,data/raw/MASK/3_0699_B0XX_0_Level4.jpg,data/raw/JSON/3_0699.json,3_0699_B0XX_0_Level4.jpg,4,4,Destruction,2,0,960,392,1279,551,320,160,0.03928168402777778,0.8888226781324237,0.6438890730407774,09 September 2019,"Marsh Harbor, Abaco, the bahamas",https://youtu.be/Ya5dP0xqLyw
3_0699_003,3,699,3_0699,B142,26.54724,-77.0967,data/raw/FRAME/3_0699.jpg,data/raw/MASK/3_0699_B0XX_1_Level3.jpg,data/raw/JSON/3_0699.json,3_0699_B0XX_1_Level3.jpg,3,3,Severe damage,1,0,680,464,1079,615,400,152,0.047868923611111114,0.6844602688083689,0.7464677403511953,09 September 2019,"Marsh Harbor, Abaco, the bahamas",https://youtu.be/Ya5dP0xqLyw
3_0702_000,3,702,3_0702,B137,26.54741,-77.09659,data/raw/FRAME/3_0702.jpg,data/raw/MASK/3_0702_B0XX_0_Level1.jpg,data/raw/JSON/3_0702.json,3_0702_B0XX_0_Level1.jpg,1,1,Minor damage,1,0,88,400,607,623,520,224,0.09555447048611111,0.2685061050043719,0.7165701448584157,09 September 2019,"Marsh Harbor, Abaco, the bahamas",https://youtu.be/Ya5dP0xqLyw
3_0702_001,3,702,3_0702,B145,26.54706,-77.09621,data/raw/FRAME/3_0702.jpg,data/raw/MASK/3_0702_B0XX_0_Level3.jpg,data/raw/JSON/3_0702.json,3_0702_B0XX_0_Level3.jpg,3,3,Severe damage,2,0,88,216,903,479,816,264,0.08622504340277778,0.2920598297992827,0.44096335213965615,09 September 2019,"Marsh Harbor, Abaco, the bahamas",https://youtu.be/Ya5dP0xqLyw
3_0702_002,3,702,3_0702,B142,26.54724,-77.0967,data/raw/FRAME/3_0702.jpg,data/raw/MASK/3_0702_B0XX_1_Level3.jpg,data/raw/JSON/3_0702.json,3_0702_B0XX_1_Level3.jpg,3,3,Severe damage,1,0,672,424,1047,583,376,160,0.046591796875,0.6697743455832692,0.6934835528954512,09 September 2019,"Marsh Harbor, Abaco, the bahamas",https://youtu.be/Ya5dP0xqLyw
3_0702_003,3,702,3_0702,B144,26.54705,-77.09671,data/raw/FRAME/3_0702.jpg,data/raw/MASK/3_0702_B0XX_1_Level4.jpg,data/raw/JSON/3_0702.json,3_0702_B0XX_1_Level4.jpg,4,4,Destruction,2,0,944,352,1279,519,336,168,0.04098090277777778,0.8825263160943126,0.5936756425192402,09 September 2019,"Marsh Harbor, Abaco, the bahamas",https://youtu.be/Ya5dP0xqLyw
3_0705_000,3,705,3_0705,B137,26.54741,-77.09659,data/raw/FRAME/3_0705.jpg,data/raw/MASK/3_0705_B0XX_0_Level1.jpg,data/raw/JSON/3_0705.json,3_0705_B0XX_0_Level1.jpg,1,1,Minor damage,1,0,88,408,615,631,528,224,0.09299587673611111,0.2709512827431305,0.7163697016250835,09 September 2019,"Marsh Harbor, Abaco, the bahamas",https://youtu.be/Ya5dP0xqLyw
3_0705_001,3,705,3_0705,B145,26.54706,-77.09621,data/raw/FRAME/3_0705.jpg,data/raw/MASK/3_0705_B0XX_0_Level3.jpg,data/raw/JSON/3_0705.json,3_0705_B0XX_0_Level3.jpg,3,3,Severe damage,2,0,96,224,903,471,808,248,0.08640082465277778,0.3062464777179851,0.43774773492519986,09 September 2019,"Marsh Harbor, Abaco, the bahamas",https://youtu.be/Ya5dP0xqLyw
3_0705_002,3,705,3_0705,B144,26.54705,-77.09671,data/raw/FRAME/3_0705.jpg,data/raw/MASK/3_0705_B0XX_0_Level4.jpg,data/raw/JSON/3_0705.json,3_0705_B0XX_0_Level4.jpg,4,4,Destruction,2,0,944,360,1279,519,336,160,0.041629774305555554,0.8822282628173383,0.5965132973639855,09 September 2019,"Marsh Harbor, Abaco, the bahamas",https://youtu.be/Ya5dP0xqLyw
3_0705_003,3,705,3_0705,B142,26.54724,-77.0967,data/raw/FRAME/3_0705.jpg,data/raw/MASK/3_0705_B0XX_1_Level3.jpg,data/raw/JSON/3_0705.json,3_0705_B0XX_1_Level3.jpg,3,3,Severe damage,1,0,672,424,1055,583,384,160,0.04761610243055556,0.6683764035902285,0.6899828014898202,09 September 2019,"Marsh Harbor, Abaco, the bahamas",https://youtu.be/Ya5dP0xqLyw
3_0725_000,3,725,3_0725,B137,26.54741,-77.09659,data/raw/FRAME/3_0725.jpg,data/raw/MASK/3_0725_B0XX_0_Level1.jpg,data/raw/JSON/3_0725.json,3_0725_B0XX_0_Level1.jpg,1,1,Minor damage,1,0,176,352,615,543,440,192,0.06810980902777777,0.30982552871594715,0.6212372771847839,09 September 2019,"Marsh Harbor, Abaco, the bahamas",https://youtu.be/Ya5dP0xqLyw
3_0725_001,3,725,3_0725,B145,26.54706,-77.09621,data/raw/FRAME/3_0725.jpg,data/raw/MASK/3_0725_B0XX_0_Level3.jpg,data/raw/JSON/3_0725.json,3_0725_B0XX_0_Level3.jpg,3,3,Severe damage,2,0,272,200,807,343,536,144,0.05869900173611111,0.4225979057295229,0.37864194050604577,09 September 2019,"Marsh Harbor, Abaco, the bahamas",https://youtu.be/Ya5dP0xqLyw
3_0725_002,3,725,3_0725,B144,26.54705,-77.09671,data/raw/FRAME/3_0725.jpg,data/raw/MASK/3_0725_B0XX_0_Level4.jpg,data/raw/JSON/3_0725.json,3_0725_B0XX_0_Level4.jpg,4,4,Destruction,2,0,872,304,1167,439,296,136,0.028938802083333333,0.8021843363329584,0.509160417447819,09 September 2019,"Marsh Harbor, Abaco, the bahamas",https://youtu.be/Ya5dP0xqLyw
3_0725_003,3,725,3_0725,B142,26.54724,-77.0967,data/raw/FRAME/3_0725.jpg,data/raw/MASK/3_0725_B0XX_1_Level3.jpg,data/raw/JSON/3_0725.json,3_0725_B0XX_1_Level3.jpg,3,3,Severe damage,1,0,656,360,975,495,320,136,0.03218098958333333,0.6356467373895744,0.5916212882415087,09 September 2019,"Marsh Harbor, Abaco, the bahamas",https://youtu.be/Ya5dP0xqLyw
3_0728_000,3,728,3_0728,B137,26.54741,-77.09659,data/raw/FRAME/3_0728.jpg,data/raw/MASK/3_0728_B0XX_0_Level1.jpg,data/raw/JSON/3_0728.json,3_0728_B0XX_0_Level1.jpg,1,1,Minor damage,1,0,168,352,623,543,456,192,0.065380859375,0.3078006752551655,0.6194908675167575,09 September 2019,"Marsh Harbor, Abaco, the bahamas",https://youtu.be/Ya5dP0xqLyw
3_0728_001,3,728,3_0728,B145,26.54706,-77.09621,data/raw/FRAME/3_0728.jpg,data/raw/MASK/3_0728_B0XX_0_Level3.jpg,data/raw/JSON/3_0728.json,3_0728_B0XX_0_Level3.jpg,3,3,Severe damage,2,0,120,200,1199,455,1080,256,0.10074869791666667,0.44868703722401726,0.398317342787052,09 September 2019,"Marsh Harbor, Abaco, the bahamas",https://youtu.be/Ya5dP0xqLyw
3_0728_002,3,728,3_0728,B144,26.54705,-77.09671,data/raw/FRAME/3_0728.jpg,data/raw/MASK/3_0728_B0XX_0_Level4.jpg,data/raw/JSON/3_0728.json,3_0728_B0XX_0_Level4.jpg,4,4,Destruction,2,0,872,304,1159,431,288,128,0.027825520833333332,0.8024043453146936,0.5082761399677638,09 September 2019,"Marsh Harbor, Abaco, the bahamas",https://youtu.be/Ya5dP0xqLyw
3_0728_003,3,728,3_0728,B142,26.54724,-77.0967,data/raw/FRAME/3_0728.jpg,data/raw/MASK/3_0728_B0XX_1_Level3.jpg,data/raw/JSON/3_0728.json,3_0728_B0XX_1_Level3.jpg,3,3,Severe damage,1,0,656,360,975,487,320,128,0.03226236979166667,0.6369963771314702,0.5888315732239151,09 September 2019,"Marsh Harbor, Abaco, the bahamas",https://youtu.be/Ya5dP0xqLyw
3_0731_000,3,731,3_0731,B137,26.54741,-77.09659,data/raw/FRAME/3_0731.jpg,data/raw/MASK/3_0731_B0XX_0_Level1.jpg,data/raw/JSON/3_0731.json,3_0731_B0XX_0_Level1.jpg,1,1,Minor damage,1,0,168,352,615,543,448,192,0.06555230034722222,0.30721823117540925,0.6160133856399561,09 September 2019,"Marsh Harbor, Abaco, the bahamas",https://youtu.be/Ya5dP0xqLyw
3_0731_001,3,731,3_0731,B145,26.54706,-77.09621,data/raw/FRAME/3_0731.jpg,data/raw/MASK/3_0731_B0XX_0_Level3.jpg,data/raw/JSON/3_0731.json,3_0731_B0XX_0_Level3.jpg,3,3,Severe damage,2,0,120,200,815,455,696,256,0.07046657986111111,0.29115784324859106,0.4026657975150476,09 September 2019,"Marsh Harbor, Abaco, the bahamas",https://youtu.be/Ya5dP0xqLyw
3_0731_002,3,731,3_0731,B144,26.54705,-77.09671,data/raw/FRAME/3_0731.jpg,data/raw/MASK/3_0731_B0XX_0_Level4.jpg,data/raw/JSON/3_0731.json,3_0731_B0XX_0_Level4.jpg,4,4,Destruction,2,0,872,312,1167,431,296,120,0.027323133680555556,0.8039819829434892,0.507331861765264,09 September 2019,"Marsh Harbor, Abaco, the bahamas",https://youtu.be/Ya5dP0xqLyw
3_0731_003,3,731,3_0731,B142,26.54724,-77.0967,data/raw/FRAME/3_0731.jpg,data/raw/MASK/3_0731_B0XX_1_Level3.jpg,data/raw/JSON/3_0731.json,3_0731_B0XX_1_Level3.jpg,3,3,Severe damage,1,0,656,360,975,487,320,128,0.032633463541666664,0.6356248960931006,0.5860630368523136,09 September 2019,"Marsh Harbor, Abaco, the bahamas",https://youtu.be/Ya5dP0xqLyw
3_0734_000,3,734,3_0734,B137,26.54741,-77.09659,data/raw/FRAME/3_0734.jpg,data/raw/MASK/3_0734_B0XX_0_Level1.jpg,data/raw/JSON/3_0734.json,3_0734_B0XX_0_Level1.jpg,1,1,Minor damage,1,0,176,352,615,543,440,192,0.06579318576388889,0.30958908839779004,0.6148105467139441,09 September 2019,"Marsh Harbor, Abaco, the bahamas",https://youtu.be/Ya5dP0xqLyw
3_0734_001,3,734,3_0734,B145,26.54706,-77.09621,data/raw/FRAME/3_0734.jpg,data/raw/MASK/3_0734_B0XX_0_Level3.jpg,data/raw/JSON/3_0734.json,3_0734_B0XX_0_Level3.jpg,3,3,Severe damage,2,0,120,200,822,455,703,256,0.07089192708333333,0.29471180061300395,0.40001575239028175,09 September 2019,"Marsh Harbor, Abaco, the bahamas",https://youtu.be/Ya5dP0xqLyw
3_0734_002,3,734,3_0734,B144,26.54705,-77.09671,data/raw/FRAME/3_0734.jpg,data/raw/MASK/3_0734_B0XX_0_Level4.jpg,data/raw/JSON/3_0734.json,3_0734_B0XX_0_Level4.jpg,4,4,Destruction,2,0,872,304,1159,431,288,128,0.02640190972222222,0.8008076427132993,0.504020654099768,09 September 2019,"Marsh Harbor, Abaco, the bahamas",https://youtu.be/Ya5dP0xqLyw
3_0734_003,3,734,3_0734,B146,26.54688,-77.09659,data/raw/FRAME/3_0734.jpg,data/raw/MASK/3_0734_B0XX_1_Level3.jpg,data/raw/JSON/3_0734.json,3_0734_B0XX_1_Level3.jpg,3,3,Severe damage,2,0,912,224,1199,359,288,136,0.022367621527777777,0.8288433755578734,0.4025418943975507,09 September 2019,"Marsh Harbor, Abaco, the bahamas",https://youtu.be/Ya5dP0xqLyw
3_0734_004,3,734,3_0734,B142,26.54724,-77.0967,data/raw/FRAME/3_0734.jpg,data/raw/MASK/3_0734_B0XX_2_Level3.jpg,data/raw/JSON/3_0734.json,3_0734_B0XX_2_Level3.jpg,3,3,Severe damage,1,0,664,360,975,487,312,128,0.030560980902777778,0.6380445033729807,0.5841718444878394,09 September 2019,"Marsh Harbor, Abaco, the bahamas",https://youtu.be/Ya5dP0xqLyw
3_0757_000,3,757,3_0757,B137,26.54741,-77.09659,data/raw/FRAME/3_0757.jpg,data/raw/MASK/3_0757_B0XX_0_Level1.jpg,data/raw/JSON/3_0757.json,3_0757_B0XX_0_Level1.jpg,1,1,Minor damage,1,0,176,344,623,543,448,200,0.06772894965277777,0.3095356582130441,0.6103265610008348,09 September 2019,"Marsh Harbor, Abaco, the bahamas",https://youtu.be/Ya5dP0xqLyw
3_0757_001,3,757,3_0757,B145,26.54706,-77.09621,data/raw/FRAME/3_0757.jpg,data/raw/MASK/3_0757_B0XX_0_Level3.jpg,data/raw/JSON/3_0757.json,3_0757_B0XX_0_Level3.jpg,3,3,Severe damage,2,0,264,200,783,335,520,136,0.052293836805555556,0.40987100961737977,0.3688068593139764,09 September 2019,"Marsh Harbor, Abaco, the bahamas",https://youtu.be/Ya5dP0xqLyw
3_0757_002,3,757,3_0757,B144,26.54705,-77.09671,data/raw/FRAME/3_0757.jpg,data/raw/MASK/3_0757_B0XX_0_Level4.jpg,data/raw/JSON/3_0757.json,3_0757_B0XX_0_Level4.jpg,4,4,Destruction,2,0,880,296,1167,431,288,136,0.027190755208333334,0.8075568221497267,0.49939936195024187,09 September 2019,"Marsh Harbor, Abaco, the bahamas",https://youtu.be/Ya5dP0xqLyw
3_0757_003,3,757,3_0757,B142,26.54724,-77.0967,data/raw/FRAME/3_0757.jpg,data/raw/MASK/3_0757_B0XX_1_Level3.jpg,data/raw/JSON/3_0757.json,3_0757_B0XX_1_Level3.jpg,3,3,Severe damage,1,0,664,352,983,487,320,136,0.030865885416666666,0.6407630356640652,0.5791064160553719,09 September 2019,"Marsh Harbor, Abaco, the bahamas",https://youtu.be/Ya5dP0xqLyw
3_0760_000,3,760,3_0760,B137,26.54741,-77.09659,data/raw/FRAME/3_0760.jpg,data/raw/MASK/3_0760_B0XX_0_Level1.jpg,data/raw/JSON/3_0760.json,3_0760_B0XX_0_Level1.jpg,1,1,Minor damage,1,0,168,352,615,543,448,192,0.06841471354166667,0.3052305499714517,0.6189768776246389,09 September 2019,"Marsh Harbor, Abaco, the bahamas",https://youtu.be/Ya5dP0xqLyw
3_0760_001,3,760,3_0760,B145,26.54706,-77.09621,data/raw/FRAME/3_0760.jpg,data/raw/MASK/3_0760_B0XX_0_Level3.jpg,data/raw/JSON/3_0760.json,3_0760_B0XX_0_Level3.jpg,3,3,Severe damage,2,0,120,200,815,455,696,256,0.06989908854166667,0.2840123473858644,0.4026838398264142,09 September 2019,"Marsh Harbor, Abaco, the bahamas",https://youtu.be/Ya5dP0xqLyw
3_0760_002,3,760,3_0760,B146,26.54688,-77.09659,data/raw/FRAME/3_0760.jpg,data/raw/MASK/3_0760_B0XX_1_Level3.jpg,data/raw/JSON/3_0760.json,3_0760_B0XX_1_Level3.jpg,3,3,Severe damage,2,0,816,216,1207,359,392,144,0.029547526041666668,0.7961932459788477,0.38346283239282025,09 September 2019,"Marsh Harbor, Abaco, the bahamas",https://youtu.be/Ya5dP0xqLyw
3_0760_003,3,760,3_0760,B144,26.54705,-77.09671,data/raw/FRAME/3_0760.jpg,data/raw/MASK/3_0760_B0XX_1_Level4.jpg,data/raw/JSON/3_0760.json,3_0760_B0XX_1_Level4.jpg,4,4,Destruction,2,0,880,304,1175,431,296,128,0.02892795138888889,0.812683649427982,0.5044937796949237,09 September 2019,"Marsh Harbor, Abaco, the bahamas",https://youtu.be/Ya5dP0xqLyw
3_0760_004,3,760,3_0760,B142,26.54724,-77.0967,data/raw/FRAME/3_0760.jpg,data/raw/MASK/3_0760_B0XX_5_Level3.jpg,data/raw/JSON/3_0760.json,3_0760_B0XX_5_Level3.jpg,3,3,Severe damage,1,0,664,360,983,487,320,128,0.03281901041666667,0.6415492957746479,0.5884374977040123,09 September 2019,"Marsh Harbor, Abaco, the bahamas",https://youtu.be/Ya5dP0xqLyw
3_0763_000,3,763,3_0763,B137,26.54741,-77.09659,data/raw/FRAME/3_0763.jpg,data/raw/MASK/3_0763_B0XX_0_Level1.jpg,data/raw/JSON/3_0763.json,3_0763_B0XX_0_Level1.jpg,1,1,Minor damage,1,0,128,368,615,583,488,216,0.07847981770833333,0.289964091037925,0.6557029378916434,09 September 2019,"Marsh Harbor, Abaco, the bahamas",https://youtu.be/Ya5dP0xqLyw
3_0763_001,3,763,3_0763,B145,26.54706,-77.09621,data/raw/FRAME/3_0763.jpg,data/raw/MASK/3_0763_B0XX_0_Level3.jpg,data/raw/JSON/3_0763.json,3_0763_B0XX_0_Level3.jpg,3,3,Severe damage,2,0,96,200,823,487,728,288,0.08429036458333333,0.2807060355037203,0.4163118547411241,09 September 2019,"Marsh Harbor, Abaco, the bahamas",https://youtu.be/Ya5dP0xqLyw
3_0763_002,3,763,3_0763,B144,26.54705,-77.09671,data/raw/FRAME/3_0763.jpg,data/raw/MASK/3_0763_B0XX_0_Level4.jpg,data/raw/JSON/3_0763.json,3_0763_B0XX_0_Level4.jpg,4,4,Destruction,2,0,888,320,1199,455,312,136,0.03271809895833333,0.8276091153865288,0.528391868139157,09 September 2019,"Marsh Harbor, Abaco, the bahamas",https://youtu.be/Ya5dP0xqLyw
3_0763_003,3,763,3_0763,B142,26.54724,-77.0967,data/raw/FRAME/3_0763.jpg,data/raw/MASK/3_0763_B0XX_1_Level3.jpg,data/raw/JSON/3_0763.json,3_0763_B0XX_1_Level3.jpg,3,3,Severe damage,1,0,656,376,1007,519,352,144,0.03679470486111111,0.6478192504054852,0.6174937334119729,09 September 2019,"Marsh Harbor, Abaco, the bahamas",https://youtu.be/Ya5dP0xqLyw
3_0766_000,3,766,3_0766,B137,26.54741,-77.09659,data/raw/FRAME/3_0766.jpg,data/raw/MASK/3_0766_B0XX_0_Level1.jpg,data/raw/JSON/3_0766.json,3_0766_B0XX_0_Level1.jpg,1,1,Minor damage,1,0,64,408,607,655,544,248,0.10106228298611111,0.2589475978107989,0.7300886757069184,09 September 2019,"Marsh Harbor, Abaco, the bahamas",https://youtu.be/Ya5dP0xqLyw
3_0766_001,3,766,3_0766,B145,26.54706,-77.09621,data/raw/FRAME/3_0766.jpg,data/raw/MASK/3_0766_B0XX_0_Level3.jpg,data/raw/JSON/3_0766.json,3_0766_B0XX_0_Level3.jpg,3,3,Severe damage,2,0,40,208,831,503,792,296,0.09555881076388889,0.2451205119397731,0.44819047177464627,09 September 2019,"Marsh Harbor, Abaco, the bahamas",https://youtu.be/Ya5dP0xqLyw
3_0766_002,3,766,3_0766,B144,26.54705,-77.09671,data/raw/FRAME/3_0766.jpg,data/raw/MASK/3_0766_B0XX_0_Level4.jpg,data/raw/JSON/3_0766.json,3_0766_B0XX_0_Level4.jpg,4,4,Destruction,2,0,904,320,1247,495,344,176,0.04210720486111111,0.8594781573725714,0.5651407714729108,09 September 2019,"Marsh Harbor, Abaco, the bahamas",https://youtu.be/Ya5dP0xqLyw
3_0766_003,3,766,3_0766,B146,26.54688,-77.09659,data/raw/FRAME/3_0766.jpg,data/raw/MASK/3_0766_B0XX_1_Level3.jpg,data/raw/JSON/3_0766.json,3_0766_B0XX_1_Level3.jpg,3,3,Severe damage,2,0,944,248,1167,367,224,120,0.01814453125,0.8328028289827772,0.4354664181583809,09 September 2019,"Marsh Harbor, Abaco, the bahamas",https://youtu.be/Ya5dP0xqLyw
3_0766_004,3,766,3_0766,B142,26.54724,-77.0967,data/raw/FRAME/3_0766.jpg,data/raw/MASK/3_0766_B0XX_2_Level3.jpg,data/raw/JSON/3_0766.json,3_0766_B0XX_2_Level3.jpg,3,3,Severe damage,1,0,656,408,1047,575,392,168,0.04841688368055556,0.6592309744851079,0.6816516699909609,09 September 2019,"Marsh Harbor, Abaco, the bahamas",https://youtu.be/Ya5dP0xqLyw
3_0789_000,3,789,3_0789,B137,26.54741,-77.09659,data/raw/FRAME/3_0789.jpg,data/raw/MASK/3_0789_B0XX_0_Level1.jpg,data/raw/JSON/3_0789.json,3_0789_B0XX_0_Level1.jpg,1,1,Minor damage,1,0,0,432,567,719,568,288,0.12441623263888889,0.23573885910327746,0.782739438039145,09 September 2019,"Marsh Harbor, Abaco, the bahamas",https://youtu.be/Ya5dP0xqLyw
3_0789_001,3,789,3_0789,B146,26.54688,-77.09659,data/raw/FRAME/3_0789.jpg,data/raw/MASK/3_0789_B0XX_0_Level2.jpg,data/raw/JSON/3_0789.json,3_0789_B0XX_0_Level2.jpg,2,2,Moderate damage,2,0,816,200,1207,367,392,168,0.050660807291666665,0.7967763418578252,0.3870439682437691,09 September 2019,"Marsh Harbor, Abaco, the bahamas",https://youtu.be/Ya5dP0xqLyw
3_0789_002,3,789,3_0789,B145,26.54706,-77.09621,data/raw/FRAME/3_0789.jpg,data/raw/MASK/3_0789_B0XX_0_Level3.jpg,data/raw/JSON/3_0789.json,3_0789_B0XX_0_Level3.jpg,3,3,Severe damage,2,0,0,192,839,495,840,304,0.1345095486111111,0.2701711976360072,0.4256064372631481,09 September 2019,"Marsh Harbor, Abaco, the bahamas",https://youtu.be/Ya5dP0xqLyw
3_0789_003,3,789,3_0789,B144,26.54705,-77.09671,data/raw/FRAME/3_0789.jpg,data/raw/MASK/3_0789_B0XX_0_Level4.jpg,data/raw/JSON/3_0789.json,3_0789_B0XX_0_Level4.jpg,4,4,Destruction,2,0,920,336,1279,519,360,184,0.04944986979166666,0.8753455993680468,0.5829374788190864,09 September 2019,"Marsh Harbor, Abaco, the bahamas",https://youtu.be/Ya5dP0xqLyw
3_0789_004,3,789,3_0789,B142,26.54724,-77.0967,data/raw/FRAME/3_0789.jpg,data/raw/MASK/3_0789_B0XX_1_Level3.jpg,data/raw/JSON/3_0789.json,3_0789_B0XX_1_Level3.jpg,3,3,Severe damage,1,0,640,432,1087,631,448,200,0.06517252604166666,0.669594972154238,0.7310064941071134,09 September 2019,"Marsh Harbor, Abaco, the bahamas",https://youtu.be/Ya5dP0xqLyw
3_0792_000,3,792,3_0792,B137,26.54741,-77.09659,data/raw/FRAME/3_0792.jpg,data/raw/MASK/3_0792_B0XX_0_Level1.jpg,data/raw/JSON/3_0792.json,3_0792_B0XX_0_Level1.jpg,1,1,Minor damage,1,0,0,432,583,719,584,288,0.1284450954861111,0.22029955781414995,0.7903466033086941,09 September 2019,"Marsh Harbor, Abaco, the bahamas",https://youtu.be/Ya5dP0xqLyw
3_0792_001,3,792,3_0792,B145,26.54706,-77.09621,data/raw/FRAME/3_0792.jpg,data/raw/MASK/3_0792_B0XX_0_Level3.jpg,data/raw/JSON/3_0792.json,3_0792_B0XX_0_Level3.jpg,3,3,Severe damage,2,0,0,184,831,503,832,320,0.11725260416666666,0.2350874008074218,0.422515693441915,09 September 2019,"Marsh Harbor, Abaco, the bahamas",https://youtu.be/Ya5dP0xqLyw
3_0792_002,3,792,3_0792,B144,26.54705,-77.09671,data/raw/FRAME/3_0792.jpg,data/raw/MASK/3_0792_B0XX_0_Level4.jpg,data/raw/JSON/3_0792.json,3_0792_B0XX_0_Level4.jpg,4,4,Destruction,2,0,920,320,1279,519,360,200,0.052894965277777775,0.8759514332639288,0.5751363588705634,09 September 2019,"Marsh Harbor, Abaco, the bahamas",https://youtu.be/Ya5dP0xqLyw
3_0792_003,3,792,3_0792,B146,26.54688,-77.09659,data/raw/FRAME/3_0792.jpg,data/raw/MASK/3_0792_B0XX_1_Level3.jpg,data/raw/JSON/3_0792.json,3_0792_B0XX_1_Level3.jpg,3,3,Severe damage,2,0,824,192,1215,359,392,168,0.04129340277777778,0.8092411306692769,0.3784518574965548,09 September 2019,"Marsh Harbor, Abaco, the bahamas",https://youtu.be/Ya5dP0xqLyw
3_0792_004,3,792,3_0792,B142,26.54724,-77.0967,data/raw/FRAME/3_0792.jpg,data/raw/MASK/3_0792_B0XX_2_Level3.jpg,data/raw/JSON/3_0792.json,3_0792_B0XX_2_Level3.jpg,3,3,Severe damage,1,0,640,432,1087,631,448,200,0.06318901909722222,0.6653634653773504,0.7288092546483118,09 September 2019,"Marsh Harbor, Abaco, the bahamas",https://youtu.be/Ya5dP0xqLyw
3_0795_000,3,795,3_0795,B137,26.54741,-77.09659,data/raw/FRAME/3_0795.jpg,data/raw/MASK/3_0795_B0XX_0_Level1.jpg,data/raw/JSON/3_0795.json,3_0795_B0XX_0_Level1.jpg,1,1,Minor damage,1,2,0,424,575,719,576,296,0.12742838541666668,0.21892861153331972,0.7786354998665963,09 September 2019,"Marsh Harbor, Abaco, the bahamas",https://youtu.be/Ya5dP0xqLyw
3_0795_001,3,795,3_0795,B145,26.54706,-77.09621,data/raw/FRAME/3_0795.jpg,data/raw/MASK/3_0795_B0XX_0_Level3.jpg,data/raw/JSON/3_0795.json,3_0795_B0XX_0_Level3.jpg,3,3,Severe damage,2,2,0,192,823,503,824,312,0.11415473090277778,0.22316305071051756,0.42088600826956896,09 September 2019,"Marsh Harbor, Abaco, the bahamas",https://youtu.be/Ya5dP0xqLyw
3_0795_002,3,795,3_0795,B144,26.54705,-77.09671,data/raw/FRAME/3_0795.jpg,data/raw/MASK/3_0795_B0XX_0_Level4.jpg,data/raw/JSON/3_0795.json,3_0795_B0XX_0_Level4.jpg,4,4,Destruction,2,2,920,336,1279,519,360,184,0.04930881076388889,0.8752807603756354,0.574832604703817,09 September 2019,"Marsh Harbor, Abaco, the bahamas",https://youtu.be/Ya5dP0xqLyw
3_0795_003,3,795,3_0795,B142,26.54724,-77.0967,data/raw/FRAME/3_0795.jpg,data/raw/MASK/3_0795_B0XX_1_Level3.jpg,data/raw/JSON/3_0795.json,3_0795_B0XX_1_Level3.jpg,3,3,Severe damage,1,2,632,432,1087,631,456,200,0.0654806857638889,0.6655170436185726,0.7250588724837652,09 September 2019,"Marsh Harbor, Abaco, the bahamas",https://youtu.be/Ya5dP0xqLyw
3_0798_000,3,798,3_0798,B137,26.54741,-77.09659,data/raw/FRAME/3_0798.jpg,data/raw/MASK/3_0798_B0XX_0_Level1.jpg,data/raw/JSON/3_0798.json,3_0798_B0XX_0_Level1.jpg,1,1,Minor damage,1,0,0,424,559,719,560,296,0.1277756076388889,0.21368820881596157,0.7791963414611132,09 September 2019,"Marsh Harbor, Abaco, the bahamas",https://youtu.be/Ya5dP0xqLyw
3_0798_001,3,798,3_0798,B145,26.54706,-77.09621,data/raw/FRAME/3_0798.jpg,data/raw/MASK/3_0798_B0XX_0_Level3.jpg,data/raw/JSON/3_0798.json,3_0798_B0XX_0_Level3.jpg,3,3,Severe damage,2,0,0,176,839,503,840,328,0.114013671875,0.2324138041280038,0.42002252359425807,09 September 2019,"Marsh Harbor, Abaco, the bahamas",https://youtu.be/Ya5dP0xqLyw
3_0798_002,3,798,3_0798,B144,26.54705,-77.09671,data/raw/FRAME/3_0798.jpg,data/raw/MASK/3_0798_B0XX_0_Level4.jpg,data/raw/JSON/3_0798.json,3_0798_B0XX_0_Level4.jpg,4,4,Destruction,2,0,920,336,1279,519,360,184,0.048599175347222225,0.876063667976512,0.5731252527282245,09 September 2019,"Marsh Harbor, Abaco, the bahamas",https://youtu.be/Ya5dP0xqLyw
3_0798_003,3,798,3_0798,B146,26.54688,-77.09659,data/raw/FRAME/3_0798.jpg,data/raw/MASK/3_0798_B0XX_1_Level3.jpg,data/raw/JSON/3_0798.json,3_0798_B0XX_1_Level3.jpg,3,3,Severe damage,2,0,968,216,1215,359,248,144,0.026547309027777778,0.8518501121454263,0.4051870169032762,09 September 2019,"Marsh Harbor, Abaco, the bahamas",https://youtu.be/Ya5dP0xqLyw
3_0798_004,3,798,3_0798,B142,26.54724,-77.0967,data/raw/FRAME/3_0798.jpg,data/raw/MASK/3_0798_B0XX_2_Level3.jpg,data/raw/JSON/3_0798.json,3_0798_B0XX_2_Level3.jpg,3,3,Severe damage,1,0,632,424,1079,623,448,200,0.06642795138888889,0.6658693160935969,0.723235643762024,09 September 2019,"Marsh Harbor, Abaco, the bahamas",https://youtu.be/Ya5dP0xqLyw
3_0821_000,3,821,3_0821,B137,26.54741,-77.09659,data/raw/FRAME/3_0821.jpg,data/raw/MASK/3_0821_B0XX_0_Level1.jpg,data/raw/JSON/3_0821.json,3_0821_B0XX_0_Level1.jpg,1,1,Minor damage,1,0,0,384,271,607,272,224,0.05183051215277778,0.09038735554880985,0.6858228774863167,09 September 2019,"Marsh Harbor, Abaco, the bahamas",https://youtu.be/Ya5dP0xqLyw
3_0821_001,3,821,3_0821,B145,26.54706,-77.09621,data/raw/FRAME/3_0821.jpg,data/raw/MASK/3_0821_B0XX_0_Level3.jpg,data/raw/JSON/3_0821.json,3_0821_B0XX_0_Level3.jpg,3,3,Severe damage,2,0,72,184,743,327,672,144,0.08687608506944444,0.30948519367076754,0.34966946994455894,09 September 2019,"Marsh Harbor, Abaco, the bahamas",https://youtu.be/Ya5dP0xqLyw
3_0821_002,3,821,3_0821,B144,26.54705,-77.09671,data/raw/FRAME/3_0821.jpg,data/raw/MASK/3_0821_B0XX_0_Level4.jpg,data/raw/JSON/3_0821.json,3_0821_B0XX_0_Level4.jpg,4,4,Destruction,2,0,696,320,1087,519,392,200,0.05688259548611111,0.6981132893720313,0.5762940937713938,09 September 2019,"Marsh Harbor, Abaco, the bahamas",https://youtu.be/Ya5dP0xqLyw
3_0821_003,3,821,3_0821,B142,26.54724,-77.0967,data/raw/FRAME/3_0821.jpg,data/raw/MASK/3_0821_B0XX_1_Level3.jpg,data/raw/JSON/3_0821.json,3_0821_B0XX_1_Level3.jpg,3,3,Severe damage,1,0,336,408,767,591,432,184,0.0629079861111111,0.4254673269973782,0.6867284403124665,09 September 2019,"Marsh Harbor, Abaco, the bahamas",https://youtu.be/Ya5dP0xqLyw
3_0824_000,3,824,3_0824,B137,26.54741,-77.09659,data/raw/FRAME/3_0824.jpg,data/raw/MASK/3_0824_B0XX_0_Level2.jpg,data/raw/JSON/3_0824.json,3_0824_B0XX_0_Level2.jpg,2,2,Moderate damage,1,0,0,368,223,575,224,208,0.039052734375,0.07746941075546664,0.6526934202686474,09 September 2019,"Marsh Harbor, Abaco, the bahamas",https://youtu.be/Ya5dP0xqLyw
3_0824_001,3,824,3_0824,B145,26.54706,-77.09621,data/raw/FRAME/3_0824.jpg,data/raw/MASK/3_0824_B0XX_0_Level3.jpg,data/raw/JSON/3_0824.json,3_0824_B0XX_0_Level3.jpg,3,3,Severe damage,2,0,0,176,767,383,768,208,0.0701193576388889,0.24114389497771657,0.3406042704754831,09 September 2019,"Marsh Harbor, Abaco, the bahamas",https://youtu.be/Ya5dP0xqLyw
3_0824_002,3,824,3_0824,B144,26.54705,-77.09671,data/raw/FRAME/3_0824.jpg,data/raw/MASK/3_0824_B0XX_0_Level4.jpg,data/raw/JSON/3_0824.json,3_0824_B0XX_0_Level4.jpg,4,4,Destruction,2,0,680,328,1055,519,376,192,0.05211046006944445,0.6779870998178033,0.578773179478281,09 September 2019,"Marsh Harbor, Abaco, the bahamas",https://youtu.be/Ya5dP0xqLyw
3_0824_003,3,824,3_0824,B146,26.54688,-77.09659,data/raw/FRAME/3_0824.jpg,data/raw/MASK/3_0824_B0XX_1_Level3.jpg,data/raw/JSON/3_0824.json,3_0824_B0XX_1_Level3.jpg,3,3,Severe damage,2,0,760,192,1175,407,416,216,0.06384331597222222,0.7703932832523199,0.3984934622749471,09 September 2019,"Marsh Harbor, Abaco, the bahamas",https://youtu.be/Ya5dP0xqLyw
3_0824_004,3,824,3_0824,B142,26.54724,-77.0967,data/raw/FRAME/3_0824.jpg,data/raw/MASK/3_0824_B0XX_2_Level3.jpg,data/raw/JSON/3_0824.json,3_0824_B0XX_2_Level3.jpg,3,3,Severe damage,1,0,296,408,703,575,408,168,0.058680555555555555,0.3877247538369083,0.672339127218935,09 September 2019,"Marsh Harbor, Abaco, the bahamas",https://youtu.be/Ya5dP0xqLyw
3_0827_000,3,827,3_0827,B137,26.54741,-77.09659,data/raw/FRAME/3_0827.jpg,data/raw/MASK/3_0827_B0XX_0_Level2.jpg,data/raw/JSON/3_0827.json,3_0827_B0XX_0_Level2.jpg,2,2,Moderate damage,1,0,0,352,271,559,272,208,0.048911675347222225,0.09539858533731171,0.6264921381438674,09 September 2019,"Marsh Harbor, Abaco, the bahamas",https://youtu.be/Ya5dP0xqLyw
3_0827_001,3,827,3_0827,B145,26.54706,-77.09621,data/raw/FRAME/3_0827.jpg,data/raw/MASK/3_0827_B0XX_0_Level3.jpg,data/raw/JSON/3_0827.json,3_0827_B0XX_0_Level3.jpg,3,3,Severe damage,2,0,0,168,847,367,848,200,0.08830946180555556,0.27758523041432187,0.34151527904062123,09 September 2019,"Marsh Harbor, Abaco, the bahamas",https://youtu.be/Ya5dP0xqLyw
3_0827_002,3,827,3_0827,B144,26.54705,-77.09671,data/raw/FRAME/3_0827.jpg,data/raw/MASK/3_0827_B0XX_0_Level4.jpg,data/raw/JSON/3_0827.json,3_0827_B0XX_0_Level4.jpg,4,4,Destruction,2,0,720,328,1102,527,383,200,0.05597439236111111,0.7088015946671578,0.5837727021112532,09 September 2019,"Marsh Harbor, Abaco, the bahamas",https://youtu.be/Ya5dP0xqLyw
3_0827_003,3,827,3_0827,B142,26.54724,-77.0967,data/raw/FRAME/3_0827.jpg,data/raw/MASK/3_0827_B0XX_2_Level3.jpg,data/raw/JSON/3_0827.json,3_0827_B0XX_2_Level3.jpg,3,3,Severe damage,1,0,328,400,727,559,400,160,0.05673394097222222,0.412769954552844,0.6627866446084993,09 September 2019,"Marsh Harbor, Abaco, the bahamas",https://youtu.be/Ya5dP0xqLyw
3_0830_000,3,830,3_0830,B137,26.54741,-77.09659,data/raw/FRAME/3_0830.jpg,data/raw/MASK/3_0830_B0XX_0_Level2.jpg,data/raw/JSON/3_0830.json,3_0830_B0XX_0_Level2.jpg,2,2,Moderate damage,1,0,0,336,359,535,360,200,0.061640625,0.12511442050415433,0.6067763587679357,09 September 2019,"Marsh Harbor, Abaco, the bahamas",https://youtu.be/Ya5dP0xqLyw
3_0830_001,3,830,3_0830,B145,26.54706,-77.09621,data/raw/FRAME/3_0830.jpg,data/raw/MASK/3_0830_B0XX_0_Level3.jpg,data/raw/JSON/3_0830.json,3_0830_B0XX_0_Level3.jpg,3,3,Severe damage,2,0,0,168,1279,279,1280,112,0.08646158854166666,0.46551336624499584,0.3158963399414625,09 September 2019,"Marsh Harbor, Abaco, the bahamas",https://youtu.be/Ya5dP0xqLyw
3_0830_002,3,830,3_0830,B144,26.54705,-77.09671,data/raw/FRAME/3_0830.jpg,data/raw/MASK/3_0830_B0XX_0_Level4.jpg,data/raw/JSON/3_0830.json,3_0830_B0XX_0_Level4.jpg,4,4,Destruction,2,0,800,328,1175,535,376,208,0.05446831597222222,0.7720367967847325,0.5906776387726824,09 September 2019,"Marsh Harbor, Abaco, the bahamas",https://youtu.be/Ya5dP0xqLyw
3_0830_003,3,830,3_0830,B142,26.54724,-77.0967,data/raw/FRAME/3_0830.jpg,data/raw/MASK/3_0830_B0XX_1_Level3.jpg,data/raw/JSON/3_0830.json,3_0830_B0XX_1_Level3.jpg,3,3,Severe damage,1,0,392,400,791,543,400,144,0.055509982638888886,0.463338120381954,0.6554779908431829,09 September 2019,"Marsh Harbor, Abaco, the bahamas",https://youtu.be/Ya5dP0xqLyw
3_0853_000,3,853,3_0853,B145,26.54706,-77.09621,data/raw/FRAME/3_0853.jpg,data/raw/MASK/3_0853_B0XX_0_Level1.jpg,data/raw/JSON/3_0853.json,3_0853_B0XX_0_Level1.jpg,1,1,Minor damage,2,1,248,168,871,303,624,136,0.07246636284722222,0.4379940527438796,0.3257000074867111,09 September 2019,"Marsh Harbor, Abaco, the bahamas",https://youtu.be/Ya5dP0xqLyw
3_0853_001,3,853,3_0853,B142,26.54724,-77.0967,data/raw/FRAME/3_0853.jpg,data/raw/MASK/3_0853_B0XX_0_Level3.jpg,data/raw/JSON/3_0853.json,3_0853_B0XX_0_Level3.jpg,3,3,Severe damage,1,1,144,376,551,527,408,152,0.053141276041666664,0.27809426046452274,0.6290301457659804,09 September 2019,"Marsh Harbor, Abaco, the bahamas",https://youtu.be/Ya5dP0xqLyw
3_0853_002,3,853,3_0853,B144,26.54705,-77.09671,data/raw/FRAME/3_0853.jpg,data/raw/MASK/3_0853_B0XX_0_Level4.jpg,data/raw/JSON/3_0853.json,3_0853_B0XX_0_Level4.jpg,4,4,Destruction,2,1,600,344,951,535,352,192,0.05298394097222222,0.6062394244061028,0.589914954376863,09 September 2019,"Marsh Harbor, Abaco, the bahamas",https://youtu.be/Ya5dP0xqLyw
3_0853_003,3,853,3_0853,B138,26.54697,-77.09702,data/raw/FRAME/3_0853.jpg,data/raw/MASK/3_0853_B0XX_1_Level1.jpg,data/raw/JSON/3_0853.json,3_0853_B0XX_1_Level1.jpg,1,1,Minor damage,1,1,1120,368,1279,663,160,296,0.031184895833333334,0.952169232776618,0.666536863063481,09 September 2019,"Marsh Harbor, Abaco, the bahamas",https://youtu.be/Ya5dP0xqLyw
3_0856_000,3,856,3_0856,B137,26.54741,-77.09659,data/raw/FRAME/3_0856.jpg,data/raw/MASK/3_0856_B0XX_0_Level2.jpg,data/raw/JSON/3_0856.json,3_0856_B0XX_0_Level2.jpg,2,2,Moderate damage,1,1,0,328,119,479,120,152,0.014702690972222222,0.03856169280442805,0.5596178761787618,09 September 2019,"Marsh Harbor, Abaco, the bahamas",https://youtu.be/Ya5dP0xqLyw
3_0856_001,3,856,3_0856,B145,26.54706,-77.09621,data/raw/FRAME/3_0856.jpg,data/raw/MASK/3_0856_B0XX_0_Level3.jpg,data/raw/JSON/3_0856.json,3_0856_B0XX_0_Level3.jpg,3,3,Severe damage,2,1,0,160,839,351,840,192,0.07578233506944444,0.27588360302329573,0.3270462749515169,09 September 2019,"Marsh Harbor, Abaco, the bahamas",https://youtu.be/Ya5dP0xqLyw
3_0856_002,3,856,3_0856,B144,26.54705,-77.09671,data/raw/FRAME/3_0856.jpg,data/raw/MASK/3_0856_B0XX_0_Level4.jpg,data/raw/JSON/3_0856.json,3_0856_B0XX_0_Level4.jpg,4,4,Destruction,2,1,536,312,879,527,344,216,0.05335286458333333,0.5496371485407769,0.5832028619528619,09 September 2019,"Marsh Harbor, Abaco, the bahamas",https://youtu.be/Ya5dP0xqLyw
3_0856_003,3,856,3_0856,B138,26.54697,-77.09702,data/raw/FRAME/3_0856.jpg,data/raw/MASK/3_0856_B0XX_1_Level2.jpg,data/raw/JSON/3_0856.json,3_0856_B0XX_1_Level2.jpg,2,2,Moderate damage,1,1,1056,376,1279,719,224,344,0.05220594618055555,0.9131720344553447,0.699715340275324,09 September 2019,"Marsh Harbor, Abaco, the bahamas",https://youtu.be/Ya5dP0xqLyw
3_0856_004,3,856,3_0856,B147,26.54677,-77.09644,data/raw/FRAME/3_0856.jpg,data/raw/MASK/3_0856_B0XX_1_Level3.jpg,data/raw/JSON/3_0856.json,3_0856_B0XX_1_Level3.jpg,3,3,Severe damage,2,1,832,200,1247,447,416,248,0.07451497395833333,0.7987736378380149,0.4220208047154227,09 September 2019,"Marsh Harbor, Abaco, the bahamas",https://youtu.be/Ya5dP0xqLyw
3_0856_005,3,856,3_0856,B142,26.54724,-77.0967,data/raw/FRAME/3_0856.jpg,data/raw/MASK/3_0856_B0XX_2_Level3.jpg,data/raw/JSON/3_0856.json,3_0856_B0XX_2_Level3.jpg,3,3,Severe damage,1,1,80,376,487,519,408,144,0.05078559027777778,0.22686382307067773,0.6229177646260053,09 September 2019,"Marsh Harbor, Abaco, the bahamas",https://youtu.be/Ya5dP0xqLyw
3_0859_000,3,859,3_0859,B138,26.54697,-77.09702,data/raw/FRAME/3_0859.jpg,data/raw/MASK/3_0859_B0XX_0_Level2.jpg,data/raw/JSON/3_0859.json,3_0859_B0XX_0_Level2.jpg,2,2,Moderate damage,1,1,976,368,1279,719,304,352,0.06844075520833333,0.8645141324811731,0.6945069582067204,09 September 2019,"Marsh Harbor, Abaco, the bahamas",https://youtu.be/Ya5dP0xqLyw
3_0859_001,3,859,3_0859,B145,26.54706,-77.09621,data/raw/FRAME/3_0859.jpg,data/raw/MASK/3_0859_B0XX_0_Level3.jpg,data/raw/JSON/3_0859.json,3_0859_B0XX_0_Level3.jpg,3,3,Severe damage,2,1,0,160,799,367,800,208,0.0742697482638889,0.2577945572851988,0.32338110752358273,09 September 2019,"Marsh Harbor, Abaco, the bahamas",https://youtu.be/Ya5dP0xqLyw
3_0859_002,3,859,3_0859,B144,26.54705,-77.09671,data/raw/FRAME/3_0859.jpg,data/raw/MASK/3_0859_B0XX_0_Level4.jpg,data/raw/JSON/3_0859.json,3_0859_B0XX_0_Level4.jpg,4,4,Destruction,2,1,456,312,807,519,352,208,0.053975694444444444,0.4879153924342634,0.5775860461116472,09 September 2019,"Marsh Harbor, Abaco, the bahamas",https://youtu.be/Ya5dP0xqLyw
3_0859_003,3,859,3_0859,B147,26.54677,-77.09644,data/raw/FRAME/3_0859.jpg,data/raw/MASK/3_0859_B0XX_1_Level3.jpg,data/raw/JSON/3_0859.json,3_0859_B0XX_1_Level3.jpg,3,3,Severe damage,2,1,784,200,1199,431,416,232,0.07104275173611112,0.759115887942358,0.4197765575971095,09 September 2019,"Marsh Harbor, Abaco, the bahamas",https://youtu.be/Ya5dP0xqLyw
3_0859_004,3,859,3_0859,B142,26.54724,-77.0967,data/raw/FRAME/3_0859.jpg,data/raw/MASK/3_0859_B0XX_2_Level3.jpg,data/raw/JSON/3_0859.json,3_0859_B0XX_2_Level3.jpg,3,3,Severe damage,1,1,8,368,407,519,400,152,0.050009765625,0.16473450145370913,0.617189688549449,09 September 2019,"Marsh Harbor, Abaco, the bahamas",https://youtu.be/Ya5dP0xqLyw
3_0862_000,3,862,3_0862,B144,26.54705,-77.09671,data/raw/FRAME/3_0862.jpg,data/raw/MASK/3_0862_B0XX_0_Level3.jpg,data/raw/JSON/3_0862.json,3_0862_B0XX_0_Level3.jpg,3,3,Severe damage,2,1,0,160,1279,599,1280,440,0.23491644965277778,0.5733471452235345,0.44499039256532363,09 September 2019,"Marsh Harbor, Abaco, the bahamas",https://youtu.be/Ya5dP0xqLyw
3_0862_001,3,862,3_0862,B144,26.54705,-77.09671,data/raw/FRAME/3_0862.jpg,data/raw/MASK/3_0862_B0XX_0_Level4.jpg,data/raw/JSON/3_0862.json,3_0862_B0XX_0_Level4.jpg,4,4,Destruction,2,1,368,312,727,519,360,208,0.05490017361111111,0.42645101638469446,0.5749142169780659,09 September 2019,"Marsh Harbor, Abaco, the bahamas",https://youtu.be/Ya5dP0xqLyw
3_0862_002,3,862,3_0862,B142,26.54724,-77.0967,data/raw/FRAME/3_0862.jpg,data/raw/MASK/3_0862_B0XX_3_Level3.jpg,data/raw/JSON/3_0862.json,3_0862_B0XX_3_Level3.jpg,3,3,Severe damage,1,1,0,368,335,511,336,144,0.043373480902777775,0.12116426634853525,0.6111368229110206,09 September 2019,"Marsh Harbor, Abaco, the bahamas",https://youtu.be/Ya5dP0xqLyw
3_0885_000,3,885,3_0885,B137,26.54741,-77.09659,data/raw/FRAME/3_0885.jpg,data/raw/MASK/3_0885_B0XX_0_Level2.jpg,data/raw/JSON/3_0885.json,3_0885_B0XX_0_Level2.jpg,2,2,Moderate damage,1,1,8,240,199,391,192,152,0.014939236111111111,0.0799565228246659,0.4239095083607722,09 September 2019,"Marsh Harbor, Abaco, the bahamas",https://youtu.be/Ya5dP0xqLyw
3_0885_001,3,885,3_0885,B143,26.54735,-77.09634,data/raw/FRAME/3_0885.jpg,data/raw/MASK/3_0885_B0XX_0_Level3.jpg,data/raw/JSON/3_0885.json,3_0885_B0XX_0_Level3.jpg,3,3,Severe damage,2,1,56,152,471,311,416,160,0.04488715277777778,0.21409938312826338,0.31231379864199915,09 September 2019,"Marsh Harbor, Abaco, the bahamas",https://youtu.be/Ya5dP0xqLyw
3_0885_002,3,885,3_0885,B144,26.54705,-77.09671,data/raw/FRAME/3_0885.jpg,data/raw/MASK/3_0885_B0XX_0_Level4.jpg,data/raw/JSON/3_0885.json,3_0885_B0XX_0_Level4.jpg,4,4,Destruction,2,1,440,280,799,471,360,192,0.053796657986111114,0.4757083077008411,0.5261706905477453,09 September 2019,"Marsh Harbor, Abaco, the bahamas",https://youtu.be/Ya5dP0xqLyw
3_0885_003,3,885,3_0885,B137,26.54741,-77.09659,data/raw/FRAME/3_0885.jpg,data/raw/MASK/3_0885_B0XX_1_Level3.jpg,data/raw/JSON/3_0885.json,3_0885_B0XX_1_Level3.jpg,3,3,Severe damage,1,1,0,248,63,399,64,152,0.00836154513888889,0.020915621755774723,0.446219215906797,09 September 2019,"Marsh Harbor, Abaco, the bahamas",https://youtu.be/Ya5dP0xqLyw
3_0885_004,3,885,3_0885,B142,26.54724,-77.0967,data/raw/FRAME/3_0885.jpg,data/raw/MASK/3_0885_B0XX_2_Level3.jpg,data/raw/JSON/3_0885.json,3_0885_B0XX_2_Level3.jpg,3,3,Severe damage,1,1,96,312,423,439,328,128,0.03353515625,0.20292135831230182,0.5193767661079833,09 September 2019,"Marsh Harbor, Abaco, the bahamas",https://youtu.be/Ya5dP0xqLyw
3_0885_005,3,885,3_0885,B138,26.54697,-77.09702,data/raw/FRAME/3_0885.jpg,data/raw/MASK/3_0885_B0XX_3_Level3.jpg,data/raw/JSON/3_0885.json,3_0885_B0XX_3_Level3.jpg,3,3,Severe damage,1,1,368,376,1135,719,768,344,0.1636349826388889,0.6387883584704853,0.7979345980929141,09 September 2019,"Marsh Harbor, Abaco, the bahamas",https://youtu.be/Ya5dP0xqLyw
3_0888_000,3,888,3_0888,B147,26.54677,-77.09644,data/raw/FRAME/3_0888.jpg,data/raw/MASK/3_0888_B0XX_0_Level2.jpg,data/raw/JSON/3_0888.json,3_0888_B0XX_0_Level2.jpg,2,2,Moderate damage,2,1,1016,216,1279,367,264,152,0.027649739583333333,0.9186033278392591,0.39066955759621175,09 September 2019,"Marsh Harbor, Abaco, the bahamas",https://youtu.be/Ya5dP0xqLyw
3_0888_001,3,888,3_0888,B145,26.54706,-77.09621,data/raw/FRAME/3_0888.jpg,data/raw/MASK/3_0888_B0XX_0_Level3.jpg,data/raw/JSON/3_0888.json,3_0888_B0XX_0_Level3.jpg,3,3,Severe damage,2,1,112,144,1071,295,960,152,0.08876736111111111,0.44695125514925194,0.3008366982582524,09 September 2019,"Marsh Harbor, Abaco, the bahamas",https://youtu.be/Ya5dP0xqLyw
3_0888_002,3,888,3_0888,B144,26.54705,-77.09671,data/raw/FRAME/3_0888.jpg,data/raw/MASK/3_0888_B0XX_0_Level4.jpg,data/raw/JSON/3_0888.json,3_0888_B0XX_0_Level4.jpg,4,4,Destruction,2,1,456,288,815,479,360,192,0.05251844618055555,0.48983061106692005,0.5364655287195627,09 September 2019,"Marsh Harbor, Abaco, the bahamas",https://youtu.be/Ya5dP0xqLyw
3_0888_003,3,888,3_0888,B137,26.54741,-77.09659,data/raw/FRAME/3_0888.jpg,data/raw/MASK/3_0888_B0XX_1_Level2.jpg,data/raw/JSON/3_0888.json,3_0888_B0XX_1_Level2.jpg,2,2,Moderate damage,1,1,0,232,239,383,240,152,0.02576931423611111,0.07217951940081688,0.42118948868022515,09 September 2019,"Marsh Harbor, Abaco, the bahamas",https://youtu.be/Ya5dP0xqLyw
3_0888_004,3,888,3_0888,B142,26.54724,-77.0967,data/raw/FRAME/3_0888.jpg,data/raw/MASK/3_0888_B0XX_1_Level3.jpg,data/raw/JSON/3_0888.json,3_0888_B0XX_1_Level3.jpg,3,3,Severe damage,1,1,120,304,439,447,320,144,0.032822265625,0.2193493483255645,0.5182590517225546,09 September 2019,"Marsh Harbor, Abaco, the bahamas",https://youtu.be/Ya5dP0xqLyw
3_0888_005,3,888,3_0888,B146,26.54688,-77.09659,data/raw/FRAME/3_0888.jpg,data/raw/MASK/3_0888_B0XX_2_Level2.jpg,data/raw/JSON/3_0888.json,3_0888_B0XX_2_Level2.jpg,2,2,Moderate damage,2,1,840,280,1143,415,304,136,0.03314019097222222,0.7797453864760002,0.48065109794163224,09 September 2019,"Marsh Harbor, Abaco, the bahamas",https://youtu.be/Ya5dP0xqLyw
3_0888_006,3,888,3_0888,B138,26.54697,-77.09702,data/raw/FRAME/3_0888.jpg,data/raw/MASK/3_0888_B0XX_2_Level3.jpg,data/raw/JSON/3_0888.json,3_0888_B0XX_2_Level3.jpg,3,3,Severe damage,1,1,312,384,1151,719,840,336,0.1704079861111111,0.6354417717831491,0.8056969224554135,09 September 2019,"Marsh Harbor, Abaco, the bahamas",https://youtu.be/Ya5dP0xqLyw
3_0891_000,3,891,3_0891,B137,26.54741,-77.09659,data/raw/FRAME/3_0891.jpg,data/raw/MASK/3_0891_B0XX_0_Level2.jpg,data/raw/JSON/3_0891.json,3_0891_B0XX_0_Level2.jpg,2,2,Moderate damage,1,1,0,232,263,383,264,152,0.029045138888888888,0.08879060351912732,0.41819896891811115,09 September 2019,"Marsh Harbor, Abaco, the bahamas",https://youtu.be/Ya5dP0xqLyw
3_0891_001,3,891,3_0891,B145,26.54706,-77.09621,data/raw/FRAME/3_0891.jpg,data/raw/MASK/3_0891_B0XX_0_Level3.jpg,data/raw/JSON/3_0891.json,3_0891_B0XX_0_Level3.jpg,3,3,Severe damage,2,1,152,144,1207,439,1056,296,0.13389431423611112,0.5923560236472524,0.3679587699322782,09 September 2019,"Marsh Harbor, Abaco, the bahamas",https://youtu.be/Ya5dP0xqLyw
3_0891_002,3,891,3_0891,B138,26.54697,-77.09702,data/raw/FRAME/3_0891.jpg,data/raw/MASK/3_0891_B0XX_1_Level2.jpg,data/raw/JSON/3_0891.json,3_0891_B0XX_1_Level2.jpg,2,2,Moderate damage,1,1,280,400,1183,719,904,320,0.17815646701388888,0.6300767712818763,0.8193782943910846,09 September 2019,"Marsh Harbor, Abaco, the bahamas",https://youtu.be/Ya5dP0xqLyw
3_0891_003,3,891,3_0891,B142,26.54724,-77.0967,data/raw/FRAME/3_0891.jpg,data/raw/MASK/3_0891_B0XX_1_Level3.jpg,data/raw/JSON/3_0891.json,3_0891_B0XX_1_Level3.jpg,3,3,Severe damage,1,1,136,312,447,447,312,136,0.03212456597222222,0.23166529799702765,0.5253364089111067,09 September 2019,"Marsh Harbor, Abaco, the bahamas",https://youtu.be/Ya5dP0xqLyw
3_0891_004,3,891,3_0891,B144,26.54705,-77.09671,data/raw/FRAME/3_0891.jpg,data/raw/MASK/3_0891_B0XX_2_Level4.jpg,data/raw/JSON/3_0891.json,3_0891_B0XX_2_Level4.jpg,4,4,Destruction,2,1,464,288,838,495,375,208,0.05900173611111111,0.49662401323653815,0.5508987829598025,09 September 2019,"Marsh Harbor, Abaco, the bahamas",https://youtu.be/Ya5dP0xqLyw
3_0894_000,3,894,3_0894,B137,26.54741,-77.09659,data/raw/FRAME/3_0894.jpg,data/raw/MASK/3_0894_B0XX_0_Level2.jpg,data/raw/JSON/3_0894.json,3_0894_B0XX_0_Level2.jpg,2,2,Moderate damage,1,1,0,232,287,383,288,152,0.02997395833333333,0.10029152639009557,0.41682489260546385,09 September 2019,"Marsh Harbor, Abaco, the bahamas",https://youtu.be/Ya5dP0xqLyw
3_0894_001,3,894,3_0894,B145,26.54706,-77.09621,data/raw/FRAME/3_0894.jpg,data/raw/MASK/3_0894_B0XX_0_Level3.jpg,data/raw/JSON/3_0894.json,3_0894_B0XX_0_Level3.jpg,3,3,Severe damage,2,1,200,144,1255,719,1056,576,0.315966796875,0.626653721625543,0.6287298507491162,09 September 2019,"Marsh Harbor, Abaco, the bahamas",https://youtu.be/Ya5dP0xqLyw
3_0894_002,3,894,3_0894,B144,26.54705,-77.09671,data/raw/FRAME/3_0894.jpg,data/raw/MASK/3_0894_B0XX_0_Level4.jpg,data/raw/JSON/3_0894.json,3_0894_B0XX_0_Level4.jpg,4,4,Destruction,2,1,456,296,855,503,400,208,0.06329535590277778,0.5026899975142716,0.5692918245247115,09 September 2019,"Marsh Harbor, Abaco, the bahamas",https://youtu.be/Ya5dP0xqLyw
3_0894_003,3,894,3_0894,B142,26.54724,-77.0967,data/raw/FRAME/3_0894.jpg,data/raw/MASK/3_0894_B0XX_1_Level3.jpg,data/raw/JSON/3_0894.json,3_0894_B0XX_1_Level3.jpg,3,3,Severe damage,1,1,152,312,463,463,312,152,0.034198133680555555,0.2402732553066599,0.5343594109704463,09 September 2019,"Marsh Harbor, Abaco, the bahamas",https://youtu.be/Ya5dP0xqLyw
